C2DB-5-4_M4.66-X4-T2_W4.66-N4-N2.POSCAR,560.3259598
C2DB-3-2_M3-X2-T2_Ti3-B2-(F1O1)2.POSCAR,157.584017
C2DB-3-2_M3-X2-T2_Zr3-B2-(F1O1)2.POSCAR,174.0584312
C2DB-3-2_M3-X2-T2_Ti3-B2-(F1S1)2.POSCAR,90.14036356
C2DB-3-2_M3-X2-T2_V3-B2-(F1S1)2.POSCAR,135.5039146
C2DB-3-2_M3-X2-T2_Ti3-B2-(F1Se1)2-2.POSCAR,45.74856178
C2DB-3-2_M3-X2-T2_V3-B2-(F1Se1)2.POSCAR,118.7689817
C2DB-3-2_M3-X2-T2_Zr3-B2-(F1Se1)2.POSCAR,102.4205062
C2DB-3-2_M3-X2-T2_Ti3-B2-(H1O1)2.POSCAR,141.9415664
C2DB-3-2_M3-X2-T2_V3-B2-(H1O1)2.POSCAR,123.8816138
C2DB-3-2_M3-X2-T2_Ti3-B2-(H1S1)2.POSCAR,102.6952549
C2DB-3-2_M3-X2-T2_V3-B2-(H1S1)2.POSCAR,133.3581301
C2DB-3-2_M3-X2-T2_Zr3-B2-(H1S1)2.POSCAR,107.7580665
C2DB-3-2_M3-X2-T2_Ti3-B2-(H1Se1)2.POSCAR,108.7964356
C2DB-3-2_M3-X2-T2_V3-B2-(H1Se1)2.POSCAR,125.2299566
C2DB-3-2_M3-X2-T2_Zr3-B2-(H1Se1)2.POSCAR,84.82779401
C2DB-3-2_M3-X2-T2_Zr3-C2-(F1S1)2.POSCAR,147.5136566
C2DB-3-2_M3-X2-T2_V3-C2-(F1Se1)2.POSCAR,148.4512326
C2DB-3-2_M3-X2-T2_Zr3-C2-(F1Se1)2.POSCAR,142.57054
C2DB-3-2_M3-X2-T2_Hf3-C2-(H1O1)2.POSCAR,200.355
C2DB-3-2_M3-X2-T2_Mo3-C2-(H1O1)2.POSCAR,209.474
C2DB-3-2_M3-X2-T2_Sc3-C2-(H1O1)2.POSCAR,130.177
C2DB-3-2_M3-X2-T2_Ta3-C2-(H1O1)2.POSCAR,121.87
C2DB-3-2_M3-X2-T2_Ti3-C2-(H1O1)2.POSCAR,191.1463001
C2DB-3-2_M3-X2-T2_V3-C2-(H1O1)2.POSCAR,178.074
C2DB-3-2_M3-X2-T2_W3-C2-(H1O1)2.POSCAR,279.37
C2DB-3-2_M3-X2-T2_Y3-C2-(H1O1)2.POSCAR,58.401
C2DB-3-2_M3-X2-T2_Zr3-C2-(H1O1)2.POSCAR,184.896
C2DB-3-2_M3-X2-T2_Ti3-C2-(H1S1)2-1.POSCAR,163.9204552
C2DB-3-2_M3-X2-T2_V3-C2-(H1S1)2.POSCAR,141.9888915
C2DB-3-2_M3-X2-T2_Zr3-C2-(H1S1)2.POSCAR,151.2787518
C2DB-3-2_M3-X2-T2_V3-C2-(H1Se1)2.POSCAR,157.6207426
C2DB-3-2_M3-X2-T2_Zr3-C2-(H1Se1)2.POSCAR,154.3130513
C2DB-3-2_M3-X2-T2_Hf3-N2-(H1O1)2.POSCAR,150.117
C2DB-3-2_M3-X2-T2_Mo3-N2-(H1O1)2.POSCAR,274.047
C2DB-3-2_M3-X2-T2_Nb3-N2-(H1O1)2.POSCAR,250.36
C2DB-3-2_M3-X2-T2_Sc3-N2-(H1O1)2.POSCAR,177.155
C2DB-3-2_M3-X2-T2_Ta3-N2-(H1O1)2.POSCAR,294.0605
C2DB-3-2_M3-X2-T2_W3-N2-(H1O1)2.POSCAR,364.0165
C2DB-3-2_M3-X2-T2_Y3-N2-(H1O1)2.POSCAR,146.319
C2DB-3-2_M3-X2-T2_Zr3-N2-(H1O1)2.POSCAR,160.9955
C2DB-3-2_M3-X2-T2_Ti3-N2-(H1S1)2-2.POSCAR,165.7158286
C2DB-3-2_M3-X2-T2_V3-N2-(H1S1)2.POSCAR,135.4732097
C2DB-3-2_M3-X2-T2_Zr3-N2-(H1S1)2.POSCAR,159.9610654
C2DB-3-2_M3-X2-T2_Ti3-N2-(H1Se1)2-1.POSCAR,146.5440304
C2DB-3-2_M3-X2-T2_Zr3-N2-(H1Se1)2.POSCAR,149.9858995
C2DB-3-2_M3-X2-T2_Ta3-B2-Cl2.POSCAR,132.0302567
C2DB-3-2_M3-X2-T2_Zr3-B2-Cl2.POSCAR,133.1394673
C2DB-3-2_M3-X2-T2_Ta3-B2-S2.POSCAR,189.8887117
C2DB-3-2_M3-X2-T2_Hf3-C2-Cl2.POSCAR,185.2278314
C2DB-3-2_M3-X2-T2_Ti3-C2-Cl2.POSCAR,187.0308852
C2DB-3-2_M3-X2-T2_Y3-C2-Cl2.POSCAR,105.8410356
C2DB-3-2_M3-X2-T2_Zr3-C2-Cl2.POSCAR,170.3624392
C2DB-3-2_M3-X2-T2_Cr3-C2-F2.POSCAR,139.298
C2DB-3-2_M3-X2-T2_Hf3-C2-F2.POSCAR,194.07
C2DB-3-2_M3-X2-T2_Mn3-C2-F2.POSCAR,150.071
C2DB-3-2_M3-X2-T2_Mo3-C2-F2.POSCAR,225.39
C2DB-3-2_M3-X2-T2_Sc3-C2-F2.POSCAR,-169.393
C2DB-3-2_M3-X2-T2_Ta3-C2-F2.POSCAR,110.0045
C2DB-3-2_M3-X2-T2_Ti3-C2-F2.POSCAR,190.4215
C2DB-3-2_M3-X2-T2_V3-C2-F2.POSCAR,178.7385
C2DB-3-2_M3-X2-T2_W3-C2-F2.POSCAR,217.8865
C2DB-3-2_M3-X2-T2_Y3-C2-F2.POSCAR,112.476
C2DB-3-2_M3-X2-T2_Zr3-C2-F2.POSCAR,180.126
C2DB-3-2_M3-X2-T2_Hf3-C2-H2.POSCAR,194.9145457
C2DB-3-2_M3-X2-T2_Ti3-C2-H2.POSCAR,188.8459208
C2DB-3-2_M3-X2-T2_Zr3-C2-H2.POSCAR,181.2448
C2DB-3-2_M3-X2-T2_Cr3-C2-O2.POSCAR,210.421
C2DB-3-2_M3-X2-T2_Hf3-C2-O2.POSCAR,251.33
C2DB-3-2_M3-X2-T2_Mn3-C2-O2.POSCAR,196.044
C2DB-3-2_M3-X2-T2_Nb3-C2-O2.POSCAR,224.156
C2DB-3-2_M3-X2-T2_Sc3-C2-O2.POSCAR,167.5685
C2DB-3-2_M3-X2-T2_Ta3-C2-O2.POSCAR,237.287
C2DB-3-2_M3-X2-T2_Ti3-C2-O2.POSCAR,235.5845
C2DB-3-2_M3-X2-T2_V3-C2-O2.POSCAR,210.132
C2DB-3-2_M3-X2-T2_W3-C2-O2.POSCAR,240.2205
C2DB-3-2_M3-X2-T2_Y3-C2-O2.POSCAR,151.477
C2DB-3-2_M3-X2-T2_Zr3-C2-O2.POSCAR,238.656
C2DB-3-2_M3-X2-T2_Nb3-C2-S2.POSCAR,179.1016526
C2DB-3-2_M3-X2-T2_V3-C2-S2.POSCAR,186.9571711
C2DB-3-2_M3-X2-T2_Hf3-N2-Cl2.POSCAR,164.0620964
C2DB-3-2_M3-X2-T2_Sc3-N2-Cl2.POSCAR,161.9288768
C2DB-3-2_M3-X2-T2_Ti3-N2-Cl2.POSCAR,101.5789016
C2DB-3-2_M3-X2-T2_Y3-N2-Cl2.POSCAR,131.8833112
C2DB-3-2_M3-X2-T2_Hf3-N2-F2.POSCAR,151.896
C2DB-3-2_M3-X2-T2_Mo3-N2-F2.POSCAR,238.4185
C2DB-3-2_M3-X2-T2_Nb3-N2-F2.POSCAR,254.357
C2DB-3-2_M3-X2-T2_Sc3-N2-F2.POSCAR,174.8235
C2DB-3-2_M3-X2-T2_Ta3-N2-F2.POSCAR,301.1345
C2DB-3-2_M3-X2-T2_Ti3-N2-F2.POSCAR,155.274
C2DB-3-2_M3-X2-T2_V3-N2-F2.POSCAR,162.1935
C2DB-3-2_M3-X2-T2_W3-N2-F2.POSCAR,328.445
C2DB-3-2_M3-X2-T2_Y3-N2-F2.POSCAR,146.5965
C2DB-3-2_M3-X2-T2_Zr3-N2-F2.POSCAR,149.4885
C2DB-3-2_M3-X2-T2_Ti3-N2-H2.POSCAR,178.1851647
C2DB-3-2_M3-X2-T2_Hf3-N2-O2.POSCAR,258.498
C2DB-3-2_M3-X2-T2_Mo3-N2-O2.POSCAR,224.979
C2DB-3-2_M3-X2-T2_Nb3-N2-O2.POSCAR,198.219
C2DB-3-2_M3-X2-T2_Sc3-N2-O2.POSCAR,186.571
C2DB-3-2_M3-X2-T2_Ta3-N2-O2.POSCAR,136.399
C2DB-3-2_M3-X2-T2_Ti3-N2-O2.POSCAR,255.6885
C2DB-3-2_M3-X2-T2_V3-N2-O2.POSCAR,224.402
C2DB-3-2_M3-X2-T2_W3-N2-O2.POSCAR,340.8415
C2DB-3-2_M3-X2-T2_Y3-N2-O2.POSCAR,160.678
C2DB-3-2_M3-X2-T2_Zr3-N2-O2.POSCAR,252.0375
C2DB-3-2_M3-X2-T2_Hf3-N2-S2.POSCAR,199.2682538
C2DB-3-2_M3-X2-T2_Ti3-N2-S2.POSCAR,203.7953145
C2DB-3-2_M3-X2-T2_Zr3-N2-S2.POSCAR,188.9896753
C2DB-4-3_M4-X3-T2_Cr4-C3-(H1O1)2.POSCAR,234.28
C2DB-4-3_M4-X3-T2_Hf4-C3-(H1O1)2.POSCAR,263.447
C2DB-4-3_M4-X3-T2_Mn4-C3-(H1O1)2.POSCAR,200.424
C2DB-4-3_M4-X3-T2_Mo4-C3-(H1O1)2.POSCAR,254.9315
C2DB-4-3_M4-X3-T2_Nb4-C3-(H1O1)2.POSCAR,280.3165
C2DB-4-3_M4-X3-T2_Sc4-C3-(H1O1)2.POSCAR,172.1235
C2DB-4-3_M4-X3-T2_Ta4-C3-(H1O1)2.POSCAR,274.582
C2DB-4-3_M4-X3-T2_Ti4-C3-(H1O1)2.POSCAR,260.3705
C2DB-4-3_M4-X3-T2_V4-C3-(H1O1)2.POSCAR,286.3625
C2DB-4-3_M4-X3-T2_W4-C3-(H1O1)2.POSCAR,250.6885
C2DB-4-3_M4-X3-T2_Y4-C3-(H1O1)2.POSCAR,154.94
C2DB-4-3_M4-X3-T2_Zr4-C3-(H1O1)2.POSCAR,251.577
C2DB-4-3_M4-X3-T2_Cr4-N3-(H1O1)2.POSCAR,245.013
C2DB-4-3_M4-X3-T2_Hf4-N3-(H1O1)2.POSCAR,156.6565
C2DB-4-3_M4-X3-T2_Mn4-N3-(H1O1)2.POSCAR,211.067
C2DB-4-3_M4-X3-T2_Mo4-N3-(H1O1)2.POSCAR,320.7395
C2DB-4-3_M4-X3-T2_Nb4-N3-(H1O1)2-1.POSCAR,242.696
C2DB-4-3_M4-X3-T2_Sc4-N3-(H1O1)2.POSCAR,237.8755
C2DB-4-3_M4-X3-T2_Ta4-N3-(H1O1)2.POSCAR,200.8125
C2DB-4-3_M4-X3-T2_Ti4-N3-(H1O1)2.POSCAR,256.5025
C2DB-4-3_M4-X3-T2_V4-N3-(H1O1)2.POSCAR,253.277
C2DB-4-3_M4-X3-T2_W4-N3-(H1O1)2.POSCAR,297.174
C2DB-4-3_M4-X3-T2_Y4-N3-(H1O1)2.POSCAR,199.9805
C2DB-4-3_M4-X3-T2_Zr4-N3-(H1O1)2.POSCAR,172.0085
C2DB-4-3_M4-X3-T2_Ti4-N3-(H1S1)2.POSCAR,225.7700701
C2DB-4-3_M2M2-X3-T2_Al2Mg2-S3-S2.POSCAR,109.491763
C2DB-4-3_M2M2-X3-T2_Al2Mg2-Se3-Se2.POSCAR,91.7022582
C2DB-4-3_M2M2-X3-T2_Al2Mg2-Te3-Te2.POSCAR,72.16448373
C2DB-4-3_M2M2-X3-T2_Al2Ni2-S3-S2-1.POSCAR,113.3605953
C2DB-4-3_M2M2-X3-T2_Al2Ni2-S3-S2-2.POSCAR,116.1827697
C2DB-4-3_M2M2-X3-T2_Al2Ni2-Se3-Se2-1.POSCAR,95.56401024
C2DB-4-3_M2M2-X3-T2_Al2Ni2-Se3-Se2-2.POSCAR,96.89807384
C2DB-4-3_M2M2-X3-T2_Al2Ni2-Se3-Se2-3.POSCAR,77.36634207
C2DB-4-3_M2M2-X3-T2_Co2Ga2-S3-S2-1.POSCAR,120.8267143
C2DB-4-3_M2M2-X3-T2_Co2Ga2-S3-S2-2.POSCAR,118.6805214
C2DB-4-3_M2M2-X3-T2_Co2Ga2-Se3-Se2-2.POSCAR,94.65569128
C2DB-4-3_M2M2-X3-T2_Co2Ga2-Te3-Te2-1.POSCAR,91.73207725
C2DB-4-3_M2M2-X3-T2_Ga2Mg2-S3-S2.POSCAR,105.4641917
C2DB-4-3_M2M2-X3-T2_Ga2Mg2-Se3-Se2.POSCAR,88.04629423
C2DB-4-3_M2M2-X3-T2_Ga2Mg2-Te3-Te2.POSCAR,69.49899248
C2DB-4-3_M2M2-X3-T2_Ga2Ni2-O3-O2-1.POSCAR,179.9921733
C2DB-4-3_M2M2-X3-T2_Ga2Ni2-O3-O2-2.POSCAR,179.1555108
C2DB-4-3_M2M2-X3-T2_Ga2Ni2-S3-S2-1.POSCAR,100.8622494
C2DB-4-3_M2M2-X3-T2_Ga2Ni2-S3-S2-2.POSCAR,115.8036597
C2DB-4-3_M2M2-X3-T2_Ga2Ni2-S3-S2-3.POSCAR,116.3055099
C2DB-4-3_M2M2-X3-T2_Ga2Ni2-Se3-Se2-2.POSCAR,80.62680139
C2DB-4-3_M2M2-X3-T2_Ga2Ni2-Se3-Se2-3.POSCAR,98.22258878
C2DB-4-3_M2M2-X3-T2_Ga2Ni2-Te3-Te2-2.POSCAR,75.18079145
C2DB-4-3_M2M2-X3-T2_Ga2Ni2-Te3-Te2-3.POSCAR,83.16085655
C2DB-4-3_M2M2-X3-T2_In2Mg2-S3-S2.POSCAR,88.32120288
C2DB-4-3_M2M2-X3-T2_In2Mg2-Se3-Se2.POSCAR,74.94484547
C2DB-4-3_M2M2-X3-T2_In2Ni2-Se3-Se2-1.POSCAR,85.42912401
C2DB-4-3_M2M2-X3-T2_In2Ni2-Se3-Se2-3.POSCAR,82.43466043
C2DB-4-3_M2M2-X3-T2_In2Ni2-Te3-Te2-1.POSCAR,70.17857882
C2DB-4-3_M2M2-X3-T2_In2Ni2-Te3-Te2-2.POSCAR,72.58482948
C2DB-4-3_M2M2-X3-T2_In2Ni2-Te3-Te2-3.POSCAR,68.00540712
C2DB-4-3_M2M2-X3-T2_In2Zn2-S3-S2.POSCAR,82.37101448
C2DB-2-1_M2-X1-T2_Al2-S1-S2.POSCAR,85.97385798
C2DB-2-1_M2-X1-T2_Al2-S1-S2-2.POSCAR,87.90277603
C2DB-2-1_M2-X1-T2_Al2-Se1-Se2.POSCAR,73.81664378
C2DB-2-1_M2-X1-T2_Al2-Se1-Se2-2.POSCAR,50.4521366
C2DB-2-1_M2-X1-T2_Al2-Te1-Te2.POSCAR,44.69238538
C2DB-2-1_M2-X1-T2_As2-S1-S2.POSCAR,64.04883418
C2DB-2-1_M2-X1-T2_As2-Se1-Se2.POSCAR,54.83742978
C2DB-2-1_M2-X1-T2_As2-Te1-Te2.POSCAR,44.39868177
C2DB-2-1_M2-X1-T2_Bi2-S1-S2.POSCAR,44.80348478
C2DB-2-1_M2-X1-T2_Bi2-Se1-Se2.POSCAR,38.36167543
C2DB-2-1_M2-X1-T2_Bi2-Te1-Te2.POSCAR,31.8897613
C2DB-3-2_M3-X2-none_Cr3-C2-none.POSCAR,66.642
C2DB-3-2_M3-X2-none_Hf3-C2-none.POSCAR,157.3875
C2DB-3-2_M3-X2-none_Mn3-C2-none.POSCAR,114.18
C2DB-3-2_M3-X2-none_Mo3-C2-none.POSCAR,198.552
C2DB-3-2_M3-X2-none_Nb3-C2-none.POSCAR,170.5365
C2DB-3-2_M3-X2-none_Sc3-C2-none.POSCAR,100.5635
C2DB-3-2_M3-X2-none_Ta3-C2-none.POSCAR,182.499
C2DB-3-2_M3-X2-none_Ti3-C2-none.POSCAR,150.323
C2DB-3-2_M3-X2-none_V3-C2-none.POSCAR,169.3255
C2DB-3-2_M3-X2-none_W3-C2-none.POSCAR,280.4255
C2DB-3-2_M3-X2-none_Y3-C2-none.POSCAR,86.1565
C2DB-3-2_M3-X2-none_Zr3-C2-none.POSCAR,150.606
C2DB-2-1_M2-X1-T2_Co2-Se1-Se2.POSCAR,67.2497292
C2DB-2-1_M2-X1-T2_Co2-Te1-Te2.POSCAR,64.81575301
C2DB-2-1_M2-X1-T2_Ga2-Se1-Se2-1.POSCAR,54.46589935
C2DB-2-1_M2-X1-T2_Ga2-Te1-Te2.POSCAR,37.65328386
C2DB-2-1_M2-X1-T2_Ge2-S1-S2.POSCAR,47.82813571
C2DB-2-1_M2-X1-T2_In2-S1-S2.POSCAR,61.19073257
C2DB-2-1_M2-X1-T2_In2-Se1-Se2-1.POSCAR,43.98691317
C2DB-2-1_M2-X1-T2_In2-Se1-Se2-2.POSCAR,54.23051619
C2DB-3-2_M3-X2-none_Cr3-N2-none.POSCAR,177.67
C2DB-3-2_M3-X2-none_Hf3-N2-none.POSCAR,165.075
C2DB-3-2_M3-X2-none_Mn3-N2-none.POSCAR,113.5585
C2DB-3-2_M3-X2-none_Mo3-N2-none.POSCAR,180.1465
C2DB-3-2_M3-X2-none_Nb3-N2-none.POSCAR,195.5625
C2DB-3-2_M3-X2-none_Sc3-N2-none.POSCAR,119.549
C2DB-3-2_M3-X2-none_Ta3-N2-none.POSCAR,234.7985
C2DB-3-2_M3-X2-none_Ti3-N2-none.POSCAR,151.0395
C2DB-3-2_M3-X2-none_V3-N2-none.POSCAR,129.539
C2DB-3-2_M3-X2-none_W3-N2-none.POSCAR,248.116
C2DB-3-2_M3-X2-none_Y3-N2-none.POSCAR,88.5675
C2DB-3-2_M3-X2-none_Zr3-N2-none.POSCAR,140.209
C2DB-2-1_M2-X1-T2_Ni2-Se1-Se2-1.POSCAR,52.97150399
C2DB-2-1_M2-X1-T2_Ni2-Te1-Te2.POSCAR,58.80833671
C2DB-2-1_M2-X1-T2_Sb2-S1-S2.POSCAR,49.06611948
C2DB-2-1_M2-X1-T2_Sb2-Se1-Se2.POSCAR,42.98860251
C2DB-2-1_M2-X1-T2_Sb2-Te1-Te2.POSCAR,35.46421666
C2DB-2-1_M2-X1-T2_W2-N1-N2.POSCAR,281.1867776
C2DB-2-1_M1M1-X1-T1.33T0.66_Bi1Sb1-S1-S1.33Se0.66.POSCAR,42.40368064
C2DB-4-3_M4-X3-T2_Hf4-B3-Cl2.POSCAR,180.6039761
C2DB-4-3_M4-X3-T2_Hf4-C3-Cl2.POSCAR,243.5422879
C2DB-4-3_M4-X3-T2_Ta4-C3-Cl2.POSCAR,250.5406458
C2DB-4-3_M4-X3-T2_Ti4-C3-Cl2.POSCAR,251.3013683
C2DB-4-3_M4-X3-T2_Y4-C3-Cl2.POSCAR,138.4112957
C2DB-4-3_M4-X3-T2_Zr4-C3-Cl2.POSCAR,230.2601964
C2DB-4-3_M4-X3-T2_Hf4-N3-Cl2.POSCAR,104.2548087
C2DB-4-3_M4-X3-T2_Ti4-N3-Cl2.POSCAR,216.9923558
C2DB-4-3_M4-X3-T2_Y4-N3-Cl2.POSCAR,180.9450091
C2DB-4-3_M4-X3-T2_Zr4-N3-Cl2.POSCAR,141.0419969
C2DB-4-3_M4-X3-T2_Cr4-C3-F2.POSCAR,233.293
C2DB-4-3_M4-X3-T2_Mn4-C3-F2.POSCAR,176.351
C2DB-4-3_M4-X3-T2_Mo4-C3-F2.POSCAR,264.758
C2DB-4-3_M4-X3-T2_Nb4-C3-F2.POSCAR,267.4395
C2DB-4-3_M4-X3-T2_Sc4-C3-F2.POSCAR,173.789
C2DB-4-3_M4-X3-T2_Ta4-C3-F2.POSCAR,251.145
C2DB-4-3_M4-X3-T2_Ti4-C3-F2.POSCAR,264.04
C2DB-4-3_M4-X3-T2_V4-C3-F2.POSCAR,272.8295
C2DB-4-3_M4-X3-T2_W4-C3-F2.POSCAR,231.513
C2DB-4-3_M4-X3-T2_Y4-C3-F2.POSCAR,155.042
C2DB-4-3_M4-X3-T2_Zr4-C3-F2.POSCAR,245.337
C2DB-4-3_M4-X3-T2_Cr4-N3-F2.POSCAR,243.789
C2DB-4-3_M4-X3-T2_Hf4-N3-F2.POSCAR,171.1875
C2DB-4-3_M4-X3-T2_Mo4-N3-F2.POSCAR,328.5025
C2DB-4-3_M4-X3-T2_Nb4-N3-F2-1.POSCAR,257.0745
C2DB-4-3_M4-X3-T2_Sc4-N3-F2.POSCAR,233.4255
C2DB-4-3_M4-X3-T2_Ta4-N3-F2-1.POSCAR,217.271
C2DB-4-3_M4-X3-T2_Ti4-N3-F2.POSCAR,235.3105
C2DB-4-3_M4-X3-T2_V4-N3-F2.POSCAR,220.202
C2DB-4-3_M4-X3-T2_W4-N3-F2.POSCAR,312.408
C2DB-4-3_M4-X3-T2_Y4-N3-F2.POSCAR,198.434
C2DB-4-3_M4-X3-T2_Zr4-N3-F2.POSCAR,182.709
C2DB-4-3_M4-X3-T2_Hf4-C3-H2.POSCAR,261.7223805
C2DB-4-3_M4-X3-T2_Nb4-C3-H2.POSCAR,284.2802064
C2DB-4-3_M4-X3-T2_Ta4-C3-H2.POSCAR,292.1624635
C2DB-4-3_M4-X3-T2_Ti4-C3-H2.POSCAR,255.5923229
C2DB-4-3_M4-X3-T2_V4-C3-H2.POSCAR,276.3170135
C2DB-4-3_M4-X3-T2_Zr4-C3-H2.POSCAR,242.4179028
C2DB-4-3_M4-X3-T2_Hf4-N3-H2.POSCAR,216.0397438
C2DB-4-3_M4-X3-T2_Sc4-N3-H2.POSCAR,219.4320125
C2DB-4-3_M4-X3-T2_Y4-N3-H2.POSCAR,185.4903324
C2DB-4-3_M4-X3-T2_Zr4-N3-H2.POSCAR,216.9570431
C2DB-4-3_M4-X3-T2_Cr4-C3-O2.POSCAR,262.825
C2DB-4-3_M4-X3-T2_Mn4-C3-O2.POSCAR,251.7525
C2DB-4-3_M4-X3-T2_Mo4-C3-O2.POSCAR,223.436
C2DB-4-3_M4-X3-T2_Nb4-C3-O2.POSCAR,344.389
C2DB-4-3_M4-X3-T2_Sc4-C3-O2.POSCAR,158.878
C2DB-4-3_M4-X3-T2_Ta4-C3-O2.POSCAR,358.258
C2DB-4-3_M4-X3-T2_Ti4-C3-O2.POSCAR,315.372
C2DB-4-3_M4-X3-T2_V4-C3-O2.POSCAR,328.326
C2DB-4-3_M4-X3-T2_W4-C3-O2.POSCAR,342.1495
C2DB-4-3_M4-X3-T2_Y4-C3-O2.POSCAR,164.6485
C2DB-4-3_M4-X3-T2_Zr4-C3-O2.POSCAR,305.251
C2DB-4-3_M4-X3-T2_Cr4-N3-O2.POSCAR,239.125
C2DB-4-3_M4-X3-T2_Hf4-N3-O2.POSCAR,278.7775
C2DB-4-3_M4-X3-T2_Mn4-N3-O2.POSCAR,235.127
C2DB-4-3_M4-X3-T2_Mo4-N3-O2.POSCAR,332.543
C2DB-4-3_M4-X3-T2_Nb4-N3-O2.POSCAR,310.304
C2DB-4-3_M4-X3-T2_Sc4-N3-O2.POSCAR,240.5765
C2DB-4-3_M4-X3-T2_Ta4-N3-O2.POSCAR,290.2685
C2DB-4-3_M4-X3-T2_Ti4-N3-O2.POSCAR,308.5055
C2DB-4-3_M4-X3-T2_V4-N3-O2.POSCAR,257.0785
C2DB-4-3_M4-X3-T2_W4-N3-O2.POSCAR,337.189
C2DB-4-3_M4-X3-T2_Y4-N3-O2.POSCAR,202.5725
C2DB-4-3_M4-X3-T2_Zr4-N3-O2.POSCAR,276.2525
C2DB-4-3_M4-X3-T2_Ta4-B3-S2.POSCAR,255.9043316
C2DB-4-3_M4-X3-T2_Nb4-C3-S2.POSCAR,287.8904598
C2DB-4-3_M4-X3-T2_Ta4-C3-S2.POSCAR,299.0736688
C2DB-4-3_M4-X3-T2_V4-C3-S2.POSCAR,277.8408459
C2DB-4-3_M4-X3-T2_Hf4-N3-S2.POSCAR,249.3941448
C2DB-4-3_M4-X3-T2_Mn4-N3-S2.POSCAR,183.7416367
C2DB-4-3_M4-X3-T2_Ti4-N3-S2.POSCAR,248.8515322
C2DB-4-3_M4-X3-T2_Zr4-N3-S2.POSCAR,235.6778957
C2DB-2-1_M1.33M0.66-X1-T2_Ti1.33Mo0.66-N1-Cl2.POSCAR,91.52949908
C2DB-5-4_M3M2-X4-T2_Zr3In2-S4-S2.POSCAR,93.82959597
C2DB-5-4_M3M2-X4-T2_Zr3In2-Te4-Te2.POSCAR,66.99879141
C2DB-2-1_M2-X0.66X0.33-T2_Bi2-Se0.66S0.33-S2.POSCAR,42.25115615
C2DB-3-2_M3-X2-T2_Al3-Se2-Se2.POSCAR,90.61879883
C2DB-3-2_M3-X2-T2_Al3-Te2-Te2.POSCAR,76.57024318
C2DB-4-3_M4-X3-none_Cr4-C3-none.POSCAR,138.97
C2DB-4-3_M4-X3-none_Hf4-C3-none.POSCAR,233.1125
C2DB-4-3_M4-X3-none_Mo4-C3-none.POSCAR,137.8905
C2DB-4-3_M4-X3-none_Nb4-C3-none.POSCAR,299.164
C2DB-4-3_M4-X3-none_Sc4-C3-none.POSCAR,106.3385
C2DB-4-3_M4-X3-none_Ta4-C3-none.POSCAR,328.088
C2DB-4-3_M4-X3-none_Ti4-C3-none.POSCAR,213.1735
C2DB-4-3_M4-X3-none_V4-C3-none.POSCAR,224.052
C2DB-4-3_M4-X3-none_W4-C3-none.POSCAR,146.3925
C2DB-4-3_M4-X3-none_Y4-C3-none.POSCAR,98.25
C2DB-4-3_M4-X3-none_Zr4-C3-none.POSCAR,213.1035
C2DB-3-2_M3-X2-T2_Co3-Se2-Se2.POSCAR,82.09944318
C2DB-3-2_M3-X2-T2_Co3-Te2-Te2.POSCAR,103.4488872
C2DB-3-2_M3-X2-T2_Cr3-S2-S2.POSCAR,89.32370594
C2DB-3-2_M3-X2-T2_Cr3-Se2-Se2.POSCAR,64.67679984
C2DB-3-2_M3-X2-T2_Cr3-Te2-Te2.POSCAR,53.61513521
C2DB-3-2_M3-X2-T2_Fe3-S2-S2-1.POSCAR,110.9460919
C2DB-3-2_M3-X2-T2_Fe3-S2-S2-2.POSCAR,96.90773997
C2DB-3-2_M3-X2-T2_Fe3-Se2-Se2.POSCAR,80.08136991
C2DB-3-2_M3-X2-T2_In3-S2-S2.POSCAR,75.91587447
C2DB-3-2_M3-X2-T2_In3-Se2-Se2.POSCAR,67.90147466
C2DB-3-2_M3-X2-T2_Mn3-S2-S2.POSCAR,97.68655347
C2DB-3-2_M3-X2-T2_Mn3-Te2-Te2.POSCAR,42.83007535
C2DB-4-3_M4-X3-none_Cr4-N3-none.POSCAR,195.899
C2DB-4-3_M4-X3-none_Hf4-N3-none.POSCAR,245.059
C2DB-4-3_M4-X3-none_Nb4-N3-none.POSCAR,253.3515
C2DB-4-3_M4-X3-none_Sc4-N3-none.POSCAR,193.067
C2DB-4-3_M4-X3-none_Ta4-N3-none.POSCAR,209.1265
C2DB-4-3_M4-X3-none_Ti4-N3-none.POSCAR,242.7015
C2DB-4-3_M4-X3-none_V4-N3-none.POSCAR,232.47
C2DB-4-3_M4-X3-none_W4-N3-none.POSCAR,-281.1675
C2DB-4-3_M4-X3-none_Y4-N3-none.POSCAR,154.31
C2DB-4-3_M4-X3-none_Zr4-N3-none.POSCAR,219.5805
C2DB-3-2_M3-X2-T2_Ni3-Se2-Se2.POSCAR,80.16020072
C2DB-3-2_M3-X2-T2_Ni3-Te2-Te2.POSCAR,81.73752387
C2DB-3-2_M3-X2-T2_Tl3-Se2-Se2.POSCAR,54.25124417
C2DB-3-2_M3-X2-T2_V3-Te2-Te2.POSCAR,41.07431223
C2DB-3-2_M3-X2-T2_Hf3-S2-S2.POSCAR,90.4467863
C2DB-3-2_M3-X2-T2_Hf3-Se2-Se2.POSCAR,102.7927404
C2DB-3-2_M3-X2-T2_Hf3-Te2-Te2.POSCAR,67.82079828
C2DB-3-2_M3-X2-T2_Mo3-S2-S2.POSCAR,173.9950256
C2DB-3-2_M3-X2-T2_Nb3-S2-S2.POSCAR,169.0490215
C2DB-3-2_M3-X2-T2_Nb3-Se2-Se2-1.POSCAR,132.8918533
C2DB-3-2_M3-X2-T2_Nb3-Te2-Te2.POSCAR,77.93558185
C2DB-3-2_M3-X2-T2_Sn3-S2-S2.POSCAR,32.26322718
C2DB-3-2_M3-X2-T2_Sn3-Se2-Se2.POSCAR,41.33509075
C2DB-3-2_M3-X2-T2_Ta3-S2-S2-1.POSCAR,176.0655032
C2DB-3-2_M3-X2-T2_Ta3-S2-S2-2.POSCAR,101.4788802
C2DB-3-2_M3-X2-T2_Ta3-Se2-Se2.POSCAR,48.91277777
C2DB-3-2_M3-X2-T2_Ti3-Te2-Te2.POSCAR,20.53295939
C2DB-3-2_M3-X2-T2_Zr3-Se2-Se2.POSCAR,93.86820253
C2DB-5-4_M5-X4-T2_Bi5-Te4-Te2.POSCAR,32.28839562
C2DB-3-2_M2.33-X2-T2_Sn2.33-S2-S2.POSCAR,74.73809438
C2DB-3-2_M2.33-X2-T2_Sn2.33-Se2-Se2.POSCAR,63.53865592
C2DB-5-4_M3.5-X2.5-T2_W3.5-N2.5-N2.POSCAR,603.389481
C2DB-2-1_M2-X1-none_Cr2-C1-none.POSCAR,82.3605
C2DB-2-1_M2-X1-none_Hf2-C1-none.POSCAR,106.8395
C2DB-2-1_M2-X1-none_Mn2-C1-none.POSCAR,45.2065
C2DB-2-1_M2-X1-none_Mo2-C1-none.POSCAR,76.793
C2DB-2-1_M2-X1-none_Nb2-C1-none.POSCAR,124.1825
C2DB-2-1_M2-X1-none_Sc2-C1-none.POSCAR,52.524
C2DB-2-1_M2-X1-none_Ta2-C1-none.POSCAR,150.9875
C2DB-2-1_M2-X1-none_V2-C1-none.POSCAR,105.904
C2DB-2-1_M2-X1-none_W2-C1-none.POSCAR,128.821
C2DB-2-1_M2-X1-none_Y2-C1-none.POSCAR,51.267
C2DB-2-1_M2-X1-none_Cr2-N1-none.POSCAR,89.321
C2DB-2-1_M2-X1-none_Hf2-N1-none.POSCAR,111.5965
C2DB-2-1_M2-X1-none_Mn2-N1-none.POSCAR,6.5395
C2DB-2-1_M2-X1-none_Mo2-N1-none.POSCAR,62.1315
C2DB-2-1_M2-X1-none_Nb2-N1-none.POSCAR,119.799
C2DB-2-1_M2-X1-none_Sc2-N1-none.POSCAR,70.486
C2DB-2-1_M2-X1-none_Ti2-N1-none.POSCAR,96.3925
C2DB-2-1_M2-X1-none_V2-N1-none.POSCAR,99.9355
C2DB-2-1_M2-X1-none_W2-N1-none.POSCAR,182.578
C2DB-2-1_M2-X1-none_Y2-N1-none.POSCAR,62.54
C2DB-2-1_M2-X1-none_Tl2-O1-none-1.POSCAR,26.66851472
C2DB-2-1_M2-X1-none_Tl2-S1-none-1.POSCAR,12.47429727
C2DB-2-1_M2-X1-none_Tl2-O1-none-3.POSCAR,19.83874226
C2DB-2-1_M2-X1-none_Tl2-Se1-none-2.POSCAR,6.028683376
C2DB-2-1_M2-X1-none_Tl2-Te1-none-3.POSCAR,8.695532937
C2DB-2-1_M2-X1-T2_Co2-As1-Se2.POSCAR,69.92316518
C2DB-2-1_M2-X1-T2_Co2-As1-Te2.POSCAR,64.53494118
C2DB-2-1_M2-X1-T2_Hf2-As1-S2.POSCAR,74.92815478
C2DB-2-1_M2-X1-T2_Hf2-As1-Se2.POSCAR,70.31254842
C2DB-2-1_M2-X1-T2_Hf2-As1-Te2.POSCAR,64.43398549
C2DB-2-1_M2-X1-T2_Ni2-As1-S2.POSCAR,72.44876744
C2DB-2-1_M2-X1-T2_Ni2-As1-Se2.POSCAR,63.52704186
C2DB-2-1_M2-X1-T2_Ni2-As1-Te2.POSCAR,56.3454624
C2DB-2-1_M2-X1-T2_Pd2-As1-Te2.POSCAR,34.60486396
C2DB-2-1_M2-X1-T2_Ti2-As1-S2.POSCAR,68.2102396
C2DB-2-1_M2-X1-T2_Zr2-As1-S2.POSCAR,72.74703944
C2DB-2-1_M2-X1-T2_Ti2-As1-Se2.POSCAR,68.18802298
C2DB-2-1_M2-X1-T2_Zr2-As1-Se2.POSCAR,68.46142798
C2DB-2-1_M2-X1-T2_Ti2-As1-Te2.POSCAR,61.82865327
C2DB-2-1_M2-X1-T2_Zr2-As1-Te2.POSCAR,62.72336524
C2DB-2-1_M2-X1-T2_Hf2-B1-Cl2.POSCAR,102.0546979
C2DB-2-1_M2-X1-T2_Nb2-B1-Cl2.POSCAR,55.41929731
C2DB-2-1_M2-X1-T2_Ta2-B1-Cl2.POSCAR,103.9277
C2DB-2-1_M2-X1-T2_Y2-B1-Cl2.POSCAR,57.51606021
C2DB-2-1_M2-X1-T2_Zr2-B1-Cl2.POSCAR,96.33558074
C2DB-2-1_M2-X1-T2_Cr2-B1-O2.POSCAR,88.27862528
C2DB-2-1_M2-X1-T2_Cr2-B1-S2.POSCAR,92.29542228
C2DB-2-1_M2-X1-T2_Cr2-B1-Se2.POSCAR,97.75706603
C2DB-2-1_M2-X1-T2_Hf2-B1-F2.POSCAR,114.7352705
C2DB-2-1_M2-X1-T2_Ti2-B1-F2.POSCAR,113.7297685
C2DB-2-1_M2-X1-T2_Y2-B1-F2.POSCAR,73.32842628
C2DB-2-1_M2-X1-T2_Zr2-B1-F2.POSCAR,108.8587537
C2DB-2-1_M2-X1-T2_Ni2-Bi1-Se2.POSCAR,48.782635
C2DB-2-1_M2-X1-T2_Ni2-Bi1-Te2.POSCAR,48.39533027
C2DB-2-1_M2-X1-T2_Pd2-Bi1-Te2.POSCAR,34.72787247
C2DB-2-1_M2-X1-T2_Mo2-B1-O2.POSCAR,147.1005509
C2DB-2-1_M2-X1-T2_Mo2-B1-S2.POSCAR,106.7828348
C2DB-2-1_M2-X1-T2_Mo2-B1-Se2.POSCAR,104.8999907
C2DB-2-1_M2-X1-T2_Nb2-B1-O2.POSCAR,179.0958848
C2DB-2-1_M2-X1-T2_Nb2-B1-S2.POSCAR,126.494512
C2DB-2-1_M2-X1-T2_Nb2-B1-Se2.POSCAR,106.2794633
C2DB-2-1_M2-X1-T2_Nb2-B1-Te2.POSCAR,87.87440928
C2DB-2-1_M2-X1-T2_Ta2-B1-O2.POSCAR,189.0794029
C2DB-2-1_M2-X1-T2_Ti2-B1-O2.POSCAR,140.5591411
C2DB-2-1_M2-X1-T2_V2-B1-O2.POSCAR,164.1154888
C2DB-2-1_M2-X1-T2_W2-B1-O2.POSCAR,179.3424721
C2DB-2-1_M2-X1-T2_Zr2-B1-O2.POSCAR,147.2286395
C2DB-2-1_M2-X1-T2_Ta2-B1-S2.POSCAR,137.0019377
C2DB-2-1_M2-X1-T2_Ti2-B1-S2.POSCAR,78.86432795
C2DB-2-1_M2-X1-T2_V2-B1-S2.POSCAR,104.3610326
C2DB-2-1_M2-X1-T2_W2-B1-S2.POSCAR,126.353697
C2DB-2-1_M2-X1-T2_Zr2-B1-S2.POSCAR,76.3969619
C2DB-2-1_M2-X1-T2_Ta2-B1-Se2.POSCAR,126.265517
C2DB-2-1_M2-X1-T2_Ti2-B1-Se2.POSCAR,73.13401204
C2DB-2-1_M2-X1-T2_V2-B1-Se2.POSCAR,98.64880457
C2DB-2-1_M2-X1-T2_Zr2-B1-Se2.POSCAR,70.10879025
C2DB-2-1_M2-X1-T2_Ta2-B1-Te2.POSCAR,88.69905724
C2DB-2-1_M2-X1-T2_Sc2-C1-Br2.POSCAR,89.90814622
C2DB-2-1_M2-X1-T2_Nb2-C1-Cl2.POSCAR,78.0588107
C2DB-2-1_M2-X1-T2_Sc2-C1-Cl2.POSCAR,90.77198713
C2DB-2-1_M2-X1-T2_Ti2-C1-Cl2.POSCAR,117.1154508
C2DB-2-1_M2-X1-T2_V2-C1-Cl2.POSCAR,73.62712602
C2DB-2-1_M2-X1-T2_Y2-C1-Cl2.POSCAR,75.36828273
C2DB-2-1_M2-X1-T2_Cr2-C1-O2.POSCAR,142.572
C2DB-2-1_M2-X1-T2_Cr2-C1-S2.POSCAR,101.9089198
C2DB-2-1_M2-X1-T2_Hf2-C1-F2.POSCAR,119.903
C2DB-2-1_M2-X1-T2_Mn2-C1-F2.POSCAR,107.9255
C2DB-2-1_M2-X1-T2_Mo2-C1-F2.POSCAR,109.0105
C2DB-2-1_M2-X1-T2_Nb2-C1-F2.POSCAR,119.0845
C2DB-2-1_M2-X1-T2_Sc2-C1-F2.POSCAR,107.2445
C2DB-2-1_M2-X1-T2_Ta2-C1-F2.POSCAR,101.1645
C2DB-2-1_M2-X1-T2_Ti2-C1-F2.POSCAR,123.3795
C2DB-2-1_M2-X1-T2_V2-C1-F2.POSCAR,123.3165
C2DB-2-1_M2-X1-T2_W2-C1-F2.POSCAR,166.5305
C2DB-2-1_M2-X1-T2_Y2-C1-F2.POSCAR,93.018
C2DB-2-1_M2-X1-T2_Zr2-C1-F2.POSCAR,117.3915
C2DB-2-1_M2-X1-T2_Hf2-C1-H2.POSCAR,128.8899766
C2DB-2-1_M2-X1-T2_Sc2-C1-H2.POSCAR,94.26984769
C2DB-2-1_M2-X1-T2_Ti2-C1-H2.POSCAR,118.3218487
C2DB-2-1_M2-X1-T2_Zr2-C1-H2.POSCAR,119.6370096
C2DB-2-1_M2-X1-T2_Hf2-C1-O2.POSCAR,181.15
C2DB-2-1_M2-X1-T2_Hf2-C1-Se2.POSCAR,105.8768885
C2DB-2-1_M2-X1-T2_Hf2-C1-Te2.POSCAR,84.21908094
C2DB-2-1_M2-X1-T2_Sc2-C1-I2.POSCAR,83.33866024
C2DB-2-1_M2-X1-T2_Zr2-C1-I2.POSCAR,101.5681661
C2DB-2-1_M2-X1-T2_Mo2-C1-O2.POSCAR,187.188
C2DB-2-1_M2-X1-T2_Mo2-C1-S2.POSCAR,97.02080815
C2DB-2-1_M2-X1-T2_Mo2-C1-Se2.POSCAR,97.02657623
C2DB-2-1_M2-X1-T2_Nb2-C1-O2.POSCAR,189.488
C2DB-2-1_M2-X1-T2_Nb2-C1-S2.POSCAR,132.1903572
C2DB-2-1_M2-X1-T2_Nb2-C1-Se2.POSCAR,127.9103748
C2DB-2-1_M2-X1-T2_Nb2-C1-Te2.POSCAR,108.5925551
C2DB-2-1_M2-X1-T2_Sc2-C1-O2.POSCAR,103.73
C2DB-2-1_M2-X1-T2_Ta2-C1-O2.POSCAR,196.0025
C2DB-2-1_M2-X1-T2_Ti2-C1-O2.POSCAR,176.2855
C2DB-2-1_M2-X1-T2_V2-C1-O2.POSCAR,180.405
C2DB-2-1_M2-X1-T2_W2-C1-O2.POSCAR,190.759
C2DB-2-1_M2-X1-T2_Y2-C1-O2.POSCAR,103.825
C2DB-2-1_M2-X1-T2_Zr2-C1-O2.POSCAR,174.8455
C2DB-2-1_M2-X1-T2_Ta2-C1-S2.POSCAR,137.9800363
C2DB-2-1_M2-X1-T2_V2-C1-S2.POSCAR,135.9462699
C2DB-2-1_M2-X1-T2_W2-C1-S2.POSCAR,122.3083391
C2DB-2-1_M2-X1-T2_Zr2-C1-S2.POSCAR,105.9853967
C2DB-2-1_M2-X1-T2_Ta2-C1-Se2.POSCAR,131.4612922
C2DB-2-1_M2-X1-T2_Ti2-C1-Se2.POSCAR,106.4982778
C2DB-2-1_M2-X1-T2_V2-C1-Se2.POSCAR,130.8807874
C2DB-2-1_M2-X1-T2_W2-C1-Se2.POSCAR,105.9948498
C2DB-2-1_M2-X1-T2_Zr2-C1-Se2.POSCAR,100.4689888
C2DB-2-1_M2-X1-T2_Ta2-C1-Te2.POSCAR,110.0809356
C2DB-2-1_M2-X1-T2_Ti2-C1-Te2.POSCAR,117.6253931
C2DB-2-1_M2-X1-T2_V2-C1-Te2.POSCAR,116.3333883
C2DB-2-1_M2-X1-T2_Zr2-C1-Te2.POSCAR,79.72556177
C2DB-2-1_M2-X1-T2_Sc2-N1-Br2.POSCAR,94.27739462
C2DB-2-1_M2-X1-T2_Ti2-N1-Br2.POSCAR,111.628503
C2DB-2-1_M2-X1-T2_Hf2-N1-Cl2.POSCAR,102.961944
C2DB-2-1_M2-X1-T2_Y2-N1-Cl2.POSCAR,77.82038342
C2DB-2-1_M2-X1-T2_Zr2-N1-Cl2.POSCAR,98.20896184
C2DB-2-1_M2-X1-T2_Cr2-N1-F2.POSCAR,72.0645
C2DB-2-1_M2-X1-T2_Hf2-N1-F2.POSCAR,-11.8205
C2DB-2-1_M2-X1-T2_Mn2-N1-F2.POSCAR,53.0275
C2DB-2-1_M2-X1-T2_Mo2-N1-F2.POSCAR,209.1985
C2DB-2-1_M2-X1-T2_Nb2-N1-F2.POSCAR,147.8275
C2DB-2-1_M2-X1-T2_Sc2-N1-F2.POSCAR,107.6445
C2DB-2-1_M2-X1-T2_Ta2-N1-F2.POSCAR,182.555
C2DB-2-1_M2-X1-T2_Ti2-N1-F2.POSCAR,84.3255
C2DB-2-1_M2-X1-T2_W2-N1-F2.POSCAR,273.797
C2DB-2-1_M2-X1-T2_Y2-N1-F2.POSCAR,92.2815
C2DB-2-1_M2-X1-T2_Zr2-N1-F2.POSCAR,96.184
C2DB-2-1_M2-X1-T2_Ti2-N1-H2.POSCAR,99.36517931
C2DB-2-1_M2-X1-T2_Hf2-N1-O2.POSCAR,165.1855
C2DB-2-1_M2-X1-T2_Hf2-N1-S2.POSCAR,121.2490161
C2DB-2-1_M2-X1-T2_Hf2-N1-Se2.POSCAR,110.6862187
C2DB-2-1_M2-X1-T2_Mn2-N1-O2.POSCAR,154.409
C2DB-2-1_M2-X1-T2_Mn2-N1-S2.POSCAR,100.7255373
C2DB-2-1_M2-X1-T2_Mo2-N1-O2-2.POSCAR,139.212
C2DB-2-1_M2-X1-T2_Mo2-N1-S2.POSCAR,113.9806234
C2DB-2-1_M2-X1-T2_Mo2-N1-Se2.POSCAR,100.0760475
C2DB-2-1_M2-X1-T2_Nb2-N1-O2.POSCAR,176.994
C2DB-2-1_M2-X1-T2_Nb2-N1-S2.POSCAR,123.8522846
C2DB-2-1_M2-X1-T2_Nb2-N1-Se2.POSCAR,103.3898
C2DB-2-1_M2-X1-T2_Nb2-N1-Te2.POSCAR,98.83784173
C2DB-2-1_M2-X1-T2_Sc2-N1-O2.POSCAR,125.863
C2DB-2-1_M2-X1-T2_Ta2-N1-O2.POSCAR,175.2705
C2DB-2-1_M2-X1-T2_Ti2-N1-O2.POSCAR,151.8875
C2DB-2-1_M2-X1-T2_W2-N1-O2-2.POSCAR,189.4095
C2DB-2-1_M2-X1-T2_Y2-N1-O2.POSCAR,96.2445
C2DB-2-1_M2-X1-T2_Zr2-N1-O2.POSCAR,158.7005
C2DB-2-1_M2-X1-T2_Ta2-N1-S2.POSCAR,128.4645704
C2DB-2-1_M2-X1-T2_Ti2-N1-S2.POSCAR,125.8575308
C2DB-2-1_M2-X1-T2_W2-N1-S2.POSCAR,125.7018043
C2DB-2-1_M2-X1-T2_Zr2-N1-S2.POSCAR,116.9722954
C2DB-2-1_M2-X1-T2_Ta2-N1-Se2.POSCAR,111.0937072
C2DB-2-1_M2-X1-T2_Ti2-N1-Se2.POSCAR,112.5618458
C2DB-2-1_M2-X1-T2_V2-N1-Se2.POSCAR,119.215997
C2DB-2-1_M2-X1-T2_W2-N1-Se2-1.POSCAR,104.2869623
C2DB-2-1_M2-X1-T2_Zr2-N1-Se2.POSCAR,107.5273147
C2DB-2-1_M2-X1-T2_Ti2-N1-Te2.POSCAR,122.0965703
C2DB-2-1_M2-X1-T2_Sb2-O1-Se2-1.POSCAR,32.34904363
C2DB-2-1_M2-X1-T2_Sb2-O1-Te2-1.POSCAR,27.84486874
C2DB-2-1_M2-X1-T2_Co2-P1-Se2.POSCAR,74.82746942
C2DB-2-1_M2-X1-T2_Co2-P1-Te2.POSCAR,60.40131605
C2DB-2-1_M2-X1-T2_Hf2-P1-S2.POSCAR,84.14695066
C2DB-2-1_M2-X1-T2_Hf2-P1-Se2.POSCAR,79.91796723
C2DB-2-1_M2-X1-T2_Hf2-P1-Te2.POSCAR,71.59510597
C2DB-2-1_M2-X1-T2_Ni2-P1-S2.POSCAR,85.9951015
C2DB-2-1_M2-X1-T2_Ni2-P1-Se2.POSCAR,67.80788508
C2DB-2-1_M2-X1-T2_Ni2-P1-Te2.POSCAR,45.92535516
C2DB-2-1_M2-X1-T2_Ti2-P1-S2.POSCAR,81.16695116
C2DB-2-1_M2-X1-T2_Zr2-P1-S2.POSCAR,80.58349465
C2DB-2-1_M2-X1-T2_Ti2-P1-Se2.POSCAR,76.54755926
C2DB-2-1_M2-X1-T2_Zr2-P1-Se2.POSCAR,77.26519637
C2DB-2-1_M2-X1-T2_Ti2-P1-Te2.POSCAR,71.75032587
C2DB-2-1_M2-X1-T2_Zr2-P1-Te2.POSCAR,69.24666139
C2DB-2-1_M2-X1-T2_As2-S1-Se2.POSCAR,58.67675402
C2DB-2-1_M2-X1-T2_As2-S1-Te2.POSCAR,53.05980015
C2DB-2-1_M2-X1-T2_Co2-Sb1-Se2.POSCAR,25.05966359
C2DB-2-1_M2-X1-T2_Co2-Sb1-Te2.POSCAR,59.21234566
C2DB-2-1_M2-X1-T2_Hf2-Sb1-Te2.POSCAR,47.64318886
C2DB-2-1_M2-X1-T2_Bi2-S1-Se2.POSCAR,42.00697708
C2DB-2-1_M2-X1-T2_Bi2-S1-Te2.POSCAR,37.85854839
C2DB-2-1_M2-X1-T2_Ni2-Sb1-Se2.POSCAR,65.88044021
C2DB-2-1_M2-X1-T2_Ni2-Sb1-Te2.POSCAR,62.30614793
C2DB-2-1_M2-X1-T2_Pd2-Sb1-Se2.POSCAR,50.56481635
C2DB-2-1_M2-X1-T2_Pd2-Sb1-Te2.POSCAR,44.64724049
C2DB-2-1_M2-X1-T2_Ge2-S1-Br2.POSCAR,32.32469692
C2DB-2-1_M2-X1-T2_Pb2-S1-Br2.POSCAR,24.5831245
C2DB-2-1_M2-X1-T2_Zr2-S1-Br2.POSCAR,55.78866318
C2DB-2-1_M2-X1-T2_Zr2-Sb1-Se2.POSCAR,38.70690256
C2DB-2-1_M2-X1-T2_Ti2-Sb1-Te2.POSCAR,44.32124919
C2DB-2-1_M2-X1-T2_Zr2-Sb1-Te2.POSCAR,48.00429728
C2DB-2-1_M2-X1-T2_Y2-S1-Cl2.POSCAR,46.73019978
C2DB-2-1_M2-X1-T2_Mn2-Se1-Cl2.POSCAR,39.02028855
C2DB-2-1_M2-X1-T2_Mn2-Se1-I2.POSCAR,37.9711125
C2DB-2-1_M2-X1-T2_Ti2-Se1-I2.POSCAR,46.92830059
C2DB-2-1_M2-X1-T2_Hg2-S1-I2.POSCAR,6.098073072
C2DB-2-1_M2-X1-T2_Mn2-S1-I2.POSCAR,41.00563894
C2DB-2-1_M2-X1-T2_Pb2-S1-I2.POSCAR,26.39028708
C2DB-2-1_M2-X1-T2_In2-S1-Te2.POSCAR,24.52847256
C2DB-2-1_M2-X1-T2_Sb2-S1-Se2.POSCAR,45.22677232
C2DB-2-1_M2-X1-T2_Sb2-S1-Te2.POSCAR,41.22203962
C2DB-2-1_M2-X1-T2_Ta2-S1-Te2.POSCAR,83.91399608
C2DB-2-1_M2-X1-T2_Sc2-Te1-Br2.POSCAR,27.76828088
C2DB-2-1_M2-X1-T2_Sc2-Te1-I2.POSCAR,31.75655625
C2DB-2-1_M2-X1-T2_Ti2-N1-Cl2.POSCAR,112.6061233
C2DB-2-1_M2-X1-T2_Mn2-S1-Cl2.POSCAR,43.82222988
C2DB-2-1_M2-X1-T2_Hf2-C1-(H1O1)2.POSCAR,114.538
C2DB-2-1_M2-X1-T2_Mn2-C1-(H1O1)2.POSCAR,104.4685
C2DB-2-1_M2-X1-T2_Mo2-C1-(H1O1)2.POSCAR,98.0915
C2DB-2-1_M2-X1-T2_Nb2-C1-(H1O1)2.POSCAR,115.136
C2DB-2-1_M2-X1-T2_Sc2-C1-(H1O1)2.POSCAR,106.716
C2DB-2-1_M2-X1-T2_Ta2-C1-(H1O1)2.POSCAR,112.4545
C2DB-2-1_M2-X1-T2_Ti2-C1-(H1O1)2.POSCAR,115.3635
C2DB-2-1_M2-X1-T2_V2-C1-(H1O1)2.POSCAR,122.238
C2DB-2-1_M2-X1-T2_W2-C1-(H1O1)2.POSCAR,130.9975
C2DB-2-1_M2-X1-T2_Y2-C1-(H1O1)2.POSCAR,90.9125
C2DB-2-1_M2-X1-T2_Zr2-C1-(H1O1)2.POSCAR,103.761
C2DB-2-1_M2-X1-T2_Cr2-N1-(H1O1)2.POSCAR,99.7875
C2DB-2-1_M2-X1-T2_Hf2-N1-(H1O1)2.POSCAR,60.898
C2DB-2-1_M2-X1-T2_Mn2-N1-(H1O1)2.POSCAR,86.245
C2DB-2-1_M2-X1-T2_Mo2-N1-(H1O1)2.POSCAR,187.075
C2DB-2-1_M2-X1-T2_Nb2-N1-(H1O1)2.POSCAR,147.182
C2DB-2-1_M2-X1-T2_Sc2-N1-(H1O1)2.POSCAR,109.4905
C2DB-2-1_M2-X1-T2_Ta2-N1-(H1O1)2.POSCAR,174.099
C2DB-2-1_M2-X1-T2_Ti2-N1-(H1O1)2.POSCAR,105.9165
C2DB-2-1_M2-X1-T2_V2-N1-(H1O1)2.POSCAR,120.1645
C2DB-2-1_M2-X1-T2_W2-N1-(H1O1)2.POSCAR,248.406
C2DB-2-1_M2-X1-T2_Y2-N1-(H1O1)2.POSCAR,90.618
C2DB-3-2_M2M1-X2-T2_Ca2Sr1-S2-Br2.POSCAR,47.95720827
C2DB-2-1_M1.75M0.25-X1-T1T0.5T0.5_Mn1.75Ga0.25-S1-Br1Cl0.5I0.5.POSCAR,42.19079599
C2DB-2-1_M2-X0.5X0.5-T1.5T0.5_Mn2-S0.5Se0.5-Br1.5S0.5.POSCAR,39.92467421
C2DB-3-2_M2M1-X2-T2_Co2Ag1-O2-O2.POSCAR,192.3113902
C2DB-3-2_M2M1-X2-T2_Co2Ag1-S2-S2.POSCAR,78.26788227
C2DB-3-2_M2M1-X2-T2_Ni2Ag1-O2-O2.POSCAR,160.0326689
C2DB-3-2_M2M1-X2-T2_Pd2Ag1-O2-O2.POSCAR,112.3311695
C2DB-3-2_M2M1-X2-T2_Co2Au1-O2-O2.POSCAR,196.9899517
C2DB-3-2_M2M1-X2-T2_Co2Au1-S2-S2.POSCAR,87.79130906
C2DB-3-2_M2M1-X2-T2_Ni2Au1-O2-O2.POSCAR,157.0111103
C2DB-3-2_M2M1-X2-T2_Ni2Au1-S2-S2.POSCAR,100.6820445
C2DB-3-2_M2M1-X2-T2_Pd2Au1-O2-O2.POSCAR,105.8473223
C2DB-3-2_M2M1-X2-T2_Ga2Cd1-S2-S2.POSCAR,75.83994309
C2DB-3-2_M2M1-X2-T2_Ga2Cd1-Se2-Se2.POSCAR,64.48174171
C2DB-3-2_M2M1-X2-T2_Ga2Cd1-Te2-Te2.POSCAR,52.79469859
C2DB-3-2_M2M1-X2-T2_In2Cd1-S2-S2.POSCAR,63.41991912
C2DB-3-2_M2M1-X2-T2_In2Cd1-Se2-Se2.POSCAR,54.64830252
C2DB-3-2_M2M1-X2-T2_In2Cd1-Te2-Te2.POSCAR,45.55468361
C2DB-3-2_M2M1-X2-T2_Al2Co1-S2-S2-1.POSCAR,91.75955659
C2DB-3-2_M2M1-X2-T2_Al2Co1-Se2-Se2-1.POSCAR,77.45913197
C2DB-3-2_M2M1-X2-T2_Al2Co1-Se2-Se2-2.POSCAR,77.12204505
C2DB-3-2_M2M1-X2-T2_Al2Co1-Te2-Te2-1.POSCAR,67.61460802
C2DB-3-2_M2M1-X2-T2_Cr2Co1-S2-S2.POSCAR,92.25436388
C2DB-3-2_M2M1-X2-T2_Cr2Co1-Te2-Te2.POSCAR,59.98205226
C2DB-3-2_M2M1-X2-T2_Ga2Co1-S2-S2-1.POSCAR,87.47218092
C2DB-3-2_M2M1-X2-T2_Ga2Co1-S2-S2-2.POSCAR,90.28119726
C2DB-3-2_M2M1-X2-T2_Ga2Co1-Se2-Se2-1.POSCAR,78.74411828
C2DB-3-2_M2M1-X2-T2_Ga2Co1-Se2-Se2-2.POSCAR,78.50444825
C2DB-3-2_M2M1-X2-T2_Ga2Co1-Te2-Te2-1.POSCAR,95.2063676
C2DB-3-2_M2M1-X2-T2_Ga2Co1-Te2-Te2-2.POSCAR,70.17657518
C2DB-3-2_M2M1-X2-T2_In2Co1-Se2-Se2-1.POSCAR,63.13393616
C2DB-3-2_M2M1-X2-T2_In2Co1-Se2-Se2-2.POSCAR,63.05390306
C2DB-3-2_M2M1-X2-T2_In2Co1-Te2-Te2-1.POSCAR,54.18265316
C2DB-3-2_M2M1-X2-T2_V2Co1-S2-S2.POSCAR,119.2019069
C2DB-3-2_M2M1-X2-T2_Al2Cr1-Se2-Se2.POSCAR,61.5248769
C2DB-3-2_M2M1-X2-T2_Al2Cr1-Te2-Te2.POSCAR,52.55370518
C2DB-3-2_M2M1-X2-T2_Ga2Cr1-O2-O2.POSCAR,145.1167966
C2DB-3-2_M2M1-X2-T2_Ga2Cr1-S2-S2.POSCAR,60.56803004
C2DB-3-2_M2M1-X2-T2_Ga2Cr1-Se2-Se2.POSCAR,53.92641204
C2DB-3-2_M2M1-X2-T2_Ga2Cr1-Te2-Te2.POSCAR,48.41407101
C2DB-3-2_M2M1-X2-T2_In2Cr1-S2-S2.POSCAR,55.08573099
C2DB-3-2_M2M1-X2-T2_In2Cr1-Se2-Se2.POSCAR,48.88984123
C2DB-3-2_M2M1-X2-T2_In2Cr1-Te2-Te2.POSCAR,44.42918184
C2DB-3-2_M2M1-X2-T2_Co2Cu1-O2-O2.POSCAR,176.151211
C2DB-3-2_M2M1-X2-T2_Fe2Cu1-O2-O2.POSCAR,144.4816124
C2DB-3-2_M2M1-X2-T2_Ni2Cu1-O2-O2.POSCAR,146.2991969
C2DB-3-2_M2M1-X2-T2_Pd2Cu1-O2-O2.POSCAR,102.5726302
C2DB-3-2_M2M1-X2-T2_Al2Fe1-S2-S2-1.POSCAR,103.6584301
C2DB-3-2_M2M1-X2-T2_Al2Fe1-S2-S2-2.POSCAR,103.1163623
C2DB-3-2_M2M1-X2-T2_Al2Fe1-Se2-Se2-1.POSCAR,87.31585729
C2DB-3-2_M2M1-X2-T2_Cr2Fe1-Te2-Te2.POSCAR,69.6445201
C2DB-3-2_M2M1-X2-T2_Ga2Fe1-S2-S2-1.POSCAR,101.8723996
C2DB-3-2_M2M1-X2-T2_Ga2Fe1-Se2-Se2-1.POSCAR,86.31345972
C2DB-3-2_M2M1-X2-T2_Ga2Fe1-Te2-Te2-1.POSCAR,75.48665085
C2DB-3-2_M2M1-X2-T2_Al2Mg1-S2-S2.POSCAR,85.68999334
C2DB-3-2_M2M1-X2-T2_Al2Mg1-Se2-Se2.POSCAR,73.822969
C2DB-3-2_M2M1-X2-T2_Al2Mg1-Te2-Te2.POSCAR,58.90922845
C2DB-3-2_M2M1-X2-T2_Ga2Mg1-S2-S2.POSCAR,84.46737462
C2DB-3-2_M2M1-X2-T2_Ga2Mg1-Se2-Se2.POSCAR,71.01322291
C2DB-3-2_M2M1-X2-T2_Ga2Mg1-Te2-Te2.POSCAR,56.71731038
C2DB-3-2_M2M1-X2-T2_In2Mg1-S2-S2.POSCAR,67.99667992
C2DB-3-2_M2M1-X2-T2_In2Mg1-Se2-Se2.POSCAR,59.27137677
C2DB-3-2_M2M1-X2-T2_In2Mg1-Te2-Te2.POSCAR,48.6353766
C2DB-3-2_M2M1-X2-T2_Al2Mn1-S2-S2-2.POSCAR,69.74084574
C2DB-3-2_M2M1-X2-T2_Al2Mn1-Te2-Te2-1.POSCAR,51.93640529
C2DB-3-2_M2M1-X2-T2_Bi2Mn1-S2-S2.POSCAR,66.35240225
C2DB-3-2_M2M1-X2-T2_Bi2Mn1-Se2-Se2.POSCAR,58.38744056
C2DB-3-2_M2M1-X2-T2_Bi2Mn1-Te2-Te2.POSCAR,46.62625821
C2DB-3-2_M2M1-X2-T2_Ga2Mn1-S2-S2-2.POSCAR,62.67034829
C2DB-3-2_M2M1-X2-T2_Ga2Mn1-Se2-Se2-1.POSCAR,58.92615369
C2DB-3-2_M2M1-X2-T2_Ga2Mn1-Te2-Te2-1.POSCAR,43.78909642
C2DB-3-2_M2M1-X2-T2_In2Mn1-S2-S2-1.POSCAR,63.84110281
C2DB-3-2_M2M1-X2-T2_In2Mn1-Se2-Se2-1.POSCAR,53.13030626
C2DB-3-2_M2M1-X2-T2_In2Mn1-Se2-Se2-2.POSCAR,49.29912174
C2DB-3-2_M2M1-X2-T2_In2Mn1-Te2-Te2-1.POSCAR,40.80338114
C2DB-3-2_M2M1-X2-T2_Sb2Mn-S2-S2.POSCAR,68.33451774
C2DB-3-2_M2M1-X2-T2_Al2Ni-S2-S2-1.POSCAR,89.89230645
C2DB-3-2_M2M1-X2-T2_Al2Ni-S2-S2-2.POSCAR,90.38061587
C2DB-3-2_M2M1-X2-T2_Al2Ni-Se2-Se2-2.POSCAR,71.33551066
C2DB-3-2_M2M1-X2-T2_Al2Ni-Te2-Te2-1.POSCAR,63.23235173
C2DB-3-2_M2M1-X2-T2_Cr2Ni-S2-S2.POSCAR,91.97125103
C2DB-3-2_M2M1-X2-T2_Cr2Ni-Se2-Se2.POSCAR,70.09529888
C2DB-3-2_M2M1-X2-T2_Cr2Ni-Te2-Te2.POSCAR,51.88609244
C2DB-3-2_M2M1-X2-T2_Ga2Ni-O2-O2-1.POSCAR,147.1442904
C2DB-3-2_M2M1-X2-T2_Ga2Ni-O2-O2-2.POSCAR,148.0104454
C2DB-3-2_M2M1-X2-T2_Ga2Ni-S2-S2-1.POSCAR,88.97986614
C2DB-3-2_M2M1-X2-T2_Ga2Ni-S2-S2-2.POSCAR,91.88784322
C2DB-3-2_M2M1-X2-T2_Ga2Ni-Se2-Se2-1.POSCAR,73.01723556
C2DB-3-2_M2M1-X2-T2_Ga2Ni-Se2-Se2-2.POSCAR,73.65585637
C2DB-3-2_M2M1-X2-T2_Ga2Ni-Te2-Te2-1.POSCAR,64.68548272
C2DB-3-2_M2M1-X2-T2_Ga2Ni-Te2-Te2-2.POSCAR,63.21924129
C2DB-3-2_M2M1-X2-T2_In2Ni-Se2-Se2.POSCAR,59.72503657
C2DB-3-2_M2M1-X2-T2_In2Ni-Te2-Te2-1.POSCAR,52.40010103
C2DB-3-2_M2M1-X2-T2_In2Ni-Te2-Te2-2.POSCAR,51.59636822
C2DB-3-2_M2M1-X2-T2_V2Ni1-S2-S2.POSCAR,34.67378325
C2DB-3-2_M2M1-X2-T2_V2Ni1-Se2-Se2.POSCAR,60.20051008
C2DB-3-2_M2M1-X2-T2_As2Pb1-S2-S2.POSCAR,72.97098211
C2DB-3-2_M2M1-X2-T2_As2Pb1-Se2-Se2.POSCAR,61.5340174
C2DB-3-2_M2M1-X2-T2_As2Pb1-Te2-Te2.POSCAR,52.74926618
C2DB-3-2_M2M1-X2-T2_Bi2Pb1-S2-S2.POSCAR,58.3170423
C2DB-3-2_M2M1-X2-T2_Bi2Pb1-Se2-Se2.POSCAR,51.57070993
C2DB-3-2_M2M1-X2-T2_Bi2Pb1-Te2-Te2.POSCAR,42.5398532
C2DB-3-2_M2M1-X2-T2_Sb2Pb1-S2-S2.POSCAR,59.50778916
C2DB-3-2_M2M1-X2-T2_Sb2Pb1-Se2-Se2.POSCAR,54.17534534
C2DB-3-2_M2M1-X2-T2_Al2Pd1-Se2-Se2.POSCAR,59.2248812
C2DB-3-2_M2M1-X2-T2_Al2Pd1-Te2-Te2.POSCAR,54.07888893
C2DB-3-2_M2M1-X2-T2_Cr2Pd1-Se2-Se2.POSCAR,52.42346889
C2DB-3-2_M2M1-X2-T2_Cr2Pd1-Te2-Te2.POSCAR,43.44429622
C2DB-3-2_M2M1-X2-T2_Ga2Pd1-S2-S2.POSCAR,68.51677203
C2DB-3-2_M2M1-X2-T2_Ga2Pd1-Se2-Se2.POSCAR,58.59512242
C2DB-3-2_M2M1-X2-T2_Ga2Pd1-Te2-Te2.POSCAR,55.32540503
C2DB-3-2_M2M1-X2-T2_In2Pd1-S2-S2.POSCAR,60.88030988
C2DB-3-2_M2M1-X2-T2_In2Pd1-Se2-Se2.POSCAR,53.54106628
C2DB-3-2_M2M1-X2-T2_In2Pd1-Te2-Te2.POSCAR,48.98301087
C2DB-3-2_M2M1-X2-T2_V2Pd1-Te2-Te2.POSCAR,30.50721175
C2DB-3-2_M2M1-X2-T2_As2Sn1-Se2-Se2.POSCAR,61.42102586
C2DB-3-2_M2M1-X2-T2_As2Sn1-Te2-Te2.POSCAR,53.7765575
C2DB-3-2_M2M1-X2-T2_Bi2Sn1-S2-S2.POSCAR,58.27290914
C2DB-3-2_M2M1-X2-T2_Bi2Sn1-Se2-Se2.POSCAR,51.90049694
C2DB-3-2_M2M1-X2-T2_Bi2Sn1-Te2-Te2.POSCAR,43.24547025
C2DB-3-2_M2M1-X2-T2_Sb2Sn1-S2-S2.POSCAR,59.98520204
C2DB-3-2_M2M1-X2-T2_Sb2Sn1-Se2-Se2.POSCAR,54.68699213
C2DB-3-2_M2M1-X2-T2_Sb2Sn1-Te2-Te2.POSCAR,47.56955271
C2DB-3-2_M2M1-X2-T2_Al2V1-S2-S2.POSCAR,78.85784437
C2DB-3-2_M2M1-X2-T2_Al2V1-Se2-Se2.POSCAR,66.05512204
C2DB-3-2_M2M1-X2-T2_Ga2V1-S2-S2.POSCAR,71.64406418
C2DB-3-2_M2M1-X2-T2_Ga2V1-Se2-Se2.POSCAR,64.66758072
C2DB-3-2_M2M1-X2-T2_Ga2V1-Te2-Te2.POSCAR,54.04262595
C2DB-3-2_M2M1-X2-T2_In2V1-Se2-Se2.POSCAR,55.53480555
C2DB-3-2_M2M1-X2-T2_In2V1-Te2-Te2.POSCAR,50.56139299
C2DB-3-2_M2M1-X2-T2_Al2Zn1-S2-S2.POSCAR,84.8096379
C2DB-3-2_M2M1-X2-T2_In2Zn1-S2-S2.POSCAR,86.3456324
C2DB-3-2_M2M1-X2-T2_In2Zn1-Se2-Se2.POSCAR,64.8942876
C2DB-3-2_M2M1-X2-T2_In2Zn1-Te2-Te2.POSCAR,51.16784372
C2DB-2-1_M2-X1-T1.75T0.25_Nb2-C1-Cl1.75Br0.25.POSCAR,71.74913696
C2DB-3-2_M3-X2-T1T1_Ti3-N2-I1Te1.POSCAR,171.860664
C2DB-2-1_M2-X1-T1.5T0.25T0.25_In2-S1-I1.5Br0.25Cl0.25.POSCAR,12.54581941
C2DB-2-1_M2-X0.75X0.25-T1.5T0.25T0.25_Sc2-Se0.75S0.25-I1.5Cl0.25Se0.25.POSCAR,44.91422931
C2DB-2-1_M2-X1-T1.5T0.25T0.25_Ti2-N1-Cl1.5S0.25Se0.25.POSCAR,111.1147545
C2DB-2-1_M2-X1-T1T1_Sn2-S1-Br1Cl1.POSCAR,21.78085975
C2DB-2-1_M2-X1-T1T1_Zr2-N1-Br1I1.POSCAR,100.235876
C2DB-2-1_M2-X1-T1T1_Cd2-S1-Br1I1.POSCAR,37.01564848
C2DB-2-1_M2-X1-T1T1_Sc2-S1-Br1I1.POSCAR,53.76167578
C2DB-2-1_M2-X1-T1T1_Sn2-S1-Br1I1.POSCAR,25.45758302
C2DB-2-1_M2-X1-T1T1_Zr2-S1-Cl1I1.POSCAR,50.4554153
C2DB-2-1_M1M1-X1-T2_Ta1Ti1-C1-Cl2.POSCAR,110.4831904
C2DB-2-1_M1M1-X1-T2_Ge1Mn1-Se1-Cl2.POSCAR,36.75290932
C2DB-2-1_M1M1-X1-T2_Hf1Zr1-S1-I2.POSCAR,38.96275738
C2DB-2-1_M2-X1-T1T1_Hf2-S1-I1Te1.POSCAR,44.31544242
C2DB-2-1_M2-X1-T1T1_Zr2-S1-I1Te1.POSCAR,40.83493297
C2DB-2-1_M1M1-X1-T2_Mn1Sn1-S1-Br2.POSCAR,31.26833326
C2DB-2-1_M1M1-X1-T2_Pb1Sn1-S1-Br2.POSCAR,24.76302038
C2DB-2-1_M2-X0.75X0.25-T1T0.5T0.25T0.25_Ta2-C0.75N0.25-Cl1Se0.5Br0.25Te0.25.POSCAR,67.16010182
C2DB-2-1_M2-X0.66X0.33-T1.33T0.33T0.33_Hf2-N0.66C0.33-O1.33Cl0.33I0.33.POSCAR,124.3797472
C2DB-2-1_M0.33M0.33M0.33-X1-T1.66T0.33_Hf0.33Mo0.33Zr0.33-S1-Br1.66Cl0.33.POSCAR,16.77838489
Emily-2-1_M2-X1-none_Ti2-C1-none.POSCAR,70.585
Emily-2-1_M2-X1-T2_Ti2-C1-O2.POSCAR,181.842
Emily-2-1_M2-X1-T2_Ti2-C1-S2.POSCAR,110.276
Emily-2-1_M2-X1-T2_Ti2-C1-Se2.POSCAR,108.728
Emily-2-1_M2-X1-T2_Ti2-C1-Te2.POSCAR,107.855
Emily-2-1_M2-X1-T2_Ti2-C1-F2.POSCAR,119.652
Emily-2-1_M2-X1-T2_Ti2-C1-Cl2.POSCAR,117.372
Emily-2-1_M2-X1-T2_Ti2-C1-Br2.POSCAR,115.63
Emily-2-1_M2-X1-T2_Ti2-C1-I2.POSCAR,103.965
Emily-2-1_M2-X1-T2_Ti2-C1-(H1N1)2.POSCAR,155.752
Emily-2-1_M2-X1-T2_Ti2-C1-(H1O1)2.POSCAR,113.361
Emily-2-1_M2-X1-none_V2-C1-none.POSCAR,103.752
Emily-2-1_M2-X1-T2_V2-C1-O2.POSCAR,183.509
Emily-2-1_M2-X1-T2_V2-C1-S2.POSCAR,137.421
Emily-2-1_M2-X1-T2_V2-C1-Se2.POSCAR,130.505
Emily-2-1_M2-X1-T2_V2-C1-F2.POSCAR,116.092
Emily-2-1_M2-X1-T2_V2-C1-Cl2.POSCAR,98.159
Emily-2-1_M2-X1-T2_V2-C1-Br2.POSCAR,115.177
Emily-2-1_M2-X1-T2_V2-C1-I2.POSCAR,99.284
Emily-2-1_M2-X1-T2_V2-C1-(H1N1)2.POSCAR,169.988
Emily-2-1_M2-X1-T2_V2-C1-(H1O1)2.POSCAR,116.826
Emily-2-1_M2-X1-none_Cr2-C1-none.POSCAR,83.608
Emily-2-1_M2-X1-T2_Cr2-C1-O2.POSCAR,228.326
Emily-2-1_M2-X1-T2_Cr2-C1-S2.POSCAR,166.785
Emily-2-1_M2-X1-T2_Cr2-C1-Te2.POSCAR,109.989
Emily-2-1_M2-X1-T2_Cr2-C1-F2.POSCAR,124.496
Emily-2-1_M2-X1-T2_Cr2-C1-Cl2.POSCAR,116.294
Emily-2-1_M2-X1-T2_Cr2-C1-Br2.POSCAR,116.121
Emily-2-1_M2-X1-T2_Cr2-C1-I2.POSCAR,89.265
Emily-2-1_M2-X1-T2_Cr2-C1-(H1O1)2.POSCAR,126.017
Emily-2-1_M2-X1-none_Zr2-C1-none.POSCAR,89.464
Emily-2-1_M2-X1-T2_Zr2-C1-O2.POSCAR,174.006
Emily-2-1_M2-X1-T2_Zr2-C1-Se2.POSCAR,99.289
Emily-2-1_M2-X1-T2_Zr2-C1-Te2.POSCAR,90.168
Emily-2-1_M2-X1-T2_Zr2-C1-F2.POSCAR,112.954
Emily-2-1_M2-X1-T2_Zr2-C1-Cl2.POSCAR,104.858
Emily-2-1_M2-X1-T2_Zr2-C1-Br2.POSCAR,103.647
Emily-2-1_M2-X1-T2_Zr2-C1-I2.POSCAR,100.988
Emily-2-1_M2-X1-T2_Zr2-C1-(H1N1)2.POSCAR,154.012
Emily-2-1_M2-X1-T2_Zr2-C1-(H1O1)2.POSCAR,115.37
Emily-2-1_M2-X1-none_Nb2-C1-none.POSCAR,124.428
Emily-2-1_M2-X1-T2_Nb2-C1-O2.POSCAR,188.874
Emily-2-1_M2-X1-T2_Nb2-C1-S2.POSCAR,140.983
Emily-2-1_M2-X1-T2_Nb2-C1-Se2.POSCAR,131.751
Emily-2-1_M2-X1-T2_Nb2-C1-Te2.POSCAR,102.239
Emily-2-1_M2-X1-T2_Nb2-C1-F2.POSCAR,106.704
Emily-2-1_M2-X1-T2_Nb2-C1-Cl2.POSCAR,59.837
Emily-2-1_M2-X1-T2_Nb2-C1-Br2.POSCAR,101.992
Emily-2-1_M2-X1-T2_Nb2-C1-I2.POSCAR,101.711
Emily-2-1_M2-X1-T2_Nb2-C1-(H1N1)2.POSCAR,174.235
Emily-2-1_M2-X1-T2_Nb2-C1-(H1O1)2.POSCAR,110.487
Emily-2-1_M2-X1-none_Mo2-C1-none.POSCAR,181.141
Emily-2-1_M2-X1-T2_Mo2-C1-O2.POSCAR,265.123
Emily-2-1_M2-X1-T2_Mo2-C1-S2.POSCAR,189.212
Emily-2-1_M2-X1-T2_Mo2-C1-Se2.POSCAR,157.371
Emily-2-1_M2-X1-T2_Mo2-C1-Te2.POSCAR,84.137
Emily-2-1_M2-X1-T2_Mo2-C1-F2.POSCAR,149.761
Emily-2-1_M2-X1-T2_Mo2-C1-Cl2.POSCAR,120.373
Emily-2-1_M2-X1-T2_Mo2-C1-Br2.POSCAR,116.223
Emily-2-1_M2-X1-T2_Mo2-C1-I2.POSCAR,114.392
Emily-2-1_M2-X1-T2_Mo2-C1-(H1N1)2.POSCAR,244.2
Emily-2-1_M2-X1-T2_Mo2-C1-(H1O1)2.POSCAR,149.79
Emily-2-1_M2-X1-T2_Hf2-C1-O2.POSCAR,183.221
Emily-2-1_M2-X1-T2_Hf2-C1-S2.POSCAR,109.355
Emily-2-1_M2-X1-T2_Hf2-C1-Se2.POSCAR,109.756
Emily-2-1_M2-X1-T2_Hf2-C1-Te2.POSCAR,94.324
Emily-2-1_M2-X1-T2_Hf2-C1-F2.POSCAR,123.087
Emily-2-1_M2-X1-T2_Hf2-C1-Cl2.POSCAR,114.01
Emily-2-1_M2-X1-T2_Hf2-C1-Br2.POSCAR,112.566
Emily-2-1_M2-X1-T2_Hf2-C1-I2.POSCAR,107.472
Emily-2-1_M2-X1-T2_Hf2-C1-(H1N1)2.POSCAR,167.964
Emily-2-1_M2-X1-T2_Hf2-C1-(H1O1)2.POSCAR,124.085
Emily-2-1_M2-X1-none_Ta2-C1-none.POSCAR,154.649
Emily-2-1_M2-X1-T2_Ta2-C1-O2.POSCAR,195.617
Emily-2-1_M2-X1-T2_Ta2-C1-S2.POSCAR,154.17
Emily-2-1_M2-X1-T2_Ta2-C1-Se2.POSCAR,143.419
Emily-2-1_M2-X1-T2_Ta2-C1-F2.POSCAR,199.498
Emily-2-1_M2-X1-T2_Ta2-C1-Cl2.POSCAR,78.976
Emily-2-1_M2-X1-T2_Ta2-C1-Br2.POSCAR,105.675
Emily-2-1_M2-X1-T2_Ta2-C1-I2.POSCAR,105.727
Emily-2-1_M2-X1-T2_Ta2-C1-(H1N1)2.POSCAR,191.368
Emily-2-1_M2-X1-T2_Ta2-C1-(H1O1)2.POSCAR,190.814
Emily-2-1_M2-X1-none_W2-C1-none.POSCAR,233.784
Emily-2-1_M2-X1-T2_W2-C1-O2.POSCAR,294.635
Emily-2-1_M2-X1-T2_W2-C1-Se2.POSCAR,189.172
Emily-2-1_M2-X1-T2_W2-C1-Te2.POSCAR,69.071
Emily-2-1_M2-X1-T2_W2-C1-F2.POSCAR,121.925
Emily-2-1_M2-X1-T2_W2-C1-Cl2.POSCAR,126.08
Emily-2-1_M2-X1-T2_W2-C1-Br2.POSCAR,116.223
Emily-2-1_M2-X1-T2_W2-C1-I2.POSCAR,117.271
Emily-2-1_M2-X1-T2_W2-C1-(H1N1)2.POSCAR,269.141
Emily-3-2_M3-X2-T2_Ti3-C2-O2.POSCAR,246.767
Emily-3-2_M3-X2-T2_Ti3-C2-S2.POSCAR,168.727
Emily-3-2_M3-X2-T2_Ti3-C2-Se2.POSCAR,186.692
Emily-3-2_M3-X2-T2_Ti3-C2-Te2.POSCAR,186.225
Emily-3-2_M3-X2-T2_Ti3-C2-F2.POSCAR,190.917
Emily-3-2_M3-X2-T2_Ti3-C2-Cl2.POSCAR,188.47
Emily-3-2_M3-X2-T2_Ti3-C2-Br2.POSCAR,186.597
Emily-3-2_M3-X2-T2_Ti3-C2-I2.POSCAR,170.396
Emily-3-2_M3-X2-T2_Ti3-C2-(H1N1)2.POSCAR,221.406
Emily-3-2_M3-X2-T2_Ti3-C2-(H1O1)2.POSCAR,166.466
Emily-3-2_M3-X2-none_V3-C2-none.POSCAR,134.496
Emily-3-2_M3-X2-T2_V3-C2-O2.POSCAR,247.367
Emily-3-2_M3-X2-T2_V3-C2-Se2.POSCAR,189.475
Emily-3-2_M3-X2-T2_V3-C2-Te2.POSCAR,185.103
Emily-3-2_M3-X2-T2_V3-C2-F2.POSCAR,236.052
Emily-3-2_M3-X2-T2_V3-C2-Cl2.POSCAR,129.12
Emily-3-2_M3-X2-T2_V3-C2-Br2.POSCAR,155.114
Emily-3-2_M3-X2-T2_V3-C2-I2.POSCAR,145.705
Emily-3-2_M3-X2-T2_V3-C2-(H1N1)2.POSCAR,224.097
Emily-3-2_M3-X2-T2_V3-C2-(H1O1)2.POSCAR,236.867
Emily-3-2_M3-X2-none_Cr3-C2-none.POSCAR,46.597
Emily-3-2_M3-X2-T2_Cr3-C2-O2.POSCAR,315.589
Emily-3-2_M3-X2-T2_Cr3-C2-S2.POSCAR,252.309
Emily-3-2_M3-X2-T2_Cr3-C2-Se2.POSCAR,161.772
Emily-3-2_M3-X2-T2_Cr3-C2-Te2.POSCAR,180.606
Emily-3-2_M3-X2-T2_Cr3-C2-F2.POSCAR,164.998
Emily-3-2_M3-X2-T2_Cr3-C2-Cl2.POSCAR,181.81
Emily-3-2_M3-X2-T2_Cr3-C2-Br2.POSCAR,173.676
Emily-3-2_M3-X2-T2_Cr3-C2-(H1N1)2.POSCAR,315.457
Emily-3-2_M3-X2-T2_Cr3-C2-(H1O1)2.POSCAR,167.073
Emily-3-2_M3-X2-none_Zr3-C2-none.POSCAR,143.84
Emily-3-2_M3-X2-T2_Zr3-C2-O2.POSCAR,245.399
Emily-3-2_M3-X2-T2_Zr3-C2-S2.POSCAR,165.875
Emily-3-2_M3-X2-T2_Zr3-C2-Se2.POSCAR,168.863
Emily-3-2_M3-X2-T2_Zr3-C2-Te2.POSCAR,169.291
Emily-3-2_M3-X2-T2_Zr3-C2-F2.POSCAR,178.475
Emily-3-2_M3-X2-T2_Zr3-C2-Cl2.POSCAR,171.065
Emily-3-2_M3-X2-T2_Zr3-C2-Br2.POSCAR,168.678
Emily-3-2_M3-X2-T2_Zr3-C2-I2.POSCAR,167.379
Emily-3-2_M3-X2-T2_Zr3-C2-(H1O1)2.POSCAR,150.923
Emily-3-2_M3-X2-none_Nb3-C2-none.POSCAR,134.496
Emily-3-2_M3-X2-T2_Nb3-C2-O2.POSCAR,238.163
Emily-3-2_M3-X2-T2_Nb3-C2-S2.POSCAR,149.359
Emily-3-2_M3-X2-T2_Nb3-C2-Se2.POSCAR,170.609
Emily-3-2_M3-X2-T2_Nb3-C2-Te2.POSCAR,167.812
Emily-3-2_M3-X2-T2_Nb3-C2-F2.POSCAR,245.423
Emily-3-2_M3-X2-T2_Nb3-C2-Cl2.POSCAR,235.591
Emily-3-2_M3-X2-T2_Nb3-C2-Br2.POSCAR,219.624
Emily-3-2_M3-X2-T2_Nb3-C2-I2.POSCAR,136.846
Emily-3-2_M3-X2-T2_Nb3-C2-(H1N1)2.POSCAR,256.983
Emily-3-2_M3-X2-none_Mo3-C2-none.POSCAR,284.863
Emily-3-2_M3-X2-T2_Mo3-C2-O2.POSCAR,375.796
Emily-3-2_M3-X2-T2_Mo3-C2-S2.POSCAR,298.069
Emily-3-2_M3-X2-T2_Mo3-C2-Se2.POSCAR,276.413
Emily-3-2_M3-X2-T2_Mo3-C2-Te2.POSCAR,174.19
Emily-3-2_M3-X2-T2_Mo3-C2-F2.POSCAR,270.725
Emily-3-2_M3-X2-T2_Mo3-C2-Cl2.POSCAR,255.815
Emily-3-2_M3-X2-T2_Mo3-C2-Br2.POSCAR,135.325
Emily-3-2_M3-X2-T2_Mo3-C2-I2.POSCAR,99.542
Emily-3-2_M3-X2-T2_Mo3-C2-(H1N1)2.POSCAR,354.192
Emily-3-2_M3-X2-T2_Mo3-C2-(H1O1)2.POSCAR,276.103
Emily-3-2_M3-X2-none_Hf3-C2-none.POSCAR,151.144
Emily-3-2_M3-X2-T2_Hf3-C2-O2.POSCAR,257.185
Emily-3-2_M3-X2-T2_Hf3-C2-S2.POSCAR,179.382
Emily-3-2_M3-X2-T2_Hf3-C2-Se2.POSCAR,179.805
Emily-3-2_M3-X2-T2_Hf3-C2-Te2.POSCAR,180.836
Emily-3-2_M3-X2-T2_Hf3-C2-F2.POSCAR,195.635
Emily-3-2_M3-X2-T2_Hf3-C2-Cl2.POSCAR,182.44
Emily-3-2_M3-X2-T2_Hf3-C2-Br2.POSCAR,182.583
Emily-3-2_M3-X2-T2_Hf3-C2-I2.POSCAR,176.975
Emily-3-2_M3-X2-T2_Hf3-C2-(H1N1)2.POSCAR,239.694
Emily-3-2_M3-X2-T2_Hf3-C2-(H1O1)2.POSCAR,198.628
Emily-3-2_M3-X2-none_Ta3-C2-none.POSCAR,148.825
Emily-3-2_M3-X2-T2_Ta3-C2-O2.POSCAR,255.305
Emily-3-2_M3-X2-T2_Ta3-C2-Se2.POSCAR,168.068
Emily-3-2_M3-X2-T2_Ta3-C2-Te2.POSCAR,171.826
Emily-3-2_M3-X2-T2_Ta3-C2-Cl2.POSCAR,254.853
Emily-3-2_M3-X2-T2_Ta3-C2-Br2.POSCAR,238.635
Emily-3-2_M3-X2-T2_Ta3-C2-I2.POSCAR,144.53
Emily-3-2_M3-X2-T2_Ta3-C2-(H1N1)2.POSCAR,220.335
Emily-3-2_M3-X2-T2_Ta3-C2-(H1O1)2.POSCAR,269.473
Emily-3-2_M3-X2-none_W3-C2-none.POSCAR,353.842
Emily-3-2_M3-X2-T2_W3-C2-O2.POSCAR,418.866
Emily-3-2_M3-X2-T2_W3-C2-S2.POSCAR,334.866
Emily-3-2_M3-X2-T2_W3-C2-Se2.POSCAR,309.557
Emily-3-2_M3-X2-T2_W3-C2-Te2.POSCAR,279.256
Emily-3-2_M3-X2-T2_W3-C2-F2.POSCAR,310.921
Emily-3-2_M3-X2-T2_W3-C2-Cl2.POSCAR,296.514
Emily-3-2_M3-X2-T2_W3-C2-Br2.POSCAR,129.958
Emily-3-2_M3-X2-T2_W3-C2-I2.POSCAR,49.553
Emily-3-2_M3-X2-T2_W3-C2-(H1N1)2.POSCAR,392.654
Emily-3-2_M3-X2-T2_W3-C2-(H1O1)2.POSCAR,312.208
Emily-4-3_M4-X3-none_Ti4-C3-none.POSCAR,204.971
Emily-4-3_M4-X3-T2_Ti4-C3-O2.POSCAR,309.986
Emily-4-3_M4-X3-T2_Ti4-C3-S2.POSCAR,251.023
Emily-4-3_M4-X3-T2_Ti4-C3-Se2.POSCAR,258.116
Emily-4-3_M4-X3-T2_Ti4-C3-Te2.POSCAR,259.008
Emily-4-3_M4-X3-T2_Ti4-C3-F2.POSCAR,251.61
Emily-4-3_M4-X3-T2_Ti4-C3-Br2.POSCAR,245.35
Emily-4-3_M4-X3-T2_Ti4-C3-I2.POSCAR,227.079
Emily-4-3_M4-X3-T2_Ti4-C3-(H1O1)2.POSCAR,253.1
Emily-4-3_M4-X3-none_V4-C3-none.POSCAR,217.959
Emily-4-3_M4-X3-T2_V4-C3-O2.POSCAR,328.239
Emily-4-3_M4-X3-T2_V4-C3-S2.POSCAR,281.511
Emily-4-3_M4-X3-T2_V4-C3-Se2.POSCAR,253.304
Emily-4-3_M4-X3-T2_V4-C3-Te2.POSCAR,199.042
Emily-4-3_M4-X3-T2_V4-C3-F2.POSCAR,273.356
Emily-4-3_M4-X3-T2_V4-C3-Cl2.POSCAR,251.718
Emily-4-3_M4-X3-T2_V4-C3-Br2.POSCAR,202.835
Emily-4-3_M4-X3-T2_V4-C3-I2.POSCAR,174.688
Emily-4-3_M4-X3-T2_V4-C3-(H1N1)2.POSCAR,330.211
Emily-4-3_M4-X3-T2_V4-C3-(H1O1)2.POSCAR,316.722
Emily-4-3_M4-X3-none_Cr4-C3-none.POSCAR,327.169
Emily-4-3_M4-X3-T2_Cr4-C3-O2.POSCAR,415.96
Emily-4-3_M4-X3-T2_Cr4-C3-Se2.POSCAR,222.641
Emily-4-3_M4-X3-T2_Cr4-C3-Te2.POSCAR,134.685
Emily-4-3_M4-X3-T2_Cr4-C3-F2.POSCAR,207.421
Emily-4-3_M4-X3-T2_Cr4-C3-Cl2.POSCAR,137.789
Emily-4-3_M4-X3-T2_Cr4-C3-Br2.POSCAR,117.333
Emily-4-3_M4-X3-T2_Cr4-C3-I2.POSCAR,153.329
Emily-4-3_M4-X3-T2_Cr4-C3-(H1N1)2.POSCAR,400.958
Emily-4-3_M4-X3-T2_Cr4-C3-(H1O1)2.POSCAR,354.33
Emily-4-3_M4-X3-none_Zr4-C3-none.POSCAR,204.114
Emily-4-3_M4-X3-T2_Zr4-C3-O2.POSCAR,299.601
Emily-4-3_M4-X3-T2_Zr4-C3-S2.POSCAR,227.677
Emily-4-3_M4-X3-T2_Zr4-C3-Se2.POSCAR,239.478
Emily-4-3_M4-X3-T2_Zr4-C3-Te2.POSCAR,236.798
Emily-4-3_M4-X3-T2_Zr4-C3-Cl2.POSCAR,226.305
Emily-4-3_M4-X3-T2_Zr4-C3-Br2.POSCAR,224.894
Emily-4-3_M4-X3-T2_Zr4-C3-I2.POSCAR,223.662
Emily-4-3_M4-X3-T2_Zr4-C3-(H1N1)2.POSCAR,281.184
Emily-4-3_M4-X3-T2_Nb4-C3-O2.POSCAR,347.871
Emily-4-3_M4-X3-T2_Nb4-C3-S2.POSCAR,297.783
Emily-4-3_M4-X3-T2_Nb4-C3-Se2.POSCAR,298.437
Emily-4-3_M4-X3-T2_Nb4-C3-Te2.POSCAR,271.098
Emily-4-3_M4-X3-T2_Nb4-C3-F2.POSCAR,305.32
Emily-4-3_M4-X3-T2_Nb4-C3-Cl2.POSCAR,297.193
Emily-4-3_M4-X3-T2_Nb4-C3-Br2.POSCAR,293.363
Emily-4-3_M4-X3-T2_Nb4-C3-I2.POSCAR,277.645
Emily-4-3_M4-X3-T2_Nb4-C3-(H1N1)2.POSCAR,347.83
Emily-4-3_M4-X3-T2_Nb4-C3-(H1O1)2.POSCAR,315.545
Emily-4-3_M4-X3-none_Mo4-C3-none.POSCAR,402.207
Emily-4-3_M4-X3-T2_Mo4-C3-O2.POSCAR,483.452
Emily-4-3_M4-X3-T2_Mo4-C3-S2.POSCAR,402.6
Emily-4-3_M4-X3-T2_Mo4-C3-Se2.POSCAR,381.966
Emily-4-3_M4-X3-T2_Mo4-C3-Te2.POSCAR,254.478
Emily-4-3_M4-X3-T2_Mo4-C3-F2.POSCAR,376.515
Emily-4-3_M4-X3-T2_Mo4-C3-Cl2.POSCAR,365.869
Emily-4-3_M4-X3-T2_Mo4-C3-Br2.POSCAR,242.324
Emily-4-3_M4-X3-T2_Mo4-C3-I2.POSCAR,282.019
Emily-4-3_M4-X3-T2_Mo4-C3-(H1N1)2.POSCAR,461.255
Emily-4-3_M4-X3-T2_Mo4-C3-(H1O1)2.POSCAR,382.595
Emily-4-3_M4-X3-none_Hf4-C3-none.POSCAR,228.387
Emily-4-3_M4-X3-T2_Hf4-C3-O2.POSCAR,324.437
Emily-4-3_M4-X3-T2_Hf4-C3-Se2.POSCAR,258.66
Emily-4-3_M4-X3-T2_Hf4-C3-Te2.POSCAR,260.755
Emily-4-3_M4-X3-T2_Hf4-C3-F2.POSCAR,250.195
Emily-4-3_M4-X3-T2_Hf4-C3-Cl2.POSCAR,241.653
Emily-4-3_M4-X3-T2_Hf4-C3-Br2.POSCAR,241.145
Emily-4-3_M4-X3-T2_Hf4-C3-I2.POSCAR,240.174
Emily-4-3_M4-X3-T2_Hf4-C3-(H1N1)2.POSCAR,303.746
Emily-4-3_M4-X3-T2_Hf4-C3-(H1O1)2.POSCAR,262.76
Emily-4-3_M4-X3-T2_Ta4-C3-S2.POSCAR,320.06
Emily-4-3_M4-X3-T2_Ta4-C3-Se2.POSCAR,318.231
Emily-4-3_M4-X3-T2_Ta4-C3-Te2.POSCAR,288.422
Emily-4-3_M4-X3-T2_Ta4-C3-F2.POSCAR,332.276
Emily-4-3_M4-X3-T2_Ta4-C3-Cl2.POSCAR,316.333
Emily-4-3_M4-X3-T2_Ta4-C3-Br2.POSCAR,313.326
Emily-4-3_M4-X3-T2_Ta4-C3-I2.POSCAR,297.048
Emily-4-3_M4-X3-T2_Ta4-C3-(H1N1)2.POSCAR,367.851
Emily-4-3_M4-X3-T2_Ta4-C3-(H1O1)2.POSCAR,338.574
Emily-4-3_M4-X3-none_W4-C3-none.POSCAR,477.375
Emily-4-3_M4-X3-T2_W4-C3-O2.POSCAR,542.379
Emily-4-3_M4-X3-T2_W4-C3-S2.POSCAR,458.448
Emily-4-3_M4-X3-T2_W4-C3-Se2.POSCAR,435.273
Emily-4-3_M4-X3-T2_W4-C3-Te2.POSCAR,400.406
Emily-4-3_M4-X3-T2_W4-C3-F2.POSCAR,434.956
Emily-4-3_M4-X3-T2_W4-C3-Cl2.POSCAR,424.126
Emily-4-3_M4-X3-T2_W4-C3-Br2.POSCAR,394.788
Emily-4-3_M4-X3-T2_W4-C3-I2.POSCAR,293.214
Emily-4-3_M4-X3-T2_W4-C3-(H1N1)2.POSCAR,523.082
Emily-4-3_M4-X3-T2_W4-C3-(H1O1)2.POSCAR,425.822
