A13B18-1W13N18-1.POSCAR,-0.324352319
A2B2C2D3-1B2F2O2Mn3-1.POSCAR,-0.402497362
A2B2C2D3-1B2F2O2Ti3-1.POSCAR,-1.77675142
A2B2C2D3-1B2F2O2V3-1.POSCAR,-0.719349047
A2B2C2D3-1B2F2O2Zr3-1.POSCAR,-2.050547286
A2B2C2D3-1B2F2S2Cr3-1.POSCAR,-0.590825048
A2B2C2D3-1B2F2S2Fe3-1.POSCAR,-0.554571933
A2B2C2D3-1B2F2S2Hf3-1.POSCAR,-1.009343539
A2B2C2D3-1B2F2S2Mn3-1.POSCAR,-0.575856398
A2B2C2D3-1B2F2S2Nb3-1.POSCAR,-0.932123889
A2B2C2D3-1B2F2S2Ta3-1.POSCAR,-0.930658817
A2B2C2D3-1B2F2S2Ti3-1.POSCAR,-0.983451855
A2B2C2D3-1B2F2S2V3-1.POSCAR,-0.832452377
A2B2C2D3-1B2F2S2Zr3-1.POSCAR,-1.462689846
A2B2C2D3-1B2F2Se2Hf3-1.POSCAR,-0.92434107
A2B2C2D3-1B2F2Se2Ti3-1.POSCAR,-0.89565966
A2B2C2D3-1B2F2Se2Ti3-2.POSCAR,-0.833574201
A2B2C2D3-1B2F2Se2V3-1.POSCAR,-0.714860206
A2B2C2D3-1B2F2Se2Zr3-1.POSCAR,-0.947752397
A2B2C2D3-1B2F2Te2Hf3-1.POSCAR,-0.843053914
A2B2C2D3-1B2F2Te2Ti3-1.POSCAR,-0.819075585
A2B2C2D3-1B2F2Te2Zr3-1.POSCAR,-0.882593413
A2B2C2D3-1B2H2O2Fe3-1.POSCAR,-0.495042023
A2B2C2D3-1B2H2O2Hf3-1.POSCAR,-1.145287961
A2B2C2D3-1B2H2O2Mn3-1.POSCAR,-0.630980433
A2B2C2D3-1B2H2O2Ta3-1.POSCAR,-0.954820991
A2B2C2D3-1B2H2O2Ti3-1.POSCAR,-1.101343437
A2B2C2D3-1B2H2O2V3-1.POSCAR,-0.866021523
A2B2C2D3-1B2H2S2Fe3-1.POSCAR,-0.033659282
A2B2C2D3-1B2H2S2Hf3-1.POSCAR,-0.610915547
A2B2C2D3-1B2H2S2Mn3-1.POSCAR,-0.111742275
A2B2C2D3-1B2H2S2Nb3-1.POSCAR,-0.492608392
A2B2C2D3-1B2H2S2Ti3-1.POSCAR,-0.569882403
A2B2C2D3-1B2H2S2V3-1.POSCAR,-0.383611721
A2B2C2D3-1B2H2S2Zr3-1.POSCAR,-0.636216052
A2B2C2D3-1B2H2Se2Hf3-1.POSCAR,-0.456306012
A2B2C2D3-1B2H2Se2Ti3-1.POSCAR,-0.432358268
A2B2C2D3-1B2H2Se2V3-1.POSCAR,-0.214690184
A2B2C2D3-1B2H2Se2Zr3-1.POSCAR,-0.491782338
A2B2C2D3-1B2H2Te2Hf3-1.POSCAR,-0.264592784
A2B2C2D3-1B2H2Te2Ti3-1.POSCAR,-0.226020446
A2B2C2D3-1B2H2Te2Zr3-1.POSCAR,-0.30312741
A2B2C2D3-1C2F2S2Cr3-1.POSCAR,-0.422571891
A2B2C2D3-1C2F2S2Hf3-1.POSCAR,-1.104707968
A2B2C2D3-1C2F2S2Mn3-1.POSCAR,-0.314961153
A2B2C2D3-1C2F2S2Nb3-1.POSCAR,-0.842609799
A2B2C2D3-1C2F2S2Sc3-1.POSCAR,-0.965951955
A2B2C2D3-1C2F2S2Ta3-1.POSCAR,-0.834585812
A2B2C2D3-1C2F2S2Ti3-1.POSCAR,-1.03197074
A2B2C2D3-1C2F2S2V3-1.POSCAR,-0.681883501
A2B2C2D3-1C2F2S2Y3-1.POSCAR,-0.897350145
A2B2C2D3-1C2F2S2Zr3-1.POSCAR,-1.120998827
A2B2C2D3-1C2F2Se2Hf3-1.POSCAR,-0.975106813
A2B2C2D3-1C2F2Se2Ti3-1.POSCAR,-0.89616236
A2B2C2D3-1C2F2Se2V3-1.POSCAR,-0.619240231
A2B2C2D3-1C2F2Se2Zr3-1.POSCAR,-1.004532212
A2B2C2D3-1C2F2Te2Hf3-1.POSCAR,-0.824611044
A2B2C2D3-1C2F2Te2Ti3-1.POSCAR,-0.881791645
A2B2C2D3-1C2F2Te2Ti3-2.POSCAR,-0.733722318
A2B2C2D3-1C2F2Te2Zr3-1.POSCAR,-0.87424377
A2B2C2D3-1C2H2O2Hf3-1.POSCAR,-1.346
A2B2C2D3-1C2H2O2Mo3-1.POSCAR,-0.443
A2B2C2D3-1C2H2O2Sc3-1.POSCAR,-1.2
A2B2C2D3-1C2H2O2Ta3-1.POSCAR,-0.874
A2B2C2D3-1C2H2O2Ti3-1.POSCAR,-1.294839363
A2B2C2D3-1C2H2O2V3-1.POSCAR,-0.852
A2B2C2D3-1C2H2O2W3-1.POSCAR,-0.317
A2B2C2D3-1C2H2O2Y3-1.POSCAR,-1.12
A2B2C2D3-1C2H2O2Zr3-1.POSCAR,-1.368
A2B2C2D3-1C2H2S2Hf3-1.POSCAR,-0.738971522
A2B2C2D3-1C2H2S2Mn3-1.POSCAR,0.152953455
A2B2C2D3-1C2H2S2Nb3-1.POSCAR,-0.374784726
A2B2C2D3-1C2H2S2Sc3-1.POSCAR,-0.614339571
A2B2C2D3-1C2H2S2Ta3-1.POSCAR,-0.337253147
A2B2C2D3-1C2H2S2Ti3-1.POSCAR,-0.652851182
A2B2C2D3-1C2H2S2Ti3-2.POSCAR,-0.627464183
A2B2C2D3-1C2H2S2V3-1.POSCAR,-0.234559931
A2B2C2D3-1C2H2S2Y3-1.POSCAR,-0.523596855
A2B2C2D3-1C2H2S2Zr3-1.POSCAR,-0.766413997
A2B2C2D3-1C2H2Se2Hf3-1.POSCAR,-0.563185295
A2B2C2D3-1C2H2Se2V3-1.POSCAR,-0.152972959
A2B2C2D3-1C2H2Se2Zr3-1.POSCAR,-0.600676514
A2B2C2D3-1C2H2Te2Hf3-1.POSCAR,-0.272337833
A2B2C2D3-1C2H2Te2Ti3-1.POSCAR,-0.237263273
A2B2C2D3-1C2H2Te2Ti3-2.POSCAR,-0.173381536
A2B2C2D3-1C2H2Te2Zr3-1.POSCAR,-0.329510976
A2B2C2D3-1F2N2S2Fe3-1.POSCAR,-0.226581073
A2B2C2D3-1F2N2S2Hf3-1.POSCAR,-1.425865205
A2B2C2D3-1F2N2S2Mn3-1.POSCAR,-0.364642879
A2B2C2D3-1F2N2S2Nb3-1.POSCAR,-1.062525282
A2B2C2D3-1F2N2S2Sc3-1.POSCAR,-1.471253439
A2B2C2D3-1F2N2S2Ta3-1.POSCAR,-0.995959947
A2B2C2D3-1F2N2S2Ti3-1.POSCAR,-1.355793442
A2B2C2D3-1F2N2S2V3-1.POSCAR,-0.911485408
A2B2C2D3-1F2N2S2Y3-1.POSCAR,-1.436441041
A2B2C2D3-1F2N2S2Zr3-1.POSCAR,-1.48244398
A2B2C2D3-1F2N2Se2Hf3-1.POSCAR,-1.266322894
A2B2C2D3-1F2N2Se2Ti3-1.POSCAR,-1.240626837
A2B2C2D3-1F2N2Se2Ti3-2.POSCAR,-1.19466658
A2B2C2D3-1F2N2Se2Zr3-1.POSCAR,-1.336454628
A2B2C2D3-1F2N2Te2Hf3-1.POSCAR,-1.118276436
A2B2C2D3-1F2N2Te2Ti3-1.POSCAR,-1.210715893
A2B2C2D3-1F2N2Te2Ti3-2.POSCAR,-1.103739536
A2B2C2D3-1F2N2Te2Zr3-1.POSCAR,-1.179825585
A2B2C2D3-1H2N2O2Cr3-1.POSCAR,-0.777047787
A2B2C2D3-1H2N2O2Hf3-1.POSCAR,-1.552
A2B2C2D3-1H2N2O2Mn3-1.POSCAR,-0.56
A2B2C2D3-1H2N2O2Mo3-1.POSCAR,-0.595
A2B2C2D3-1H2N2O2Nb3-1.POSCAR,-1.146
A2B2C2D3-1H2N2O2Sc3-1.POSCAR,-1.904
A2B2C2D3-1H2N2O2Ta3-1.POSCAR,-1.04
A2B2C2D3-1H2N2O2W3-1.POSCAR,-0.411
A2B2C2D3-1H2N2O2Y3-1.POSCAR,-1.825
A2B2C2D3-1H2N2O2Zr3-1.POSCAR,-1.645
A2B2C2D3-1H2N2S2Cr3-1.POSCAR,-0.031014871
A2B2C2D3-1H2N2S2Fe3-1.POSCAR,0.255851526
A2B2C2D3-1H2N2S2Hf3-1.POSCAR,-0.970016204
A2B2C2D3-1H2N2S2Mn3-1.POSCAR,0.062927047
A2B2C2D3-1H2N2S2Nb3-1.POSCAR,-0.553509384
A2B2C2D3-1H2N2S2Sc3-1.POSCAR,-1.18037021
A2B2C2D3-1H2N2S2Ta3-1.POSCAR,-0.462531638
A2B2C2D3-1H2N2S2Ti3-1.POSCAR,-0.929006553
A2B2C2D3-1H2N2S2Ti3-2.POSCAR,-0.915906721
A2B2C2D3-1H2N2S2V3-1.POSCAR,-0.490624884
A2B2C2D3-1H2N2S2Y3-1.POSCAR,-1.168381732
A2B2C2D3-1H2N2S2Zr3-1.POSCAR,-1.050824226
A2B2C2D3-1H2N2Se2Hf3-1.POSCAR,-0.769736579
A2B2C2D3-1H2N2Se2Ti3-1.POSCAR,-0.775629096
A2B2C2D3-1H2N2Se2Zr3-1.POSCAR,-0.860568073
A2B2C2D3-1H2N2Te2Hf3-1.POSCAR,-0.459064294
A2B2C2D3-1H2N2Te2Ti3-1.POSCAR,-0.544338828
A2B2C2D3-1H2N2Te2Ti3-2.POSCAR,-0.412849589
A2B2C2D3-1H2N2Te2Zr3-1.POSCAR,-0.564759137
A2B2C3-1B2Cl2Cr3-1.POSCAR,-0.413110622
A2B2C3-1B2Cl2Fe3-1.POSCAR,-0.274156084
A2B2C3-1B2Cl2Mn3-1.POSCAR,-0.454297645
A2B2C3-1B2Cl2Mo3-1.POSCAR,-0.437959692
A2B2C3-1B2Cl2Nb3-1.POSCAR,-0.904334428
A2B2C3-1B2Cl2Sc3-1.POSCAR,-1.029411746
A2B2C3-1B2Cl2Ta3-1.POSCAR,-0.876521996
A2B2C3-1B2Cl2Ti3-1.POSCAR,-1.01592597
A2B2C3-1B2Cl2V3-1.POSCAR,-0.734116999
A2B2C3-1B2Cl2W3-1.POSCAR,-0.308709871
A2B2C3-1B2Cl2Y3-1.POSCAR,-0.958272842
A2B2C3-1B2Cl2Zr3-1.POSCAR,-1.14929597
A2B2C3-1B2F2Fe3-1.POSCAR,-0.793563686
A2B2C3-1B2F2Mn3-1.POSCAR,-0.982908233
A2B2C3-1B2F2Mo3-1.POSCAR,-0.898802284
A2B2C3-1B2F2Sc3-1.POSCAR,-1.594833735
A2B2C3-1B2F2Ta3-1.POSCAR,-1.365457978
A2B2C3-1B2F2Ti3-1.POSCAR,-1.60718678
A2B2C3-1B2F2V3-1.POSCAR,-1.266689701
A2B2C3-1B2F2W3-1.POSCAR,-0.751162151
A2B2C3-1B2F2Y3-1.POSCAR,-1.497107532
A2B2C3-1B2F2Zr3-1.POSCAR,-1.718018384
A2B2C3-1B2H2Fe3-1.POSCAR,0.077412582
A2B2C3-1B2H2Hf3-1.POSCAR,-0.381030171
A2B2C3-1B2H2Mn3-1.POSCAR,-0.02833897
A2B2C3-1B2H2Mo3-1.POSCAR,-0.009719719
A2B2C3-1B2H2Nb3-1.POSCAR,-0.342702001
A2B2C3-1B2H2Sc3-1.POSCAR,-0.142575324
A2B2C3-1B2H2Ta3-1.POSCAR,-0.332495327
A2B2C3-1B2H2Ti3-1.POSCAR,-0.337034134
A2B2C3-1B2H2V3-1.POSCAR,-0.197630695
A2B2C3-1B2H2W3-1.POSCAR,0.116142711
A2B2C3-1B2H2Y3-1.POSCAR,-0.070107267
A2B2C3-1B2H2Zr3-1.POSCAR,-0.403102045
A2B2C3-1B2O2Cr3-1.POSCAR,-0.659914592
A2B2C3-1B2O2Hf3-1.POSCAR,-1.556777883
A2B2C3-1B2O2Nb3-1.POSCAR,-1.344243289
A2B2C3-1B2O2Ta3-1.POSCAR,-1.3966506
A2B2C3-1B2O2V3-1.POSCAR,-1.072865548
A2B2C3-1B2O2W3-1.POSCAR,-0.737944042
A2B2C3-1B2O2Zr3-1.POSCAR,-1.557607046
A2B2C3-1B2S2Cr3-1.POSCAR,-0.306644796
A2B2C3-1B2S2Hf3-1.POSCAR,-0.945356943
A2B2C3-1B2S2Mo3-1.POSCAR,-0.466625809
A2B2C3-1B2S2Nb3-1.POSCAR,-0.851031292
A2B2C3-1B2S2Ta3-1.POSCAR,-0.891040109
A2B2C3-1B2S2Ti3-1.POSCAR,-0.836638631
A2B2C3-1B2S2V3-1.POSCAR,-0.629219211
A2B2C3-1B2S2W3-1.POSCAR,-0.40106337
A2B2C3-1B2S2Zr3-1.POSCAR,-0.940053898
A2B2C3-1C2Cl2Cr3-1.POSCAR,-0.275133999
A2B2C3-1C2Cl2Fe3-1.POSCAR,0.080339359
A2B2C3-1C2Cl2Hf3-1.POSCAR,-1.325956078
A2B2C3-1C2Cl2Mn3-1.POSCAR,-0.135093308
A2B2C3-1C2Cl2Mo3-1.POSCAR,-0.259752179
A2B2C3-1C2Cl2Nb3-1.POSCAR,-0.817417453
A2B2C3-1C2Cl2Sc3-1.POSCAR,-1.129324044
A2B2C3-1C2Cl2Ta3-1.POSCAR,-0.739720581
A2B2C3-1C2Cl2Ti3-1.POSCAR,-1.223567209
A2B2C3-1C2Cl2V3-1.POSCAR,-0.659698207
A2B2C3-1C2Cl2W3-1.POSCAR,0.020909364
A2B2C3-1C2Cl2Y3-1.POSCAR,-1.084118105
A2B2C3-1C2Cl2Zr3-1.POSCAR,-1.365885906
A2B2C3-1C2F2Cr3-1.POSCAR,-0.856
A2B2C3-1C2F2Hf3-1.POSCAR,-1.912
A2B2C3-1C2F2Mn3-1.POSCAR,-0.755
A2B2C3-1C2F2Mo3-1.POSCAR,-0.737
A2B2C3-1C2F2Sc3-1.POSCAR,-1.779
A2B2C3-1C2F2Ta3-1.POSCAR,-1.266
A2B2C3-1C2F2Ti3-1.POSCAR,-1.86
A2B2C3-1C2F2V3-1.POSCAR,-1.268
A2B2C3-1C2F2W3-1.POSCAR,-0.56
A2B2C3-1C2F2Y3-1.POSCAR,-1.716
A2B2C3-1C2F2Zr3-1.POSCAR,-1.964
A2B2C3-1C2H2Hf3-1.POSCAR,-0.663363028
A2B2C3-1C2H2Mn3-1.POSCAR,0.138751189
A2B2C3-1C2H2Mo3-1.POSCAR,0.094507492
A2B2C3-1C2H2Nb3-1.POSCAR,-0.338840634
A2B2C3-1C2H2Sc3-1.POSCAR,-0.397490778
A2B2C3-1C2H2Ta3-1.POSCAR,-0.308952391
A2B2C3-1C2H2Ti3-1.POSCAR,-0.635128737
A2B2C3-1C2H2V3-1.POSCAR,-0.234229741
A2B2C3-1C2H2W3-1.POSCAR,0.23018844
A2B2C3-1C2H2Y3-1.POSCAR,-0.28129179
A2B2C3-1C2H2Zr3-1.POSCAR,-0.68278889
A2B2C3-1C2O2Cr3-1.POSCAR,-0.623
A2B2C3-1C2O2Hf3-1.POSCAR,-1.812
A2B2C3-1C2O2Mn3-1.POSCAR,-0.408
A2B2C3-1C2O2Nb3-1.POSCAR,-1.371
A2B2C3-1C2O2Sc3-1.POSCAR,-1.648
A2B2C3-1C2O2Ta3-1.POSCAR,-1.397
A2B2C3-1C2O2Ti3-1.POSCAR,-1.609
A2B2C3-1C2O2V3-1.POSCAR,-1.107
A2B2C3-1C2O2W3-1.POSCAR,-0.591
A2B2C3-1C2O2Y3-1.POSCAR,-1.569
A2B2C3-1C2O2Zr3-1.POSCAR,-1.796
A2B2C3-1C2S2Cr3-1.POSCAR,-0.156178418
A2B2C3-1C2S2Hf3-1.POSCAR,-1.058048565
A2B2C3-1C2S2Nb3-1.POSCAR,-0.805036759
A2B2C3-1C2S2Ti3-1.POSCAR,-0.917940341
A2B2C3-1C2S2V3-1.POSCAR,-0.620916795
A2B2C3-1C2S2W3-1.POSCAR,-0.14159559
A2B2C3-1C2S2Zr3-1.POSCAR,-1.044816564
A2B2C3-1Cl2N2Hf3-1.POSCAR,-1.549259408
A2B2C3-1Cl2N2Mn3-1.POSCAR,-0.296826584
A2B2C3-1Cl2N2Mo3-1.POSCAR,-0.298808527
A2B2C3-1Cl2N2Nb3-1.POSCAR,-0.99217043
A2B2C3-1Cl2N2Sc3-1.POSCAR,-1.975873119
A2B2C3-1Cl2N2Ta3-1.POSCAR,-0.81201699
A2B2C3-1Cl2N2Ti3-1.POSCAR,-1.553256376
A2B2C3-1Cl2N2V3-1.POSCAR,-0.917588859
A2B2C3-1Cl2N2W3-1.POSCAR,-0.040921196
A2B2C3-1Cl2N2Y3-1.POSCAR,-1.942761594
A2B2C3-1F2N2Cr3-1.POSCAR,-1.199043193
A2B2C3-1F2N2Hf3-1.POSCAR,-2.125
A2B2C3-1F2N2Mn3-1.POSCAR,-0.838
A2B2C3-1F2N2Mo3-1.POSCAR,-0.901
A2B2C3-1F2N2Nb3-1.POSCAR,-1.626
A2B2C3-1F2N2Sc3-1.POSCAR,-2.695
A2B2C3-1F2N2Ta3-1.POSCAR,-1.469
A2B2C3-1F2N2Ti3-1.POSCAR,-2.228
A2B2C3-1F2N2V3-1.POSCAR,-1.546
A2B2C3-1F2N2W3-1.POSCAR,-0.631
A2B2C3-1F2N2Y3-1.POSCAR,-2.614
A2B2C3-1F2N2Zr3-1.POSCAR,-2.283
A2B2C3-1H2N2Cr3-1.POSCAR,-0.158552424
A2B2C3-1H2N2Hf3-1.POSCAR,-1.035609931
A2B2C3-1H2N2Mn3-1.POSCAR,-0.003772343
A2B2C3-1H2N2Mo3-1.POSCAR,-0.0572095
A2B2C3-1H2N2Nb3-1.POSCAR,-0.65847045
A2B2C3-1H2N2Sc3-1.POSCAR,-1.301127955
A2B2C3-1H2N2Ta3-1.POSCAR,-0.555769684
A2B2C3-1H2N2Ti3-1.POSCAR,-1.084322835
A2B2C3-1H2N2V3-1.POSCAR,-0.603980629
A2B2C3-1H2N2W3-1.POSCAR,0.166539936
A2B2C3-1H2N2Y3-1.POSCAR,-1.187513194
A2B2C3-1H2N2Zr3-1.POSCAR,-1.124053564
A2B2C3-1I2N2Nb3-1.POSCAR,-0.647131998
A2B2C3-1N2O2Cr3-1.POSCAR,-0.83
A2B2C3-1N2O2Hf3-1.POSCAR,-2.386
A2B2C3-1N2O2Mo3-1.POSCAR,-0.854
A2B2C3-1N2O2Nb3-1.POSCAR,-1.617
A2B2C3-1N2O2Sc3-1.POSCAR,-2.281
A2B2C3-1N2O2Ta3-1.POSCAR,-1.541
A2B2C3-1N2O2Ti3-1.POSCAR,-2.232
A2B2C3-1N2O2V3-1.POSCAR,-1.509
A2B2C3-1N2O2W3-1.POSCAR,-0.716
A2B2C3-1N2O2Y3-1.POSCAR,-2.228
A2B2C3-1N2O2Zr3-1.POSCAR,-2.427
A2B2C3-1N2S2Cr3-1.POSCAR,-0.365462032
A2B2C3-1N2S2Hf3-1.POSCAR,-1.605917537
A2B2C3-1N2S2Mo3-1.POSCAR,-0.418426966
A2B2C3-1N2S2Nb3-1.POSCAR,-1.027230342
A2B2C3-1N2S2Ti3-1.POSCAR,-1.495320408
A2B2C3-1N2S2V3-1.POSCAR,-0.881235841
A2B2C3-1N2S2W3-1.POSCAR,-0.25155667
A2B2C3-1N2S2Zr3-1.POSCAR,-1.645338367
A2B2C3D4-1F2O2B3Fe4-1.POSCAR,-0.133210936
A2B2C3D4-1F2O2C3Fe4-1.POSCAR,0.119227576
A2B2C3D4-1F2O2C3Mn4-1.POSCAR,-0.127725434
A2B2C3D4-1F2O2C3Y4-1.POSCAR,-1.169937867
A2B2C3D4-1F2O2N3Fe4-1.POSCAR,-0.100061129
A2B2C3D4-1F2S2B3Mo4-1.POSCAR,-0.522415088
A2B2C3D4-1F2S2B3Nb4-1.POSCAR,-0.852168927
A2B2C3D4-1F2S2B3Ta4-1.POSCAR,-0.862579389
A2B2C3D4-1F2S2B3Ti4-1.POSCAR,-0.813017187
A2B2C3D4-1F2S2B3V4-1.POSCAR,-0.674371571
A2B2C3D4-1F2S2B3W4-1.POSCAR,-0.445907873
A2B2C3D4-1F2S2B3Zr4-1.POSCAR,-0.900669655
A2B2C3D4-1F2S2C3Cr4-1.POSCAR,-0.224122495
A2B2C3D4-1F2S2C3Hf4-1.POSCAR,-1.069982546
A2B2C3D4-1F2S2C3Mo4-1.POSCAR,-0.283556288
A2B2C3D4-1F2S2C3Nb4-1.POSCAR,-0.811433371
A2B2C3D4-1F2S2C3Sc4-1.POSCAR,-0.739868784
A2B2C3D4-1F2S2C3Ta4-1.POSCAR,-0.814580288
A2B2C3D4-1F2S2C3Ti4-1.POSCAR,-0.981712268
A2B2C3D4-1F2S2C3V4-1.POSCAR,-0.631456492
A2B2C3D4-1F2S2C3W4-1.POSCAR,-0.190191974
A2B2C3D4-1F2S2C3Y4-1.POSCAR,-0.664918664
A2B2C3D4-1F2S2C3Zr4-1.POSCAR,-1.073075263
A2B2C3D4-1F2S2N3Hf4-1.POSCAR,-1.510032351
A2B2C3D4-1F2S2N3Mo4-1.POSCAR,-0.473620516
A2B2C3D4-1F2S2N3Sc4-1.POSCAR,-1.581140573
A2B2C3D4-1F2S2N3Ta4-1.POSCAR,-0.983622778
A2B2C3D4-1F2S2N3V4-1.POSCAR,-0.932962165
A2B2C3D4-1F2S2N3W4-1.POSCAR,-0.294849396
A2B2C3D4-1F2S2N3Zr4-1.POSCAR,-1.569237288
A2B2C3D4-1H2O2B3Cr4-1.POSCAR,-0.444437289
A2B2C3D4-1H2O2B3Fe4-1.POSCAR,-0.306533934
A2B2C3D4-1H2O2B3Hf4-1.POSCAR,-1.030893859
A2B2C3D4-1H2O2B3Mo4-1.POSCAR,-0.532135276
A2B2C3D4-1H2O2B3Nb4-1.POSCAR,-0.887719431
A2B2C3D4-1H2O2B3Ta4-1.POSCAR,-0.883103045
A2B2C3D4-1H2O2B3Ti4-1.POSCAR,-0.972660357
A2B2C3D4-1H2O2B3V4-1.POSCAR,-0.749852733
A2B2C3D4-1H2O2B3W4-1.POSCAR,-0.439938973
A2B2C3D4-1H2O2B3Zr4-1.POSCAR,-1.046326674
A2B2C3D4-1H2O2C3Cr4-1.POSCAR,-0.413
A2B2C3D4-1H2O2C3Fe4-1.POSCAR,-0.077354155
A2B2C3D4-1H2O2C3Hf4-1.POSCAR,-1.263
A2B2C3D4-1H2O2C3Mn4-1.POSCAR,-0.304
A2B2C3D4-1H2O2C3Mo4-1.POSCAR,-0.393
A2B2C3D4-1H2O2C3Nb4-1.POSCAR,-0.916
A2B2C3D4-1H2O2C3Sc4-1.POSCAR,-1.037
A2B2C3D4-1H2O2C3Ta4-1.POSCAR,-0.882
A2B2C3D4-1H2O2C3Ti4-1.POSCAR,-1.211
A2B2C3D4-1H2O2C3V4-1.POSCAR,-0.8
A2B2C3D4-1H2O2C3W4-1.POSCAR,-0.245
A2B2C3D4-1H2O2C3Y4-1.POSCAR,-0.94
A2B2C3D4-1H2O2C3Zr4-1.POSCAR,-1.274
A2B2C3D4-1H2O2N3Cr4-1.POSCAR,-0.773
A2B2C3D4-1H2O2N3Hf4-1.POSCAR,-1.609
A2B2C3D4-1H2O2N3Mn4-1.POSCAR,-0.479
A2B2C3D4-1H2O2N3Mo4-1.POSCAR,-0.547
A2B2C3D4-1H2O2N3Nb4-1.POSCAR,-1.123
A2B2C3D4-1H2O2N3Nb4-2.POSCAR,-1.118585681
A2B2C3D4-1H2O2N3Sc4-1.POSCAR,-1.947
A2B2C3D4-1H2O2N3Ta4-1.POSCAR,-0.973
A2B2C3D4-1H2O2N3Ti4-1.POSCAR,-1.667
A2B2C3D4-1H2O2N3V4-1.POSCAR,-1.104
A2B2C3D4-1H2O2N3W4-1.POSCAR,-0.288
A2B2C3D4-1H2O2N3Y4-1.POSCAR,-1.842
A2B2C3D4-1H2O2N3Zr4-1.POSCAR,-1.706
A2B2C3D4-1H2S2B3Cr4-1.POSCAR,-0.014723086
A2B2C3D4-1H2S2B3Hf4-1.POSCAR,-0.585762926
A2B2C3D4-1H2S2B3Mn4-1.POSCAR,-0.06791414
A2B2C3D4-1H2S2B3Mo4-1.POSCAR,-0.126440108
A2B2C3D4-1H2S2B3Nb4-1.POSCAR,-0.48122075
A2B2C3D4-1H2S2B3Ta4-1.POSCAR,-0.481098824
A2B2C3D4-1H2S2B3Ti4-1.POSCAR,-0.492843332
A2B2C3D4-1H2S2B3V4-1.POSCAR,-0.306121013
A2B2C3D4-1H2S2B3W4-1.POSCAR,-0.041873141
A2B2C3D4-1H2S2B3Zr4-1.POSCAR,-0.602333534
A2B2C3D4-1H2S2C3Cr4-1.POSCAR,0.111488662
A2B2C3D4-1H2S2C3Hf4-1.POSCAR,-0.765782602
A2B2C3D4-1H2S2C3Mn4-1.POSCAR,0.251228381
A2B2C3D4-1H2S2C3Mo4-1.POSCAR,0.0733173
A2B2C3D4-1H2S2C3Nb4-1.POSCAR,-0.446476885
A2B2C3D4-1H2S2C3Sc4-1.POSCAR,-0.491438391
A2B2C3D4-1H2S2C3Ta4-1.POSCAR,-0.425928091
A2B2C3D4-1H2S2C3Ti4-1.POSCAR,-0.673207321
A2B2C3D4-1H2S2C3V4-1.POSCAR,-0.262473497
A2B2C3D4-1H2S2C3W4-1.POSCAR,0.205673415
A2B2C3D4-1H2S2C3Y4-1.POSCAR,-0.439178265
A2B2C3D4-1H2S2C3Zr4-1.POSCAR,-0.781013241
A2B2C3D4-1H2S2N3Cr4-1.POSCAR,-0.145580906
A2B2C3D4-1H2S2N3Hf4-1.POSCAR,-1.13144193
A2B2C3D4-1H2S2N3Mn4-1.POSCAR,0.005704614
A2B2C3D4-1H2S2N3Mo4-1.POSCAR,-0.07606654
A2B2C3D4-1H2S2N3Nb4-1.POSCAR,-0.664618375
A2B2C3D4-1H2S2N3Sc4-1.POSCAR,-1.342619272
A2B2C3D4-1H2S2N3Ta4-1.POSCAR,-0.559193751
A2B2C3D4-1H2S2N3Ti4-1.POSCAR,-1.102662558
A2B2C3D4-1H2S2N3W4-1.POSCAR,0.131626985
A2B2C3D4-1H2S2N3Zr4-1.POSCAR,-1.218195376
A2B2C5-1Al2Co2O5-1.POSCAR,-1.836576721
A2B2C5-1Al2Co2O5-2.POSCAR,-1.812575725
A2B2C5-1Al2Co2S5-1.POSCAR,-0.686601974
A2B2C5-1Al2Co2S5-2.POSCAR,-0.650415075
A2B2C5-1Al2Co2Se5-2.POSCAR,-0.477261343
A2B2C5-1Al2Co2Se5-3.POSCAR,-0.464457676
A2B2C5-1Al2Co2Te5-1.POSCAR,-0.212453263
A2B2C5-1Al2Co2Te5-2.POSCAR,-0.190601853
A2B2C5-1Al2Co2Te5-3.POSCAR,-0.173638365
A2B2C5-1Al2Mg2S5-1.POSCAR,-1.243042413
A2B2C5-1Al2Mg2Se5-1.POSCAR,-1.025738158
A2B2C5-1Al2Mg2Te5-1.POSCAR,-0.605943369
A2B2C5-1Al2Ni2O5-1.POSCAR,-1.792928308
A2B2C5-1Al2Ni2O5-2.POSCAR,-1.791790421
A2B2C5-1Al2Ni2S5-1.POSCAR,-0.670475159
A2B2C5-1Al2Ni2S5-2.POSCAR,-0.668547094
A2B2C5-1Al2Ni2Se5-1.POSCAR,-0.528018624
A2B2C5-1Al2Ni2Se5-2.POSCAR,-0.517756625
A2B2C5-1Al2Ni2Se5-3.POSCAR,-0.5128405
A2B2C5-1Al2Ni2Te5-1.POSCAR,-0.265255043
A2B2C5-1Al2Ni2Te5-2.POSCAR,-0.259424784
A2B2C5-1Al2Ni2Te5-3.POSCAR,-0.257101893
A2B2C5-1Al2Zn2O5-1.POSCAR,-2.069856233
A2B2C5-1Al2Zn2S5-1.POSCAR,-0.836016894
A2B2C5-1Al2Zn2Se5-1.POSCAR,-0.677043458
A2B2C5-1Co2Ga2O5-1.POSCAR,-1.242246028
A2B2C5-1Co2Ga2S5-1.POSCAR,-0.500056955
A2B2C5-1Co2Ga2S5-2.POSCAR,-0.496669629
A2B2C5-1Co2Ga2S5-3.POSCAR,-0.46271859
A2B2C5-1Co2Ga2Se5-2.POSCAR,-0.370089093
A2B2C5-1Co2Ga2Se5-3.POSCAR,-0.354377005
A2B2C5-1Co2Ga2Te5-1.POSCAR,-0.189735703
A2B2C5-1Co2Ga2Te5-2.POSCAR,-0.16586576
A2B2C5-1Co2Ga2Te5-3.POSCAR,-0.133685172
A2B2C5-1Co2In2O5-1.POSCAR,-0.974218587
A2B2C5-1Co2In2S5-1.POSCAR,-0.377179217
A2B2C5-1Co2In2S5-2.POSCAR,-0.337743538
A2B2C5-1Co2In2Se5-1.POSCAR,-0.325402596
A2B2C5-1Co2In2Se5-2.POSCAR,-0.300824534
A2B2C5-1Co2In2Se5-3.POSCAR,-0.276758879
A2B2C5-1Co2In2Te5-1.POSCAR,-0.144539147
A2B2C5-1Co2In2Te5-2.POSCAR,-0.12500943
A2B2C5-1Co2In2Te5-3.POSCAR,-0.097202665
A2B2C5-1Co2Tl2S5-1.POSCAR,-0.136012176
A2B2C5-1Co2Tl2Se5-1.POSCAR,-0.109784021
A2B2C5-1Co2Tl2Te5-1.POSCAR,0.00843028
A2B2C5-1Ga2Mg2S5-1.POSCAR,-1.034125445
A2B2C5-1Ga2Mg2Se5-1.POSCAR,-0.890251164
A2B2C5-1Ga2Mg2Te5-1.POSCAR,-0.548934282
A2B2C5-1Ga2Ni2O5-1.POSCAR,-1.206493332
A2B2C5-1Ga2Ni2O5-2.POSCAR,-1.20085327
A2B2C5-1Ga2Ni2S5-1.POSCAR,-0.485880186
A2B2C5-1Ga2Ni2S5-2.POSCAR,-0.478243638
A2B2C5-1Ga2Ni2S5-3.POSCAR,-0.473431574
A2B2C5-1Ga2Ni2Se5-2.POSCAR,-0.407993849
A2B2C5-1Ga2Ni2Se5-3.POSCAR,-0.402433738
A2B2C5-1Ga2Ni2Te5-2.POSCAR,-0.237028244
A2B2C5-1Ga2Ni2Te5-3.POSCAR,-0.22373189
A2B2C5-1Ga2Zn2O5-1.POSCAR,-1.539132136
A2B2C5-1Ga2Zn2S5-1.POSCAR,-0.610056704
A2B2C5-1Ga2Zn2Se5-1.POSCAR,-0.525209078
A2B2C5-1Ga2Zn2Te5-1.POSCAR,-0.275710734
A2B2C5-1In2Mg2S5-1.POSCAR,-0.96946657
A2B2C5-1In2Mg2Se5-1.POSCAR,-0.864586668
A2B2C5-1In2Ni2O5-1.POSCAR,-0.930683977
A2B2C5-1In2Ni2O5-2.POSCAR,-0.918221659
A2B2C5-1In2Ni2S5-1.POSCAR,-0.382818276
A2B2C5-1In2Ni2S5-2.POSCAR,-0.374646431
A2B2C5-1In2Ni2S5-3.POSCAR,-0.362141999
A2B2C5-1In2Ni2Se5-1.POSCAR,-0.356924657
A2B2C5-1In2Ni2Se5-3.POSCAR,-0.335960923
A2B2C5-1In2Ni2Te5-1.POSCAR,-0.207894698
A2B2C5-1In2Ni2Te5-2.POSCAR,-0.203725902
A2B2C5-1In2Ni2Te5-3.POSCAR,-0.182489357
A2B2C5-1In2Zn2O5-1.POSCAR,-1.377338169
A2B2C5-1In2Zn2S5-1.POSCAR,-0.592287118
A2B2C5-1In2Zn2Se5-1.POSCAR,-0.533238017
A2B2C5-1In2Zn2Te5-1.POSCAR,-0.303494419
A2B2C5-1Ni2Tl2S5-1.POSCAR,-0.139522789
A2B2C5-1Ni2Tl2Se5-1.POSCAR,-0.161278564
A2B2C5-1Ni2Tl2Te5-1.POSCAR,-0.073997625
A2B2C5-1Tl2Zn2O5-1.POSCAR,-0.9010084
A2B2C5-1Tl2Zn2S5-1.POSCAR,-0.324842889
A2B2C5-1Tl2Zn2Se5-1.POSCAR,-0.318516201
A2B2C5-1Tl2Zn2Te5-1.POSCAR,-0.15050642
A2B3-1Al2S3-1.POSCAR,-1.026563606
A2B3-1Al2S3-2.POSCAR,-1.018507128
A2B3-1Al2Se3-1.POSCAR,-0.786279715
A2B3-1Al2Se3-2.POSCAR,-0.768441299
A2B3-1Al2Te3-1.POSCAR,-0.363071073
A2B3-1Al2Te3-2.POSCAR,-0.349786555
A2B3-1As2S3-1.POSCAR,-0.082207654
A2B3-1As2Se3-1.POSCAR,-0.117010095
A2B3-1As2Te3-1.POSCAR,-0.003003153
A2B3-1B2Hf3-1.POSCAR,-0.031666245
A2B3-1B2Sc3-1.POSCAR,0.16607011
A2B3-1B2Zr3-1.POSCAR,-0.09254626
A2B3-1Bi2O3-1.POSCAR,-1.031444121
A2B3-1Bi2O3-2.POSCAR,-1.023567084
A2B3-1Bi2S3-1.POSCAR,-0.36271032
A2B3-1Bi2Se3-1.POSCAR,-0.38915267
A2B3-1Bi2Te3-1.POSCAR,-0.228348084
A2B3-1C2Cr3-1.POSCAR,0.537
A2B3-1C2Hf3-1.POSCAR,-0.368
A2B3-1C2Mn3-1.POSCAR,0.444
A2B3-1C2Mo3-1.POSCAR,0.457
A2B3-1C2Nb3-1.POSCAR,-0.033
A2B3-1C2Sc3-1.POSCAR,-0.284
A2B3-1C2Ta3-1.POSCAR,0.007
A2B3-1C2Ti3-1.POSCAR,-0.381
A2B3-1C2V3-1.POSCAR,0.024
A2B3-1C2W3-1.POSCAR,0.589
A2B3-1C2Y3-1.POSCAR,-0.14
A2B3-1C2Zr3-1.POSCAR,-0.417
A2B3-1Co2Se3-1.POSCAR,-0.259120374
A2B3-1Co2Te3-1.POSCAR,-0.157183193
A2B3-1Ga2S3-2.POSCAR,-0.546341984
A2B3-1Ga2Se3-1.POSCAR,-0.527581808
A2B3-1Ga2Se3-2.POSCAR,-0.447346308
A2B3-1Ga2Te3-1.POSCAR,0.08345165
A2B3-1Ge2S3-1.POSCAR,-0.230030614
A2B3-1In2S3-1.POSCAR,-0.548487082
A2B3-1In2Se3-1.POSCAR,-0.52587999
A2B3-1In2Se3-2.POSCAR,-0.495801042
A2B3-1In2Se3-3.POSCAR,-0.482392732
A2B3-1Mo2C3-1.POSCAR,0.87553513
A2B3-1Mo2N3-1.POSCAR,-0.152942755
A2B3-1N2Cr3-1.POSCAR,0.214
A2B3-1N2Hf3-1.POSCAR,-0.878
A2B3-1N2Mn3-1.POSCAR,0.184
A2B3-1N2Mo3-1.POSCAR,0.318
A2B3-1N2Nb3-1.POSCAR,-0.401
A2B3-1N2Sc3-1.POSCAR,-1.242
A2B3-1N2Ta3-1.POSCAR,-0.309
A2B3-1N2Ti3-1.POSCAR,-0.985
A2B3-1N2V3-1.POSCAR,-0.368
A2B3-1N2W3-1.POSCAR,0.545
A2B3-1N2Y3-1.POSCAR,-1.093
A2B3-1N2Zr3-1.POSCAR,-0.972
A2B3-1Ni2Se3-1.POSCAR,-0.222870344
A2B3-1Ni2Se3-2.POSCAR,-0.121189336
A2B3-1Ni2Te3-1.POSCAR,-0.192018375
A2B3-1P2S3-1.POSCAR,0.079187406
A2B3-1P2Se3-1.POSCAR,0.067141574
A2B3-1P2Te3-1.POSCAR,0.170760008
A2B3-1Sb2O3-2.POSCAR,-0.890796339
A2B3-1Sb2S3-1.POSCAR,-0.231915794
A2B3-1Sb2Se3-1.POSCAR,-0.262966352
A2B3-1Sb2Te3-1.POSCAR,-0.120704977
A2B3-1Tl2S3-2.POSCAR,-0.039135115
A2B3-1Tl2Se3-3.POSCAR,-0.081394381
A2B3-1Tl2Te3-2.POSCAR,0.053304571
A2B3-1W2C3-1.POSCAR,0.844617133
A2B3-1W2N3-1.POSCAR,-0.193657106
A2B3C3D7-1Se2Bi3Sb3S7-1.POSCAR,-0.310653368
A2B3C4-1Cl2B3Cr4-1.POSCAR,-0.225743986
A2B3C4-1Cl2B3Hf4-1.POSCAR,-0.978947583
A2B3C4-1Cl2B3Mo4-1.POSCAR,-0.393326828
A2B3C4-1Cl2B3Nb4-1.POSCAR,-0.816257932
A2B3C4-1Cl2B3Sc4-1.POSCAR,-0.66461015
A2B3C4-1Cl2B3Ti4-1.POSCAR,-0.864737252
A2B3C4-1Cl2B3V4-1.POSCAR,-0.603650444
A2B3C4-1Cl2B3W4-1.POSCAR,-0.28155837
A2B3C4-1Cl2B3Y4-1.POSCAR,-0.597225748
A2B3C4-1Cl2B3Zr4-1.POSCAR,-1.000535683
A2B3C4-1Cl2C3Cr4-1.POSCAR,-0.171370151
A2B3C4-1Cl2C3Hf4-1.POSCAR,-1.227729063
A2B3C4-1Cl2C3Mo4-1.POSCAR,-0.211216252
A2B3C4-1Cl2C3Sc4-1.POSCAR,-0.927037311
A2B3C4-1Cl2C3Ta4-1.POSCAR,-0.774076895
A2B3C4-1Cl2C3Ti4-1.POSCAR,-1.135443069
A2B3C4-1Cl2C3V4-1.POSCAR,-0.615484695
A2B3C4-1Cl2C3W4-1.POSCAR,-0.031805136
A2B3C4-1Cl2C3Y4-1.POSCAR,-0.859119274
A2B3C4-1Cl2C3Zr4-1.POSCAR,-1.252662052
A2B3C4-1Cl2N3Cr4-1.POSCAR,-0.503331584
A2B3C4-1Cl2N3Hf4-1.POSCAR,-1.630820642
A2B3C4-1Cl2N3Mo4-1.POSCAR,-0.385465448
A2B3C4-1Cl2N3Nb4-1.POSCAR,-1.064952729
A2B3C4-1Cl2N3Ta4-1.POSCAR,-0.876326942
A2B3C4-1Cl2N3Ti4-1.POSCAR,-1.658348349
A2B3C4-1Cl2N3W4-1.POSCAR,-0.0505482
A2B3C4-1Cl2N3Y4-1.POSCAR,-1.932376137
A2B3C4-1Cl2N3Zr4-1.POSCAR,-1.761640364
A2B3C4-1F2B3Hf4-1.POSCAR,-1.417306091
A2B3C4-1F2B3Mo4-1.POSCAR,-0.771294726
A2B3C4-1F2B3Nb4-1.POSCAR,-1.21223304
A2B3C4-1F2B3Sc4-1.POSCAR,-1.173760131
A2B3C4-1F2B3Ta4-1.POSCAR,-1.189788601
A2B3C4-1F2B3Ti4-1.POSCAR,-1.341530006
A2B3C4-1F2B3V4-1.POSCAR,-1.042651462
A2B3C4-1F2B3W4-1.POSCAR,-0.64725953
A2B3C4-1F2B3Zr4-1.POSCAR,-1.445177457
A2B3C4-1F2C3Cr4-1.POSCAR,-0.649
A2B3C4-1F2C3Mn4-1.POSCAR,-0.521
A2B3C4-1F2C3Mo4-1.POSCAR,-0.614
A2B3C4-1F2C3Nb4-1.POSCAR,-1.252
A2B3C4-1F2C3Sc4-1.POSCAR,-1.463
A2B3C4-1F2C3Ta4-1.POSCAR,-1.189
A2B3C4-1F2C3Ti4-1.POSCAR,-1.635
A2B3C4-1F2C3V4-1.POSCAR,-1.114
A2B3C4-1F2C3W4-1.POSCAR,-0.421
A2B3C4-1F2C3Y4-1.POSCAR,-1.363
A2B3C4-1F2C3Zr4-1.POSCAR,-1.717
A2B3C4-1F2N3Cr4-1.POSCAR,-1.09
A2B3C4-1F2N3Hf4-1.POSCAR,-2.077
A2B3C4-1F2N3Mo4-1.POSCAR,-0.814
A2B3C4-1F2N3Nb4-1.POSCAR,-1.506
A2B3C4-1F2N3Nb4-2.POSCAR,-1.476200616
A2B3C4-1F2N3Sc4-1.POSCAR,-2.57
A2B3C4-1F2N3Ta4-1.POSCAR,-1.292
A2B3C4-1F2N3Ta4-2.POSCAR,-1.281639095
A2B3C4-1F2N3Ti4-1.POSCAR,-2.18
A2B3C4-1F2N3V4-1.POSCAR,-1.494
A2B3C4-1F2N3W4-1.POSCAR,-0.482
A2B3C4-1F2N3Y4-1.POSCAR,-2.457
A2B3C4-1F2N3Zr4-1.POSCAR,-2.226
A2B3C4-1H2B3Hf4-1.POSCAR,-0.408214847
A2B3C4-1H2B3Mo4-1.POSCAR,-0.11257988
A2B3C4-1H2B3Nb4-1.POSCAR,-0.402431767
A2B3C4-1H2B3Sc4-1.POSCAR,-0.080073373
A2B3C4-1H2B3Ta4-1.POSCAR,-0.406558667
A2B3C4-1H2B3Ti4-1.POSCAR,-0.3451923
A2B3C4-1H2B3V4-1.POSCAR,-0.230291966
A2B3C4-1H2B3W4-1.POSCAR,-0.005426067
A2B3C4-1H2B3Zr4-1.POSCAR,-0.417838243
A2B3C4-1H2C3Hf4-1.POSCAR,-0.726628923
A2B3C4-1H2C3Mo4-1.POSCAR,0.108256127
A2B3C4-1H2C3Nb4-1.POSCAR,-0.447152753
A2B3C4-1H2C3Sc4-1.POSCAR,-0.366132512
A2B3C4-1H2C3Ta4-1.POSCAR,-0.421329553
A2B3C4-1H2C3Ti4-1.POSCAR,-0.68872801
A2B3C4-1H2C3V4-1.POSCAR,-0.326230728
A2B3C4-1H2C3W4-1.POSCAR,0.267109814
A2B3C4-1H2C3Y4-1.POSCAR,-0.243800211
A2B3C4-1H2C3Zr4-1.POSCAR,-0.732965502
A2B3C4-1H2N3Cr4-1.POSCAR,-0.224709184
A2B3C4-1H2N3Hf4-1.POSCAR,-1.211844766
A2B3C4-1H2N3Mo4-1.POSCAR,-0.04683846
A2B3C4-1H2N3Nb4-1.POSCAR,-0.700107612
A2B3C4-1H2N3Sc4-1.POSCAR,-1.484057178
A2B3C4-1H2N3Ta4-1.POSCAR,-0.560610561
A2B3C4-1H2N3V4-1.POSCAR,-0.680681893
A2B3C4-1H2N3W4-1.POSCAR,0.12877347
A2B3C4-1H2N3Y4-1.POSCAR,-1.343866659
A2B3C4-1H2N3Zr4-1.POSCAR,-1.309960284
A2B3C4-1O2B3Cr4-1.POSCAR,-0.526985897
A2B3C4-1O2B3Hf4-1.POSCAR,-1.293101854
A2B3C4-1O2B3Nb4-1.POSCAR,-1.202583527
A2B3C4-1O2B3Ta4-1.POSCAR,-1.256736429
A2B3C4-1O2B3Ti4-1.POSCAR,-1.166016362
A2B3C4-1O2B3Zr4-1.POSCAR,-1.296018384
A2B3C4-1O2C3Cr4-1.POSCAR,-0.414
A2B3C4-1O2C3Mn4-1.POSCAR,-0.235
A2B3C4-1O2C3Mo4-1.POSCAR,-0.448
A2B3C4-1O2C3Nb4-1.POSCAR,-1.212
A2B3C4-1O2C3Sc4-1.POSCAR,-1.092
A2B3C4-1O2C3Ta4-1.POSCAR,-1.249
A2B3C4-1O2C3Ti4-1.POSCAR,-1.502
A2B3C4-1O2C3V4-1.POSCAR,-0.968
A2B3C4-1O2C3W4-1.POSCAR,-0.383
A2B3C4-1O2C3Y4-1.POSCAR,-1.025
A2B3C4-1O2C3Zr4-1.POSCAR,-1.648
A2B3C4-1O2N3Cr4-1.POSCAR,-0.856
A2B3C4-1O2N3Fe4-1.POSCAR,-0.197344281
A2B3C4-1O2N3Hf4-1.POSCAR,-2.21
A2B3C4-1O2N3Mn4-1.POSCAR,-0.632
A2B3C4-1O2N3Mo4-1.POSCAR,-0.697
A2B3C4-1O2N3Nb4-1.POSCAR,-1.533
A2B3C4-1O2N3Sc4-1.POSCAR,-2.251
A2B3C4-1O2N3Ta4-1.POSCAR,-1.443
A2B3C4-1O2N3Ti4-1.POSCAR,-2.128
A2B3C4-1O2N3V4-1.POSCAR,-1.377
A2B3C4-1O2N3W4-1.POSCAR,-0.486
A2B3C4-1O2N3Y4-1.POSCAR,-2.149
A2B3C4-1O2N3Zr4-1.POSCAR,-2.267
A2B3C4-1S2B3Hf4-1.POSCAR,-0.761559565
A2B3C4-1S2B3Nb4-1.POSCAR,-0.809714411
A2B3C4-1S2B3Ta4-1.POSCAR,-0.852077751
A2B3C4-1S2B3Ti4-1.POSCAR,-0.633725224
A2B3C4-1S2B3V4-1.POSCAR,-0.571551098
A2B3C4-1S2B3Zr4-1.POSCAR,-0.762808677
A2B3C4-1S2C3Cr4-1.POSCAR,-0.056753439
A2B3C4-1S2C3Hf4-1.POSCAR,-1.088286464
A2B3C4-1S2C3Mn4-1.POSCAR,0.064734176
A2B3C4-1S2C3Mo4-1.POSCAR,-0.143100472
A2B3C4-1S2C3Nb4-1.POSCAR,-0.773869687
A2B3C4-1S2C3Sc4-1.POSCAR,-0.491297598
A2B3C4-1S2C3Ta4-1.POSCAR,-0.801982123
A2B3C4-1S2C3Ti4-1.POSCAR,-0.949492905
A2B3C4-1S2C3V4-1.POSCAR,-0.570536336
A2B3C4-1S2C3W4-1.POSCAR,-0.053215793
A2B3C4-1S2C3Zr4-1.POSCAR,-1.061982981
A2B3C4-1S2N3Hf4-1.POSCAR,-1.61928467
A2B3C4-1S2N3Mn4-1.POSCAR,-0.251367358
A2B3C4-1S2N3Mo4-1.POSCAR,-0.361042071
A2B3C4-1S2N3Nb4-1.POSCAR,-1.069200964
A2B3C4-1S2N3Sc4-1.POSCAR,-1.658420676
A2B3C4-1S2N3Ta4-1.POSCAR,-0.978289315
A2B3C4-1S2N3Ti4-1.POSCAR,-1.55282279
A2B3C4-1S2N3W4-1.POSCAR,-0.153443346
A2B3C4-1S2N3Y4-1.POSCAR,-1.537126347
A2B3C4-1S2N3Zr4-1.POSCAR,-1.670502673
A2B3C4D6-1Mo2N3Ti4Cl6-1.POSCAR,-1.317696974
A2B3C6-1Al2Zn3O6-1.POSCAR,-1.933573754
A2B3C6-1Al2Zn3Se6-1.POSCAR,-0.669587449
A2B3C6-1Al2Zn3Te6-1.POSCAR,-0.363063877
A2B3C6-1Ga2Zn3O6-1.POSCAR,-1.515722512
A2B3C6-1Ga2Zn3Se6-1.POSCAR,-0.548318276
A2B3C6-1In2Zn3O6-1.POSCAR,-1.394914953
A2B3C6-1In2Zn3S6-1.POSCAR,-0.621228185
A2B3C6-1In2Zn3Se6-1.POSCAR,-0.553178473
A2B3C6-1In2Zn3Te6-1.POSCAR,-0.32237689
A2B3C6-1Tl2Zn3O6-1.POSCAR,-1.005842709
A2B3C6-1Tl2Zn3S6-1.POSCAR,-0.402983216
A2B3C6-1Tl2Zn3Se6-1.POSCAR,-0.378026373
A2B3C6-1Tl2Zn3Te6-1.POSCAR,-0.196814026
A2B6C7-1Se2Bi6S7-1.POSCAR,-0.356088045
A3B4-1Al3S4-1.POSCAR,-0.91513787
A3B4-1Al3Se4-1.POSCAR,-0.720871871
A3B4-1Al3Te4-1.POSCAR,-0.347997822
A3B4-1B3Sc4-1.POSCAR,0.155462755
A3B4-1B3Ti4-1.POSCAR,-0.111865452
A3B4-1B3Y4-1.POSCAR,0.242154108
A3B4-1B3Zr4-1.POSCAR,-0.197552679
A3B4-1C3Cr4-1.POSCAR,0.373
A3B4-1C3Hf4-1.POSCAR,-0.53
A3B4-1C3Mo4-1.POSCAR,0.354
A3B4-1C3Nb4-1.POSCAR,-0.269
A3B4-1C3Sc4-1.POSCAR,-0.322
A3B4-1C3Ta4-1.POSCAR,-0.264
A3B4-1C3Ti4-1.POSCAR,-0.518
A3B4-1C3V4-1.POSCAR,-0.132
A3B4-1C3W4-2.POSCAR,0.548
A3B4-1C3Y4-1.POSCAR,-0.156
A3B4-1C3Zr4-1.POSCAR,-0.554
A3B4-1Co3O4-1.POSCAR,-0.847053409
A3B4-1Co3S4-1.POSCAR,-0.359943987
A3B4-1Co3Se4-1.POSCAR,-0.229447731
A3B4-1Co3Te4-1.POSCAR,-0.142502971
A3B4-1Cr3S4-1.POSCAR,-0.654510648
A3B4-1Cr3Se4-1.POSCAR,-0.48442715
A3B4-1Cr3Te4-1.POSCAR,-0.176423529
A3B4-1Fe3S4-1.POSCAR,-0.30855729
A3B4-1Fe3S4-2.POSCAR,-0.177261278
A3B4-1Fe3Se4-1.POSCAR,-0.123525735
A3B4-1Fe3Te4-1.POSCAR,0.041700864
A3B4-1Ga3S4-1.POSCAR,-0.551945032
A3B4-1Ga3Se4-1.POSCAR,-0.474244496
A3B4-1In3S4-1.POSCAR,-0.534364118
A3B4-1In3Se4-1.POSCAR,-0.509559567
A3B4-1Mn3O4-1.POSCAR,-1.324741876
A3B4-1Mn3S4-1.POSCAR,-0.493585505
A3B4-1Mn3Se4-2.POSCAR,-0.343722661
A3B4-1Mn3Te4-1.POSCAR,-0.090110404
A3B4-1N3Cr4-1.POSCAR,-0.122
A3B4-1N3Hf4-1.POSCAR,-1.185
A3B4-1N3Nb4-1.POSCAR,-0.57
A3B4-1N3Sc4-1.POSCAR,-1.486
A3B4-1N3Ta4-1.POSCAR,-0.417
A3B4-1N3Ti4-1.POSCAR,-1.256
A3B4-1N3V4-1.POSCAR,-0.593
A3B4-1N3W4-2.POSCAR,0.626
A3B4-1N3Y4-1.POSCAR,-1.299
A3B4-1N3Zr4-1.POSCAR,-1.276
A3B4-1Ni3S4-1.POSCAR,-0.237182467
A3B4-1Ni3Se4-1.POSCAR,-0.225525327
A3B4-1Ni3Te4-1.POSCAR,-0.183240915
A3B4-1Tl3S4-1.POSCAR,-0.103162002
A3B4-1Tl3Se4-1.POSCAR,-0.156228919
A3B4-1Tl3Te4-1.POSCAR,-0.02450815
A3B4-1V3S4-1.POSCAR,-0.906969259
A3B4-1V3Te4-1.POSCAR,-0.21923635
A3B4-3Hf3S4-1.POSCAR,-1.403994275
A3B4-3Hf3Se4-1.POSCAR,-1.13771548
A3B4-3Hf3Te4-1.POSCAR,-0.656060086
A3B4-3Mo3S4-1.POSCAR,-0.620229946
A3B4-3Nb3S4-1.POSCAR,-1.127324961
A3B4-3Nb3Se4-1.POSCAR,-0.81524644
A3B4-3Nb3Te4-1.POSCAR,-0.31306763
A3B4-3Sn3S4-1.POSCAR,-0.369278531
A3B4-3Sn3Se4-1.POSCAR,-0.378789443
A3B4-3Ta3S4-1.POSCAR,-1.005866575
A3B4-3Ta3S4-2.POSCAR,-0.914938673
A3B4-3Ta3Se4-1.POSCAR,-0.561638779
A3B4-3Ti3Te4-1.POSCAR,-0.651746884
A3B4-3Zr3Se4-1.POSCAR,-1.299643333
A5B6-3Bi5Te6-1.POSCAR,-0.105713637
A5B6-3W5N6-1.POSCAR,-0.197181325
A7B12-1Sn7S12-1.POSCAR,-0.377841982
A7B12-1Sn7Se12-1.POSCAR,-0.35537544
A7B9-2Bi7Te9-1.POSCAR,-0.138753307
A7B9-2W7N9-1.POSCAR,-0.306434213
AB2-1CCr2-1.POSCAR,0.789
AB2-1CHf2-1.POSCAR,0.012
AB2-1CMn2-1.POSCAR,0.698
AB2-1CMo2-1.POSCAR,0.786
AB2-1CNb2-1.POSCAR,0.284
AB2-1CSc2-1.POSCAR,-0.061
AB2-1CTa2-1.POSCAR,0.316
AB2-1CV2-1.POSCAR,0.337
AB2-1CW2-1.POSCAR,0.957
AB2-1CY2-1.POSCAR,0.037
AB2-1NCr2-1.POSCAR,0.532
AB2-1NHf2-1.POSCAR,-0.44
AB2-1NMn2-1.POSCAR,0.591
AB2-1NMo2-1.POSCAR,0.663
AB2-1NNb2-1.POSCAR,0.029
AB2-1NSc2-1.POSCAR,-0.809
AB2-1NTi2-1.POSCAR,-0.589
AB2-1NV2-1.POSCAR,-0.062
AB2-1NW2-1.POSCAR,0.87
AB2-1NY2-1.POSCAR,-0.698
AB2-1OTl2-1.POSCAR,-0.556716769
AB2-1STl2-1.POSCAR,-0.33589785
AB2-1TeTl2-1.POSCAR,-0.200351694
AB2-2OTl2-1.POSCAR,-0.58574618
AB2-2OTl2-2.POSCAR,-0.548475447
AB2-2SeTl2-2.POSCAR,-0.342263793
AB2-2SeTl2-3.POSCAR,-0.335213721
AB2-2SeTl2-4.POSCAR,-0.295534229
AB2-2STl2-2.POSCAR,-0.317496102
AB2-2STl2-3.POSCAR,-0.264385088
AB2-2TeTl2-1.POSCAR,-0.248967249
AB2-2TeTl2-2.POSCAR,-0.235243866
AB2C2-1AsCo2S2-1.POSCAR,-0.260519253
AB2C2-1AsCo2Se2-1.POSCAR,-0.280191815
AB2C2-1AsCo2Te2-1.POSCAR,-0.235251793
AB2C2-1AsFe2Se2-1.POSCAR,-0.180442823
AB2C2-1AsHf2S2-1.POSCAR,-1.309277611
AB2C2-1AsHf2Se2-1.POSCAR,-1.192568537
AB2C2-1AsHf2Te2-1.POSCAR,-0.912421256
AB2C2-1AsNi2S2-1.POSCAR,-0.274675374
AB2C2-1AsNi2Se2-1.POSCAR,-0.294849041
AB2C2-1AsNi2Te2-1.POSCAR,-0.25692859
AB2C2-1AsPd2S2-1.POSCAR,-0.16657524
AB2C2-1AsPd2Se2-1.POSCAR,-0.240758449
AB2C2-1AsPd2Te2-1.POSCAR,-0.274789402
AB2C2-1AsS2Ti2-1.POSCAR,-1.116648896
AB2C2-1AsS2Zr2-1.POSCAR,-1.380641421
AB2C2-1AsSe2Ti2-1.POSCAR,-1.02530719
AB2C2-1AsSe2Zr2-1.POSCAR,-1.278613955
AB2C2-1AsTe2Ti2-1.POSCAR,-0.803072525
AB2C2-1AsTe2Zr2-1.POSCAR,-1.028250679
AB2C2-1BBr2Sc2-1.POSCAR,-1.094275251
AB2C2-1BCl2Cr2-1.POSCAR,-0.417571852
AB2C2-1BCl2Fe2-1.POSCAR,-0.136729714
AB2C2-1BCl2Hf2-1.POSCAR,-1.379768729
AB2C2-1BCl2Mn2-1.POSCAR,-0.483751606
AB2C2-1BCl2Nb2-1.POSCAR,-1.074364386
AB2C2-1BCl2Sc2-1.POSCAR,-1.336122043
AB2C2-1BCl2Ta2-1.POSCAR,-1.027993485
AB2C2-1BCl2V2-1.POSCAR,-0.854630242
AB2C2-1BCl2Y2-1.POSCAR,-1.371333787
AB2C2-1BCl2Zr2-1.POSCAR,-1.434429718
AB2C2-1BCr2H2-1.POSCAR,0.165604393
AB2C2-1BCr2O2-1.POSCAR,-0.918288204
AB2C2-1BCr2S2-1.POSCAR,-0.316396581
AB2C2-1BCr2Se2-1.POSCAR,-0.234304048
AB2C2-1BCr2Te2-1.POSCAR,-0.019446644
AB2C2-1BF2Fe2-1.POSCAR,-1.050395894
AB2C2-1BF2Hf2-1.POSCAR,-2.154626613
AB2C2-1BF2Mn2-1.POSCAR,-1.266226904
AB2C2-1BF2Nb2-1.POSCAR,-1.804748922
AB2C2-1BF2Sc2-1.POSCAR,-2.26463507
AB2C2-1BF2Ta2-1.POSCAR,-1.721540823
AB2C2-1BF2Ti2-1.POSCAR,-2.112334387
AB2C2-1BF2V2-1.POSCAR,-1.644974284
AB2C2-1BF2Y2-1.POSCAR,-2.250623964
AB2C2-1BF2Zr2-1.POSCAR,-2.22714954
AB2C2-1BFe2H2-1.POSCAR,0.103814746
AB2C2-1BH2Hf2-1.POSCAR,-0.374780618
AB2C2-1BH2Mn2-1.POSCAR,0.029771629
AB2C2-1BH2Nb2-1.POSCAR,-0.25344245
AB2C2-1BH2Sc2-1.POSCAR,-0.271639263
AB2C2-1BH2Ta2-1.POSCAR,-0.225908538
AB2C2-1BH2Ti2-1.POSCAR,-0.343431569
AB2C2-1BH2V2-1.POSCAR,-0.131325248
AB2C2-1BH2Y2-1.POSCAR,-0.217767396
AB2C2-1BH2Zr2-1.POSCAR,-0.407277267
AB2C2-1BHf2O2-1.POSCAR,-2.047868292
AB2C2-1BHf2S2-1.POSCAR,-1.073646111
AB2C2-1BHf2Se2-1.POSCAR,-0.926632937
AB2C2-1BHf2Te2-1.POSCAR,-0.694091879
AB2C2-1BI2Sc2-1.POSCAR,-0.741472702
AB2C2-1BiCo2S2-1.POSCAR,-0.143053032
AB2C2-1BiCo2Se2-1.POSCAR,-0.0608815
AB2C2-1BiCo2Te2-1.POSCAR,-0.032637702
AB2C2-1BiFe2S2-1.POSCAR,-0.078496918
AB2C2-1BiFe2Se2-1.POSCAR,0.027861629
AB2C2-1BiNi2S2-1.POSCAR,-0.2217176
AB2C2-1BiNi2Se2-1.POSCAR,-0.187917789
AB2C2-1BiNi2Te2-1.POSCAR,-0.176257108
AB2C2-1BiPd2S2-1.POSCAR,-0.205693314
AB2C2-1BiPd2Se2-1.POSCAR,-0.257179943
AB2C2-1BiPd2Te2-1.POSCAR,-0.318924033
AB2C2-1BMo2O2-1.POSCAR,-1.018714129
AB2C2-1BMo2S2-1.POSCAR,-0.526125225
AB2C2-1BMo2Se2-1.POSCAR,-0.454908615
AB2C2-1BMo2Te2-1.POSCAR,-0.250221231
AB2C2-1BNb2O2-1.POSCAR,-1.65757034
AB2C2-1BNb2S2-1.POSCAR,-0.932096781
AB2C2-1BNb2Se2-1.POSCAR,-0.818802785
AB2C2-1BNb2Te2-1.POSCAR,-0.546546607
AB2C2-1BO2Ta2-1.POSCAR,-1.718058123
AB2C2-1BO2Ti2-1.POSCAR,-1.8693041
AB2C2-1BO2V2-1.POSCAR,-1.379517187
AB2C2-1BO2W2-1.POSCAR,-1.028502855
AB2C2-1BO2Zr2-1.POSCAR,-2.037877404
AB2C2-1BS2Ta2-1.POSCAR,-0.975554655
AB2C2-1BS2Ti2-1.POSCAR,-0.911915035
AB2C2-1BS2V2-1.POSCAR,-0.698974246
AB2C2-1BS2W2-1.POSCAR,-0.49701849
AB2C2-1BS2Zr2-1.POSCAR,-1.069980439
AB2C2-1BSe2Ta2-1.POSCAR,-0.835579563
AB2C2-1BSe2Ti2-1.POSCAR,-0.790247374
AB2C2-1BSe2V2-1.POSCAR,-0.589766791
AB2C2-1BSe2Zr2-1.POSCAR,-0.942826229
AB2C2-1BTa2Te2-1.POSCAR,-0.522940508
AB2C2-1BTe2Ti2-1.POSCAR,-0.582007886
AB2C2-1BTe2V2-1.POSCAR,-0.315087866
AB2C2-1BTe2W2-1.POSCAR,-0.1471168
AB2C2-1BTe2Zr2-1.POSCAR,-0.731372314
AB2C2-1CBr2Sc2-1.POSCAR,-1.327493937
AB2C2-1CCl2Cr2-1.POSCAR,-0.441355406
AB2C2-1CCl2Fe2-1.POSCAR,-0.045287401
AB2C2-1CCl2Mn2-1.POSCAR,-0.37503469
AB2C2-1CCl2Mo2-1.POSCAR,-0.469576191
AB2C2-1CCl2Nb2-1.POSCAR,-1.051117377
AB2C2-1CCl2Sc2-1.POSCAR,-1.584749174
AB2C2-1CCl2Ti2-1.POSCAR,-1.396997423
AB2C2-1CCl2V2-1.POSCAR,-0.894559062
AB2C2-1CCl2W2-1.POSCAR,-0.238681729
AB2C2-1CCl2Y2-1.POSCAR,-1.587084889
AB2C2-1CCr2F2-1.POSCAR,-1.235582419
AB2C2-1CCr2H2-1.POSCAR,0.107498913
AB2C2-1CCr2O2-1.POSCAR,-0.882
AB2C2-1CCr2S2-1.POSCAR,-0.282555021
AB2C2-1CCr2Se2-1.POSCAR,-0.207762345
AB2C2-1CCr2Te2-1.POSCAR,0.016148227
AB2C2-1CF2Hf2-1.POSCAR,-2.26
AB2C2-1CF2Mn2-1.POSCAR,-1.212
AB2C2-1CF2Mo2-1.POSCAR,-1.017
AB2C2-1CF2Nb2-1.POSCAR,-1.813
AB2C2-1CF2Sc2-1.POSCAR,-2.541
AB2C2-1CF2Ta2-1.POSCAR,-1.67
AB2C2-1CF2Ti2-1.POSCAR,-2.274
AB2C2-1CF2V2-1.POSCAR,-1.724
AB2C2-1CF2W2-1.POSCAR,-0.795
AB2C2-1CF2Y2-1.POSCAR,-2.497
AB2C2-1CF2Zr2-1.POSCAR,-2.363
AB2C2-1CFe2H2-1.POSCAR,0.233898885
AB2C2-1CFe2O2-1.POSCAR,-0.311321524
AB2C2-1CH2Hf2-1.POSCAR,-0.58795104
AB2C2-1CH2Mn2-1.POSCAR,0.070601188
AB2C2-1CH2Mo2-1.POSCAR,0.144531543
AB2C2-1CH2Nb2-1.POSCAR,-0.287732553
AB2C2-1CH2Sc2-1.POSCAR,-0.545791282
AB2C2-1CH2Ta2-1.POSCAR,-0.226660139
AB2C2-1CH2Ti2-1.POSCAR,-0.585654277
AB2C2-1CH2V2-1.POSCAR,-0.227398527
AB2C2-1CH2W2-1.POSCAR,0.316109172
AB2C2-1CH2Y2-1.POSCAR,-0.459291266
AB2C2-1CH2Zr2-1.POSCAR,-0.626607716
AB2C2-1CHf2O2-1.POSCAR,-2.307
AB2C2-1CHf2S2-1.POSCAR,-1.237634682
AB2C2-1CHf2Se2-1.POSCAR,-1.076182741
AB2C2-1CHf2Te2-1.POSCAR,-0.771142339
AB2C2-1CI2Sc2-1.POSCAR,-0.930580403
AB2C2-1CI2Zr2-1.POSCAR,-0.932766515
AB2C2-1CMn2O2-1.POSCAR,-0.721614121
AB2C2-1CMn2S2-1.POSCAR,-0.186157981
AB2C2-1CMo2O2-1.POSCAR,-0.958
AB2C2-1CMo2S2-1.POSCAR,-0.412207958
AB2C2-1CMo2Se2-1.POSCAR,-0.332864675
AB2C2-1CMo2Te2-1.POSCAR,-0.119423547
AB2C2-1CNb2O2-1.POSCAR,-1.728
AB2C2-1CNb2S2-1.POSCAR,-0.946411287
AB2C2-1CNb2Se2-1.POSCAR,-0.836707426
AB2C2-1CNb2Te2-1.POSCAR,-0.557619359
AB2C2-1CO2Sc2-1.POSCAR,-1.812
AB2C2-1CO2Ta2-1.POSCAR,-1.766
AB2C2-1CO2Ti2-1.POSCAR,-2.061
AB2C2-1CO2V2-1.POSCAR,-1.437
AB2C2-1CO2W2-1.POSCAR,-0.936
AB2C2-1CO2Y2-1.POSCAR,-1.792
AB2C2-1CO2Zr2-1.POSCAR,-2.288
AB2C2-1CS2Ta2-1.POSCAR,-0.974553859
AB2C2-1CS2V2-1.POSCAR,-0.73918549
AB2C2-1CS2W2-1.POSCAR,-0.347467774
AB2C2-1CS2Zr2-1.POSCAR,-1.219202322
AB2C2-1CSe2Ta2-1.POSCAR,-0.831801201
AB2C2-1CSe2Ti2-1.POSCAR,-0.940194496
AB2C2-1CSe2V2-1.POSCAR,-0.638614811
AB2C2-1CSe2W2-1.POSCAR,-0.220753551
AB2C2-1CSe2Zr2-1.POSCAR,-1.08130159
AB2C2-1CTa2Te2-1.POSCAR,-0.507318574
AB2C2-1CTe2Ti2-1.POSCAR,-0.677555336
AB2C2-1CTe2V2-1.POSCAR,-0.350137449
AB2C2-1CTe2W2-1.POSCAR,0.045443273
AB2C2-1CTe2Zr2-1.POSCAR,-0.815133291
AB2C2-1NBr2Sc2-1.POSCAR,-1.751516897
AB2C2-1NBr2Ti2-1.POSCAR,-1.387483314
AB2C2-1NCl2Cr2-1.POSCAR,-0.616393831
AB2C2-1NCl2Fe2-1.POSCAR,-0.243904341
AB2C2-1NCl2Hf2-1.POSCAR,-1.605856684
AB2C2-1NCl2Mn2-1.POSCAR,-0.493240909
AB2C2-1NCl2Mo2-1.POSCAR,-0.495961075
AB2C2-1NCl2Mo2-2.POSCAR,-0.314215719
AB2C2-1NCl2Nb2-1.POSCAR,-1.131116462
AB2C2-1NCl2Ta2-1.POSCAR,-0.91125165
AB2C2-1NCl2V2-1.POSCAR,-1.088368275
AB2C2-1NCl2W2-1.POSCAR,-0.055920686
AB2C2-1NCl2Y2-1.POSCAR,-2.025758272
AB2C2-1NCl2Zr2-1.POSCAR,-1.77201121
AB2C2-1NCr2F2-1.POSCAR,-1.504
AB2C2-1NCr2H2-1.POSCAR,-0.108628851
AB2C2-1NCr2O2-1.POSCAR,-1.248860008
AB2C2-1NCr2S2-1.POSCAR,-0.462774155
AB2C2-1NCr2Se2-1.POSCAR,-0.383820535
AB2C2-1NCr2Te2-1.POSCAR,-0.143593176
AB2C2-1NF2Fe2-1.POSCAR,-1.061922158
AB2C2-1NF2Hf2-1.POSCAR,-2.382
AB2C2-1NF2Mn2-1.POSCAR,-1.349
AB2C2-1NF2Mo2-1.POSCAR,-1.192
AB2C2-1NF2Nb2-1.POSCAR,-1.811
AB2C2-1NF2Sc2-1.POSCAR,-2.984
AB2C2-1NF2Ta2-1.POSCAR,-1.618
AB2C2-1NF2Ti2-1.POSCAR,-2.562
AB2C2-1NF2V2-1.POSCAR,-1.934045017
AB2C2-1NF2W2-1.POSCAR,-0.927
AB2C2-1NF2Y2-1.POSCAR,-2.919
AB2C2-1NF2Zr2-1.POSCAR,-2.592
AB2C2-1NFe2H2-1.POSCAR,0.161012319
AB2C2-1NFe2O2-1.POSCAR,-0.571655457
AB2C2-1NFe2S2-1.POSCAR,-0.046225789
AB2C2-1NH2Hf2-1.POSCAR,-0.798030826
AB2C2-1NH2Mn2-1.POSCAR,-0.042081233
AB2C2-1NH2Mo2-1.POSCAR,0.019060423
AB2C2-1NH2Nb2-1.POSCAR,-0.454732035
AB2C2-1NH2Sc2-1.POSCAR,-1.067444646
AB2C2-1NH2Ta2-1.POSCAR,-0.339489229
AB2C2-1NH2Ti2-1.POSCAR,-0.902565425
AB2C2-1NH2W2-1.POSCAR,0.215867407
AB2C2-1NH2Y2-1.POSCAR,-0.972824953
AB2C2-1NH2Zr2-1.POSCAR,-0.904707301
AB2C2-1NHf2I2-1.POSCAR,-0.962479389
AB2C2-1NHf2O2-1.POSCAR,-2.584
AB2C2-1NHf2S2-1.POSCAR,-1.576267838
AB2C2-1NHf2Se2-1.POSCAR,-1.387819384
AB2C2-1NHf2Te2-1.POSCAR,-1.027254812
AB2C2-1NI2Sc2-1.POSCAR,-1.324709915
AB2C2-1NI2Ta2-1.POSCAR,-0.357341366
AB2C2-1NMn2O2-1.POSCAR,-1.005
AB2C2-1NMn2S2-1.POSCAR,-0.357015822
AB2C2-1NMo2O2-1.POSCAR,-1.174625243
AB2C2-1NMo2O2-2.POSCAR,-1.059
AB2C2-1NMo2S2-1.POSCAR,-0.491416324
AB2C2-1NMo2Se2-1.POSCAR,-0.395592492
AB2C2-1NMo2Te2-1.POSCAR,-0.176180092
AB2C2-1NNb2O2-1.POSCAR,-1.916
AB2C2-1NNb2S2-1.POSCAR,-1.118668172
AB2C2-1NNb2Se2-1.POSCAR,-0.972812604
AB2C2-1NNb2Te2-1.POSCAR,-0.687274146
AB2C2-1NO2Sc2-1.POSCAR,-2.414
AB2C2-1NO2Ta2-1.POSCAR,-1.876
AB2C2-1NO2Ti2-1.POSCAR,-2.427
AB2C2-1NO2V2-1.POSCAR,-1.702414056
AB2C2-1NO2W2-1.POSCAR,-1.074168333
AB2C2-1NO2W2-2.POSCAR,-0.946
AB2C2-1NO2Y2-1.POSCAR,-2.386
AB2C2-1NO2Zr2-1.POSCAR,-2.616
AB2C2-1NS2Ta2-1.POSCAR,-1.079950347
AB2C2-1NS2Ti2-1.POSCAR,-1.436608636
AB2C2-1NS2W2-1.POSCAR,-0.352777457
AB2C2-1NS2Zr2-1.POSCAR,-1.599793993
AB2C2-1NSe2Ta2-1.POSCAR,-0.900129319
AB2C2-1NSe2Ti2-1.POSCAR,-1.290031889
AB2C2-1NSe2V2-1.POSCAR,-0.836071458
AB2C2-1NSe2W2-1.POSCAR,-0.233605529
AB2C2-1NSe2W2-2.POSCAR,-0.060439512
AB2C2-1NSe2Zr2-1.POSCAR,-1.436807938
AB2C2-1NTa2Te2-1.POSCAR,-0.552592011
AB2C2-1NTe2Ti2-1.POSCAR,-1.003272047
AB2C2-1NTe2V2-1.POSCAR,-0.552726469
AB2C2-1NTe2W2-1.POSCAR,0.064187454
AB2C2-1NTe2W2-2.POSCAR,0.086811652
AB2C2-1NTe2Zr2-1.POSCAR,-1.131928845
AB2C2-1OBr2Fe2-1.POSCAR,-0.546862915
AB2C2-1OBr2Ti2-1.POSCAR,-1.578030078
AB2C2-1OCl2Nb2-1.POSCAR,-1.071421268
AB2C2-1OCl2Ti2-1.POSCAR,-1.834309045
AB2C2-1OCl2Zn2-1.POSCAR,-1.242906712
AB2C2-1OCo2Se2-1.POSCAR,-0.371573958
AB2C2-1OI2Mn2-1.POSCAR,-0.567844713
AB2C2-1OI2Nb2-1.POSCAR,-0.773774472
AB2C2-1OI2Ti2-1.POSCAR,-1.319496543
AB2C2-1OP2Se2-1.POSCAR,-0.280678111
AB2C2-1OP2Te2-1.POSCAR,-0.199204042
AB2C2-1OS2Sb2-2.POSCAR,-0.418405629
AB2C2-1OSb2Se2-1.POSCAR,-0.45551276
AB2C2-1OSb2Se2-2.POSCAR,-0.429830957
AB2C2-1OSb2Te2-1.POSCAR,-0.348499246
AB2C2-1OSb2Te2-2.POSCAR,-0.295940702
AB2C2-1OTe2V2-1.POSCAR,-0.668291248
AB2C2-1PCo2S2-1.POSCAR,-0.373404182
AB2C2-1PCo2Se2-1.POSCAR,-0.381958658
AB2C2-1PCo2Te2-1.POSCAR,-0.298117364
AB2C2-1PFe2S2-1.POSCAR,-0.321182095
AB2C2-1PFe2Se2-1.POSCAR,-0.286779114
AB2C2-1PHf2S2-1.POSCAR,-1.448491376
AB2C2-1PHf2Se2-1.POSCAR,-1.326393081
AB2C2-1PHf2Te2-1.POSCAR,-1.038736833
AB2C2-1PNi2S2-1.POSCAR,-0.320915533
AB2C2-1PNi2Se2-1.POSCAR,-0.326619541
AB2C2-1PNi2Te2-1.POSCAR,-0.262086235
AB2C2-1PPd2S2-1.POSCAR,-0.167265441
AB2C2-1PPd2Se2-1.POSCAR,-0.225953996
AB2C2-1PPd2Te2-1.POSCAR,-0.231601852
AB2C2-1PS2Ti2-1.POSCAR,-1.236281064
AB2C2-1PS2Zr2-1.POSCAR,-1.501073177
AB2C2-1PSe2Ti2-1.POSCAR,-1.151209923
AB2C2-1PSe2Zr2-1.POSCAR,-1.395811548
AB2C2-1PTe2Ti2-1.POSCAR,-0.925020246
AB2C2-1PTe2Zr2-1.POSCAR,-1.140780732
AB2C2-1SAl2I2-1.POSCAR,-0.419867326
AB2C2-1SAs2O2-1.POSCAR,-0.563683991
AB2C2-1SAs2Se2-1.POSCAR,-0.119698759
AB2C2-1SAs2Te2-1.POSCAR,-0.046394909
AB2C2-1SbCo2S2-1.POSCAR,-0.187369058
AB2C2-1SbCo2Se2-1.POSCAR,-0.172996455
AB2C2-1SbCo2Te2-1.POSCAR,-0.174767923
AB2C2-1SbFe2S2-1.POSCAR,-0.107203631
AB2C2-1SbHf2S2-1.POSCAR,-1.030416733
AB2C2-1SbHf2Se2-1.POSCAR,-0.911713948
AB2C2-1SbHf2Te2-1.POSCAR,-0.651678848
AB2C2-1SBi2O2-1.POSCAR,-0.813538182
AB2C2-1SBi2Se2-1.POSCAR,-0.390812962
AB2C2-1SBi2Te2-1.POSCAR,-0.288669546
AB2C2-1SbNi2S2-1.POSCAR,-0.239161831
AB2C2-1SbNi2Se2-1.POSCAR,-0.282720204
AB2C2-1SbNi2Te2-1.POSCAR,-0.273909769
AB2C2-1SbPd2S2-1.POSCAR,-0.205810006
AB2C2-1SbPd2Se2-1.POSCAR,-0.304748561
AB2C2-1SbPd2Te2-1.POSCAR,-0.359534631
AB2C2-1SBr2Ge2-1.POSCAR,-0.405306482
AB2C2-1SBr2Ir2-1.POSCAR,0.192436565
AB2C2-1SBr2Nb2-1.POSCAR,-0.757452103
AB2C2-1SBr2Pb2-1.POSCAR,-0.799771599
AB2C2-1SBr2Ti2-1.POSCAR,-1.131252906
AB2C2-1SBr2Zr2-1.POSCAR,-1.419857739
AB2C2-1SbS2Ti2-1.POSCAR,-0.950866665
AB2C2-1SbS2Zr2-1.POSCAR,-1.125438202
AB2C2-1SbSe2Ti2-1.POSCAR,-0.808203371
AB2C2-1SbSe2Zr2-1.POSCAR,-1.018543287
AB2C2-1SbTe2Ti2-1.POSCAR,-0.556655299
AB2C2-1SbTe2Zr2-1.POSCAR,-0.780794567
AB2C2-1SCl2Y2-1.POSCAR,-2.100813555
AB2C2-1SeCl2Mn2-1.POSCAR,-0.728653798
AB2C2-1SeI2Mn2-1.POSCAR,-0.340794078
AB2C2-1SeI2Ti2-1.POSCAR,-0.824393109
AB2C2-1SeI2Zr2-1.POSCAR,-0.842786966
AB2C2-1SHg2I2-1.POSCAR,-0.268627234
AB2C2-1SI2Mn2-1.POSCAR,-0.36790497
AB2C2-1SI2Pb2-1.POSCAR,-0.594372077
AB2C2-1SI2Pd2-1.POSCAR,-0.025758057
AB2C2-1SI2Zr2-1.POSCAR,-0.937901319
AB2C2-1SIn2Te2-1.POSCAR,-0.328804918
AB2C2-1SO2Sb2-1.POSCAR,-0.689860648
AB2C2-1SP2Te2-1.POSCAR,0.130478894
AB2C2-1SSb2Se2-1.POSCAR,-0.263131857
AB2C2-1SSb2Te2-1.POSCAR,-0.173924464
AB2C2-1STa2Te2-1.POSCAR,-0.533479731
AB2C2-1STe2Zr2-1.POSCAR,-0.931377296
AB2C2-1TeBr2Sc2-1.POSCAR,-1.375253985
AB2C2-1TeI2Sc2-1.POSCAR,-1.166723559
AB2C2-3NCl2Ti2-1.POSCAR,-1.673554342
AB2C2-4SCl2Mn2-1.POSCAR,-0.795492612
AB2C2D2-1BCr2F2S2-1.POSCAR,-0.66663545
AB2C2D2-1BCr2H2S2-1.POSCAR,-0.081385201
AB2C2D2-1BF2Fe2O2-1.POSCAR,-0.295248107
AB2C2D2-1BF2Fe2S2-1.POSCAR,-0.616411486
AB2C2D2-1BF2Mn2O2-1.POSCAR,-0.409176413
AB2C2D2-1BF2Mn2S2-1.POSCAR,-0.653934146
AB2C2D2-1BF2Nb2S2-1.POSCAR,-0.996995264
AB2C2D2-1BF2S2Ti2-1.POSCAR,-1.076404759
AB2C2D2-1BF2S2V2-1.POSCAR,-0.867793099
AB2C2D2-1BFe2H2O2-1.POSCAR,-0.586083584
AB2C2D2-1BFe2H2S2-1.POSCAR,0.023014318
AB2C2D2-1BH2Mn2O2-1.POSCAR,-0.719680635
AB2C2D2-1BH2Mn2S2-1.POSCAR,-0.047736798
AB2C2D2-1BH2Nb2O2-1.POSCAR,-1.114469139
AB2C2D2-1BH2Nb2S2-1.POSCAR,-0.463354208
AB2C2D2-1BH2O2Ta2-1.POSCAR,-1.072753019
AB2C2D2-1BH2O2Ti2-1.POSCAR,-1.311466761
AB2C2D2-1BH2O2V2-1.POSCAR,-1.006300337
AB2C2D2-1BH2S2Ta2-1.POSCAR,-0.436579629
AB2C2D2-1BH2S2Ti2-1.POSCAR,-0.583583573
AB2C2D2-1BH2S2V2-1.POSCAR,-0.31879965
AB2C2D2-1CCr2F2O2-1.POSCAR,-0.473143158
AB2C2D2-1CCr2F2S2-1.POSCAR,-0.553326805
AB2C2D2-1CCr2H2O2-1.POSCAR,-0.712643012
AB2C2D2-1CF2Fe2O2-1.POSCAR,-0.192548012
AB2C2D2-1CF2Fe2S2-1.POSCAR,-0.367264249
AB2C2D2-1CF2Mn2S2-1.POSCAR,-0.472964288
AB2C2D2-1CF2O2Sc2-1.POSCAR,-1.22196415
AB2C2D2-1CF2O2V2-1.POSCAR,-0.836235115
AB2C2D2-1CF2S2Sc2-1.POSCAR,-1.100763727
AB2C2D2-1CF2S2Ta2-1.POSCAR,-0.94050087
AB2C2D2-1CF2S2Ti2-1.POSCAR,-1.135235028
AB2C2D2-1CH2Hf2O2-1.POSCAR,-1.439
AB2C2D2-1CH2Mn2O2-1.POSCAR,-0.679
AB2C2D2-1CH2Mo2O2-1.POSCAR,-0.576
AB2C2D2-1CH2Nb2O2-1.POSCAR,-1.126
AB2C2D2-1CH2O2Sc2-1.POSCAR,-1.557
AB2C2D2-1CH2O2Ta2-1.POSCAR,-1.053
AB2C2D2-1CH2O2Ti2-1.POSCAR,-1.43
AB2C2D2-1CH2O2V2-1.POSCAR,-1.06
AB2C2D2-1CH2O2W2-1.POSCAR,-0.429
AB2C2D2-1CH2O2Y2-1.POSCAR,-1.503
AB2C2D2-1CH2O2Zr2-1.POSCAR,-1.485
AB2C2D2-1CH2S2Sc2-1.POSCAR,-0.723096462
AB2C2D2-1CH2S2Ta2-1.POSCAR,-0.356445384
AB2C2D2-1CH2S2Ti2-1.POSCAR,-0.639825933
AB2C2D2-1CH2S2V2-1.POSCAR,-0.302937712
AB2C2D2-1NCr2H2O2-1.POSCAR,-0.894
AB2C2D2-1NCr2H2S2-1.POSCAR,-0.117155408
AB2C2D2-1NF2Fe2O2-1.POSCAR,-0.301899073
AB2C2D2-1NF2Nb2S2-1.POSCAR,-1.079934588
AB2C2D2-1NF2S2Sc2-1.POSCAR,-1.437981519
AB2C2D2-1NF2S2Ta2-1.POSCAR,-1.026971061
AB2C2D2-1NF2S2Ti2-1.POSCAR,-1.331534727
AB2C2D2-1NF2S2V2-1.POSCAR,-0.934289406
AB2C2D2-1NFe2H2S2-1.POSCAR,0.172492039
AB2C2D2-1NH2Hf2O2-1.POSCAR,-1.559
AB2C2D2-1NH2Mn2O2-1.POSCAR,-0.778
AB2C2D2-1NH2Mn2S2-1.POSCAR,-0.002933691
AB2C2D2-1NH2Mo2O2-1.POSCAR,-0.696
AB2C2D2-1NH2Nb2O2-1.POSCAR,-1.145
AB2C2D2-1NH2Nb2S2-1.POSCAR,-0.479149109
AB2C2D2-1NH2O2Sc2-1.POSCAR,-1.901
AB2C2D2-1NH2O2Ta2-1.POSCAR,-1.028
AB2C2D2-1NH2O2Ti2-1.POSCAR,-1.645
AB2C2D2-1NH2O2V2-1.POSCAR,-1.199
AB2C2D2-1NH2O2W2-1.POSCAR,-0.531
AB2C2D2-1NH2O2Y2-1.POSCAR,-1.838
AB2C2D2-1NH2S2Sc2-1.POSCAR,-1.035978452
AB2C2D2-1NH2S2Ta2-1.POSCAR,-0.353696148
AB2C2D2-1NH2S2Ti2-1.POSCAR,-0.817124945
AB2C2D2-1NH2S2V2-1.POSCAR,-0.425601677
AB2C2D2-1SrBr2Ca2S2-1.POSCAR,-2.133770906
AB2C2D2-1VI2N2Zr2-1.POSCAR,-0.960057617
AB2C2D4E4F7-1GaCl2I2Br4S4Mn7-1.POSCAR,-0.602598591
AB2C3D3E5-1ClCu2Se3V3Br5-1.POSCAR,-0.643129265
AB2C3D4-2SeS2Br3Mn4-1.POSCAR,-0.543951297
AB2C4-1AgCo2O4-1.POSCAR,-0.874082812
AB2C4-1AgCo2S4-1.POSCAR,-0.31641508
AB2C4-1AgFe2S4-1.POSCAR,-0.290870888
AB2C4-1AgNi2O4-1.POSCAR,-0.625244049
AB2C4-1AgPd2O4-1.POSCAR,-0.331632134
AB2C4-1AgPd2S4-1.POSCAR,-0.153179579
AB2C4-1AuCo2O4-1.POSCAR,-0.83776582
AB2C4-1AuCo2S4-1.POSCAR,-0.334015556
AB2C4-1AuFe2O4-1.POSCAR,-0.949185411
AB2C4-1AuFe2S4-1.POSCAR,-0.303465835
AB2C4-1AuNi2O4-1.POSCAR,-0.601892243
AB2C4-1AuNi2S4-1.POSCAR,-0.236479241
AB2C4-1AuPd2O4-1.POSCAR,-0.304427748
AB2C4-1AuPd2S4-1.POSCAR,-0.166704386
AB2C4-1AuTl2Se4-1.POSCAR,-0.144388725
AB2C4-1CdAl2O4-1.POSCAR,-2.234757384
AB2C4-1CdAl2S4-1.POSCAR,-0.883117204
AB2C4-1CdAl2Se4-1.POSCAR,-0.716340304
AB2C4-1CdAl2Te4-1.POSCAR,-0.365282996
AB2C4-1CdGa2O4-1.POSCAR,-1.507434844
AB2C4-1CdGa2S4-1.POSCAR,-0.621098797
AB2C4-1CdGa2Se4-1.POSCAR,-0.547873203
AB2C4-1CdGa2Te4-1.POSCAR,-0.295961965
AB2C4-1CdIn2O4-1.POSCAR,-1.27694446
AB2C4-1CdIn2S4-1.POSCAR,-0.581622118
AB2C4-1CdIn2Se4-1.POSCAR,-0.546524024
AB2C4-1CdIn2Te4-1.POSCAR,-0.324627533
AB2C4-1CoAl2S4-1.POSCAR,-0.807516671
AB2C4-1CoAl2Se4-1.POSCAR,-0.618577924
AB2C4-1CoAl2Se4-2.POSCAR,-0.618100741
AB2C4-1CoAl2Te4-1.POSCAR,-0.290307269
AB2C4-1CoAl2Te4-2.POSCAR,-0.288149561
AB2C4-1CoCr2S4-1.POSCAR,-0.578575654
AB2C4-1CoCr2Se4-1.POSCAR,-0.415010356
AB2C4-1CoCr2Te4-1.POSCAR,-0.171197093
AB2C4-1CoGa2O4-1.POSCAR,-1.403340371
AB2C4-1CoGa2S4-1.POSCAR,-0.568876526
AB2C4-1CoGa2S4-2.POSCAR,-0.568602852
AB2C4-1CoGa2Se4-1.POSCAR,-0.478328458
AB2C4-1CoGa2Se4-2.POSCAR,-0.477264528
AB2C4-1CoGa2Te4-1.POSCAR,-0.248846632
AB2C4-1CoGa2Te4-2.POSCAR,-0.241228654
AB2C4-1CoIn2O4-1.POSCAR,-1.096916763
AB2C4-1CoIn2S4-1.POSCAR,-0.439768916
AB2C4-1CoIn2S4-2.POSCAR,-0.439097057
AB2C4-1CoIn2Se4-1.POSCAR,-0.401997107
AB2C4-1CoIn2Se4-2.POSCAR,-0.400840567
AB2C4-1CoIn2Te4-1.POSCAR,-0.207075607
AB2C4-1CoIn2Te4-2.POSCAR,-0.194786037
AB2C4-1CoV2S4-1.POSCAR,-0.751071347
AB2C4-1CoV2Te4-1.POSCAR,-0.193364189
AB2C4-1CrAl2O4-1.POSCAR,-2.355767475
AB2C4-1CrAl2S4-1.POSCAR,-0.883561431
AB2C4-1CrAl2Se4-1.POSCAR,-0.690081304
AB2C4-1CrAl2Te4-1.POSCAR,-0.322351078
AB2C4-1CrGa2O4-1.POSCAR,-1.692955446
AB2C4-1CrGa2S4-1.POSCAR,-0.641461619
AB2C4-1CrGa2Se4-1.POSCAR,-0.545639693
AB2C4-1CrGa2Te4-1.POSCAR,-0.278699893
AB2C4-1CrIn2S4-1.POSCAR,-0.561333355
AB2C4-1CrIn2Se4-1.POSCAR,-0.507588968
AB2C4-1CrIn2Te4-1.POSCAR,-0.269791021
AB2C4-1CuCo2O4-1.POSCAR,-0.933364429
AB2C4-1CuCo2S4-1.POSCAR,-0.31102104
AB2C4-1CuFe2O4-1.POSCAR,-1.046729945
AB2C4-1CuFe2S4-1.POSCAR,-0.282777067
AB2C4-1CuNi2O4-1.POSCAR,-0.677496294
AB2C4-1CuNi2S4-1.POSCAR,-0.21229151
AB2C4-1CuPd2O4-1.POSCAR,-0.371228962
AB2C4-1CuPd2S4-1.POSCAR,-0.148491
AB2C4-1FeAl2O4-1.POSCAR,-2.252264839
AB2C4-1FeAl2S4-1.POSCAR,-0.809111356
AB2C4-1FeAl2S4-2.POSCAR,-0.800038195
AB2C4-1FeAl2Se4-1.POSCAR,-0.585001689
AB2C4-1FeAl2Se4-2.POSCAR,-0.507317057
AB2C4-1FeAl2Te4-1.POSCAR,-0.239401504
AB2C4-1FeAl2Te4-2.POSCAR,-0.134311743
AB2C4-1FeBi2Se4-1.POSCAR,-0.162618669
AB2C4-1FeBi2Te4-1.POSCAR,-0.050955919
AB2C4-1FeCr2Te4-1.POSCAR,-0.12088787
AB2C4-1FeGa2O4-1.POSCAR,-1.407023343
AB2C4-1FeGa2S4-1.POSCAR,-0.570417556
AB2C4-1FeGa2S4-2.POSCAR,-0.463440178
AB2C4-1FeGa2Se4-1.POSCAR,-0.444924241
AB2C4-1FeGa2Se4-2.POSCAR,-0.322806525
AB2C4-1FeGa2Te4-1.POSCAR,-0.201497675
AB2C4-1FeGa2Te4-2.POSCAR,-0.053985938
AB2C4-1FeIn2O4-1.POSCAR,-1.320375857
AB2C4-1FeIn2O4-2.POSCAR,-1.228337295
AB2C4-1FeIn2S4-1.POSCAR,-0.423782126
AB2C4-1FeIn2Se4-1.POSCAR,-0.355737723
AB2C4-1FeIn2Te4-1.POSCAR,-0.152370655
AB2C4-1FeIn2Te4-2.POSCAR,-0.037792275
AB2C4-1FeSb2S4-1.POSCAR,-0.17926295
AB2C4-1FeSb2Te4-1.POSCAR,0.008669932
AB2C4-1FeTl2Se4-1.POSCAR,-0.029694986
AB2C4-1FeTl2Te4-1.POSCAR,0.131735895
AB2C4-1FeV2Te4-1.POSCAR,-0.15846512
AB2C4-1MgAl2O4-1.POSCAR,-2.822982604
AB2C4-1MgAl2S4-1.POSCAR,-1.181480701
AB2C4-1MgAl2Se4-1.POSCAR,-0.961614023
AB2C4-1MgAl2Te4-1.POSCAR,-0.542512561
AB2C4-1MgGa2O4-1.POSCAR,-2.048972811
AB2C4-1MgGa2S4-1.POSCAR,-0.913849396
AB2C4-1MgGa2Se4-1.POSCAR,-0.787703665
AB2C4-1MgGa2Te4-1.POSCAR,-0.468653607
AB2C4-1MgIn2O4-1.POSCAR,-1.717719167
AB2C4-1MgIn2S4-1.POSCAR,-0.845030499
AB2C4-1MgIn2Se4-1.POSCAR,-0.76579025
AB2C4-1MgIn2Te4-1.POSCAR,-0.487530758
AB2C4-1MnAl2O4-1.POSCAR,-2.336284668
AB2C4-1MnAl2O4-2.POSCAR,-2.248105484
AB2C4-1MnAl2S4-1.POSCAR,-0.897138248
AB2C4-1MnAl2S4-2.POSCAR,-0.818444319
AB2C4-1MnAl2Se4-1.POSCAR,-0.481240525
AB2C4-1MnAl2Te4-1.POSCAR,-0.314944038
AB2C4-1MnAl2Te4-2.POSCAR,-0.084834469
AB2C4-1MnBi2S4-1.POSCAR,-0.381362141
AB2C4-1MnBi2Se4-1.POSCAR,-0.370246749
AB2C4-1MnBi2Te4-1.POSCAR,-0.170477317
AB2C4-1MnGa2O4-1.POSCAR,-1.629234313
AB2C4-1MnGa2S4-1.POSCAR,-0.551252312
AB2C4-1MnGa2S4-2.POSCAR,-0.538803143
AB2C4-1MnGa2Se4-1.POSCAR,-0.532048463
AB2C4-1MnGa2Te4-1.POSCAR,-0.259475851
AB2C4-1MnGa2Te4-2.POSCAR,-0.009068395
AB2C4-1MnIn2O4-1.POSCAR,-1.438876185
AB2C4-1MnIn2O4-2.POSCAR,-1.363199854
AB2C4-1MnIn2S4-1.POSCAR,-0.560231814
AB2C4-1MnIn2S4-2.POSCAR,-0.36743997
AB2C4-1MnIn2Se4-1.POSCAR,-0.500774802
AB2C4-1MnIn2Se4-2.POSCAR,-0.441990551
AB2C4-1MnIn2Te4-1.POSCAR,-0.253523425
AB2C4-1MnIn2Te4-2.POSCAR,0.001505506
AB2C4-1MnSb2S4-1.POSCAR,-0.302348136
AB2C4-1MnSb2Se4-1.POSCAR,-0.060158854
AB2C4-1MnSb2Te4-1.POSCAR,0.106884334
AB2C4-1MnTl2Se4-1.POSCAR,-0.026119831
AB2C4-1MnTl2Te4-1.POSCAR,0.156353584
AB2C4-1NiAl2O4-1.POSCAR,-2.17108918
AB2C4-1NiAl2O4-2.POSCAR,-2.167568946
AB2C4-1NiAl2S4-1.POSCAR,-0.806457057
AB2C4-1NiAl2S4-2.POSCAR,-0.806376966
AB2C4-1NiAl2Se4-2.POSCAR,-0.61459377
AB2C4-1NiAl2Te4-1.POSCAR,-0.305983825
AB2C4-1NiAl2Te4-2.POSCAR,-0.305298464
AB2C4-1NiCr2S4-1.POSCAR,-0.580448843
AB2C4-1NiCr2Se4-1.POSCAR,-0.423113076
AB2C4-1NiCr2Te4-1.POSCAR,-0.175647811
AB2C4-1NiGa2O4-1.POSCAR,-1.416456818
AB2C4-1NiGa2O4-2.POSCAR,-1.41388568
AB2C4-1NiGa2S4-1.POSCAR,-0.550202657
AB2C4-1NiGa2S4-2.POSCAR,-0.533560674
AB2C4-1NiGa2Se4-1.POSCAR,-0.475273078
AB2C4-1NiGa2Se4-2.POSCAR,-0.475052666
AB2C4-1NiGa2Te4-1.POSCAR,-0.268580049
AB2C4-1NiGa2Te4-2.POSCAR,-0.267536134
AB2C4-1NiIn2O4-1.POSCAR,-1.093215953
AB2C4-1NiIn2O4-2.POSCAR,-1.091238624
AB2C4-1NiIn2S4-1.POSCAR,-0.420566687
AB2C4-1NiIn2S4-2.POSCAR,-0.419801854
AB2C4-1NiIn2Se4-1.POSCAR,-0.409622147
AB2C4-1NiIn2Te4-1.POSCAR,-0.23395168
AB2C4-1NiIn2Te4-2.POSCAR,-0.233653117
AB2C4-1NiV2S4-1.POSCAR,-0.725494054
AB2C4-1NiV2Se4-1.POSCAR,-0.520419604
AB2C4-1NiV2Te4-1.POSCAR,-0.207208863
AB2C4-1PbAs2S4-1.POSCAR,-0.173520617
AB2C4-1PbAs2Se4-1.POSCAR,-0.211288618
AB2C4-1PbAs2Te4-1.POSCAR,-0.093862995
AB2C4-1PbBi2S4-1.POSCAR,-0.424170506
AB2C4-1PbBi2Se4-1.POSCAR,-0.445992932
AB2C4-1PbBi2Te4-1.POSCAR,-0.284669587
AB2C4-1PbP2S4-1.POSCAR,-0.018850588
AB2C4-1PbP2Se4-1.POSCAR,-0.048232652
AB2C4-1PbP2Te4-1.POSCAR,0.05264008
AB2C4-1PbSb2S4-1.POSCAR,-0.321009315
AB2C4-1PbSb2Se4-1.POSCAR,-0.346609694
AB2C4-1PdAl2O4-1.POSCAR,-1.894227543
AB2C4-1PdAl2S4-1.POSCAR,-0.732723895
AB2C4-1PdAl2Se4-1.POSCAR,-0.621142228
AB2C4-1PdAl2Te4-1.POSCAR,-0.367152477
AB2C4-1PdCr2S4-1.POSCAR,-0.527538965
AB2C4-1PdCr2Se4-1.POSCAR,-0.420457815
AB2C4-1PdCr2Te4-1.POSCAR,-0.228746526
AB2C4-1PdGa2O4-1.POSCAR,-1.192432817
AB2C4-1PdGa2S4-1.POSCAR,-0.505129885
AB2C4-1PdGa2Se4-1.POSCAR,-0.486326702
AB2C4-1PdGa2Te4-1.POSCAR,-0.328374304
AB2C4-1PdIn2O4-1.POSCAR,-0.995249743
AB2C4-1PdIn2S4-1.POSCAR,-0.440188302
AB2C4-1PdIn2Se4-1.POSCAR,-0.457316175
AB2C4-1PdIn2Te4-1.POSCAR,-0.321387929
AB2C4-1PdV2Se4-1.POSCAR,-0.511327178
AB2C4-1PdV2Te4-1.POSCAR,-0.24500951
AB2C4-1SnAs2S4-1.POSCAR,-0.151702044
AB2C4-1SnAs2Se4-1.POSCAR,-0.185823884
AB2C4-1SnAs2Te4-1.POSCAR,-0.066623737
AB2C4-1SnBi2S4-1.POSCAR,-0.381798737
AB2C4-1SnBi2Se4-1.POSCAR,-0.404683844
AB2C4-1SnBi2Te4-1.POSCAR,-0.2465803
AB2C4-1SnP2S4-1.POSCAR,0.004103319
AB2C4-1SnP2Se4-1.POSCAR,-0.028547138
AB2C4-1SnP2Te4-1.POSCAR,0.076926217
AB2C4-1SnSb2S4-1.POSCAR,-0.28589689
AB2C4-1SnSb2Se4-1.POSCAR,-0.311428829
AB2C4-1SnSb2Te4-1.POSCAR,-0.167154969
AB2C4-1VAl2S4-1.POSCAR,-0.98122771
AB2C4-1VAl2Se4-1.POSCAR,-0.762068262
AB2C4-1VGa2O4-1.POSCAR,-1.793480068
AB2C4-1VGa2S4-1.POSCAR,-0.737975464
AB2C4-1VGa2Se4-1.POSCAR,-0.612399682
AB2C4-1VGa2Te4-1.POSCAR,-0.321608262
AB2C4-1VIn2O4-1.POSCAR,-1.517205345
AB2C4-1VIn2Se4-1.POSCAR,-0.567998134
AB2C4-1VIn2Te4-1.POSCAR,-0.314280765
AB2C4-1ZnAl2S4-1.POSCAR,-0.889359237
AB2C4-1ZnAl2Se4-1.POSCAR,-0.709997392
AB2C4-1ZnAl2Te4-1.POSCAR,-0.356051946
AB2C4-1ZnGa2O4-1.POSCAR,-1.595339973
AB2C4-1ZnGa2S4-1.POSCAR,-0.598308558
AB2C4-1ZnGa2Se4-1.POSCAR,-0.513090863
AB2C4-1ZnGa2Te4-1.POSCAR,-0.256522465
AB2C4-1ZnIn2O4-1.POSCAR,-1.389335803
AB2C4-1ZnIn2S4-1.POSCAR,-0.580513874
AB2C4-1ZnIn2Se4-1.POSCAR,-0.525370561
AB2C4-1ZnIn2Te4-1.POSCAR,-0.291467768
AB2C4-1ZnTl2O4-1.POSCAR,-0.782250671
AB2C4-1ZnTl2S4-1.POSCAR,-0.233353937
AB2C4-1ZnTl2Se4-1.POSCAR,-0.247072764
AB2C4-1ZnTl2Te4-1.POSCAR,-0.088636697
AB2C4D5E8-1GaMg2Se4Cu5Cl8-1.POSCAR,-0.742628754
AB3C5D6-1ClN3O5Sc6-1.POSCAR,-2.436765439
AB4C7D8-1BrC4Cl7Nb8-1.POSCAR,-1.023875929
ABC2D2E3F6-1HNC2Ta2Mn3O6-1.POSCAR,-1.202049154
ABC2D3-1ITeN2Ti3-1.POSCAR,-1.097279655
ABC2D3E3F3G3-1BiZrTi2Hf3P3Se3Te3-1.POSCAR,-0.966766278
ABC2D3E3F5-1GaISc2S3Zr3Cl5-1.POSCAR,-1.573758621
ABC2D3E5F8-1BrPdLi2Se3Ni5S8-1.POSCAR,-0.299705306
ABC2D3E5F8-1HNHf2C3Zr5O8-1.POSCAR,-2.040667629
ABC3D3-1CNCl3Nb3-1.POSCAR,-1.010820576
ABC4D6E8-1BrClS4I6In8-1.POSCAR,-0.567112844
ABC4D6E8-1ClSSe4I6Sc8-1.POSCAR,-1.523069615
ABC4D6E8-1SSeN4Cl6Ti8-1.POSCAR,-1.604821746
ABCD2-1AgGaSeI2-1.POSCAR,-0.272682923
ABCD2-1AgSSnI2-1.POSCAR,-0.266492341
ABCD2-1BrClOZr2-1.POSCAR,-1.77762904
ABCD2-1BrClSSn2-1.POSCAR,-0.688777986
ABCD2-1BrClSV2-1.POSCAR,-0.810396328
ABCD2-1BrGeMnS2-1.POSCAR,-0.411963799
ABCD2-1BrINZr2-1.POSCAR,-1.328454825
ABCD2-1BrIOZr2-1.POSCAR,-1.493290431
ABCD2-1BrISCd2-1.POSCAR,-0.640251887
ABCD2-1BrISSc2-1.POSCAR,-1.651812662
ABCD2-1BrISSn2-1.POSCAR,-0.51447336
ABCD2-1BrNSeHf2-1.POSCAR,-1.381236051
ABCD2-1BrPdScS2-1.POSCAR,-1.080980035
ABCD2-1BrSTePb2-1.POSCAR,-0.451262038
ABCD2-1CdPbSI2-1.POSCAR,-0.578231555
ABCD2-1ClINTa2-1.POSCAR,-0.620056889
ABCD2-1ClISZr2-1.POSCAR,-1.361942847
ABCD2-1CoMnOBr2-1.POSCAR,-0.564328748
ABCD2-1CrNTaI2-1.POSCAR,-0.209123901
ABCD2-1CTaTiCl2-1.POSCAR,-1.195327612
ABCD2-1FeHfOTe2-1.POSCAR,-0.921040077
ABCD2-1GeHfMnSe2-1.POSCAR,-0.586208845
ABCD2-1GeHfNI2-1.POSCAR,-0.513175577
ABCD2-1GeMnSeCl2-1.POSCAR,-0.645504219
ABCD2-1GeSSrI2-1.POSCAR,-1.047382196
ABCD2-1HfMnNBr2-1.POSCAR,-1.042812468
ABCD2-1HfMnNI2-1.POSCAR,-0.472313551
ABCD2-1HfMnOTe2-1.POSCAR,-0.958019087
ABCD2-1HfNVSe2-1.POSCAR,-1.065533826
ABCD2-1HfOVSe2-1.POSCAR,-1.341798516
ABCD2-1HfOZnBr2-1.POSCAR,-1.453890558
ABCD2-1HfSTaI2-1.POSCAR,-0.625429451
ABCD2-1HfSZrI2-1.POSCAR,-1.051243331
ABCD2-1INTeV2-1.POSCAR,-0.458308085
ABCD2-1ISTeHf2-1.POSCAR,-0.989346608
ABCD2-1ISTeZr2-1.POSCAR,-1.187936682
ABCD2-1MnOWTe2-1.POSCAR,-0.295529763
ABCD2-1MnOZnBr2-1.POSCAR,-0.902582639
ABCD2-1MnSbTeSe2-1.POSCAR,-0.209056302
ABCD2-1MnSSnBr2-1.POSCAR,-0.607208755
ABCD2-1NbOScCl2-1.POSCAR,-1.785364634
ABCD2-1NbOVI2-1.POSCAR,-0.752139523
ABCD2-1NbScSeBr2-1.POSCAR,-1.050738921
ABCD2-1NbSZrCl2-1.POSCAR,-0.926389532
ABCD2-1NbSZrI2-1.POSCAR,-0.873714242
ABCD2-1NNbTaI2-1.POSCAR,-0.472010013
ABCD2-1NNbZrI2-1.POSCAR,-0.853562591
ABCD2-1NScTaBr2-1.POSCAR,-1.224417438
ABCD2-1OSSeMn2-1.POSCAR,-0.707962883
ABCD2-1PbSSnBr2-1.POSCAR,-0.713676616
ABCD2-1PdPtSBr2-1.POSCAR,-0.17709655
ABCD2-1SeZnZrI2-1.POSCAR,-0.657306889
ABCD2E2F3G4-1AsNbSeCl2S2Sn3Br4-1.POSCAR,-0.6687654
ABCD2E3F4G8-1BrNTeSe2C3Cl4Ta8-1.POSCAR,-0.842124562
ABCD2E4F6-1CClIN2O4Hf6-1.POSCAR,-2.123739687
ABCDE-1BiBrCdISe-1.POSCAR,-0.425089355
ABCDE-1BiBrFeIS-1.POSCAR,-0.174250836
ABCDE-1BrCClMoZn-1.POSCAR,-0.092529876
ABCDE-1BrClMnOTa-1.POSCAR,-1.026691446
ABCDE-1BrClNNbZr-1.POSCAR,-1.324195119
ABCDE-1BrClNTaTi-1.POSCAR,-1.18047039
ABCDE-1BrIMnOV-1.POSCAR,-0.82648688
ABCDE-1CaClGaIS-1.POSCAR,-1.157470915
ABCDE-1CdClISTi-1.POSCAR,-0.794946396
ABCDE-1ClHfIOSc-1.POSCAR,-1.660894014
ABCDE-1ClIMnPbS-1.POSCAR,-0.537624441
ABCDE-1ClINScZr-1.POSCAR,-1.563490225
ABCDE-1ClMnNSbSe-1.POSCAR,-0.084656337
ABCDE-1ClOScSeZr-1.POSCAR,-2.057264679
ABCDE-1GeMnSeSiTe-1.POSCAR,-0.067444732
ABCDE-1HfINSTi-1.POSCAR,-1.146022634
ABCDE-1INbOTeZr-1.POSCAR,-0.995798706
ABCDE-1ISTaTeZr-1.POSCAR,-0.79737978
ABCDE-1MnSSbSeTe-1.POSCAR,-0.234074542
ABCDE2F3-1CuInPbSiBr2S3-1.POSCAR,-0.408338502
ABCDE2F4G6-1GePtSTiZr2Se4Cl6-1.POSCAR,-1.167564579
ABCDE2F6-1BrISbWCr2S6-1.POSCAR,-0.537362364
ABCDE3F5-1ClHfMoZrS3Br5-1.POSCAR,-1.149577304
ABCDEF-1BiBrClMoSZr-1.POSCAR,-0.484539516
ABCDEF2-1CaMgMnNOBr2-1.POSCAR,-1.245513244
ABCDEF2G3H5-1CCuIIrMoB2Rh3Se5-1.POSCAR,-0.050103121
