C2DB-5-4_M4.66-X4-T2_W4.66-N4-N2.POSCAR,0
C2DB-3-2_M3-X2-T2_Mn3-B2-(F1O1)2.POSCAR,1
C2DB-3-2_M3-X2-T2_Ti3-B2-(F1O1)2.POSCAR,0
C2DB-3-2_M3-X2-T2_V3-B2-(F1O1)2.POSCAR,0
C2DB-3-2_M3-X2-T2_Zr3-B2-(F1O1)2.POSCAR,0
C2DB-3-2_M3-X2-T2_Cr3-B2-(F1S1)2.POSCAR,1
C2DB-3-2_M3-X2-T2_Fe3-B2-(F1S1)2.POSCAR,0
C2DB-3-2_M3-X2-T2_Hf3-B2-(F1S1)2.POSCAR,0
C2DB-3-2_M3-X2-T2_Mn3-B2-(F1S1)2.POSCAR,1
C2DB-3-2_M3-X2-T2_Nb3-B2-(F1S1)2.POSCAR,0
C2DB-3-2_M3-X2-T2_Ta3-B2-(F1S1)2.POSCAR,0
C2DB-3-2_M3-X2-T2_Ti3-B2-(F1S1)2.POSCAR,0
C2DB-3-2_M3-X2-T2_V3-B2-(F1S1)2.POSCAR,0
C2DB-3-2_M3-X2-T2_Hf3-B2-(F1Se1)2.POSCAR,0
C2DB-3-2_M3-X2-T2_Ti3-B2-(F1Se1)2-1.POSCAR,0
C2DB-3-2_M3-X2-T2_Ti3-B2-(F1Se1)2-2.POSCAR,0
C2DB-3-2_M3-X2-T2_V3-B2-(F1Se1)2.POSCAR,0
C2DB-3-2_M3-X2-T2_Zr3-B2-(F1Se1)2.POSCAR,0
C2DB-3-2_M3-X2-T2_Hf3-B2-(F1Te1)2.POSCAR,0
C2DB-3-2_M3-X2-T2_Ti3-B2-(F1Te1)2.POSCAR,0
C2DB-3-2_M3-X2-T2_Zr3-B2-(F1Te1)2.POSCAR,0
C2DB-3-2_M3-X2-T2_Fe3-B2-(H1O1)2.POSCAR,1
C2DB-3-2_M3-X2-T2_Hf3-B2-(H1O1)2.POSCAR,0
C2DB-3-2_M3-X2-T2_Mn3-B2-(H1O1)2.POSCAR,1
C2DB-3-2_M3-X2-T2_Ta3-B2-(H1O1)2.POSCAR,0
C2DB-3-2_M3-X2-T2_Ti3-B2-(H1O1)2.POSCAR,0
C2DB-3-2_M3-X2-T2_V3-B2-(H1O1)2.POSCAR,0
C2DB-3-2_M3-X2-T2_Fe3-B2-(H1S1)2.POSCAR,0
C2DB-3-2_M3-X2-T2_Hf3-B2-(H1S1)2.POSCAR,0
C2DB-3-2_M3-X2-T2_Mn3-B2-(H1S1)2.POSCAR,1
C2DB-3-2_M3-X2-T2_Nb3-B2-(H1S1)2.POSCAR,0
C2DB-3-2_M3-X2-T2_Ti3-B2-(H1S1)2.POSCAR,0
C2DB-3-2_M3-X2-T2_V3-B2-(H1S1)2.POSCAR,0
C2DB-3-2_M3-X2-T2_Zr3-B2-(H1S1)2.POSCAR,0
C2DB-3-2_M3-X2-T2_Hf3-B2-(H1Se1)2.POSCAR,0
C2DB-3-2_M3-X2-T2_Ti3-B2-(H1Se1)2.POSCAR,0
C2DB-3-2_M3-X2-T2_V3-B2-(H1Se1)2.POSCAR,0
C2DB-3-2_M3-X2-T2_Zr3-B2-(H1Se1)2.POSCAR,0
C2DB-3-2_M3-X2-T2_Hf3-B2-(H1Te1)2.POSCAR,0
C2DB-3-2_M3-X2-T2_Ti3-B2-(H1Te1)2.POSCAR,0
C2DB-3-2_M3-X2-T2_Zr3-B2-(H1Te1)2.POSCAR,0
C2DB-3-2_M3-X2-T2_Cr3-C2-(F1S1)2.POSCAR,1
C2DB-3-2_M3-X2-T2_Hf3-C2-(F1S1)2.POSCAR,0
C2DB-3-2_M3-X2-T2_Mn3-C2-(F1S1)2.POSCAR,1
C2DB-3-2_M3-X2-T2_Nb3-C2-(F1S1)2.POSCAR,0
C2DB-3-2_M3-X2-T2_Sc3-C2-(F1S1)2.POSCAR,0
C2DB-3-2_M3-X2-T2_Ta3-C2-(F1S1)2.POSCAR,0
C2DB-3-2_M3-X2-T2_Ti3-C2-(F1S1)2.POSCAR,0
C2DB-3-2_M3-X2-T2_V3-C2-(F1S1)2.POSCAR,0
C2DB-3-2_M3-X2-T2_Y3-C2-(F1S1)2.POSCAR,0
C2DB-3-2_M3-X2-T2_Zr3-C2-(F1S1)2.POSCAR,0
C2DB-3-2_M3-X2-T2_Hf3-C2-(F1Se1)2.POSCAR,0
C2DB-3-2_M3-X2-T2_Ti3-C2-(F1Se1)2.POSCAR,0
C2DB-3-2_M3-X2-T2_V3-C2-(F1Se1)2.POSCAR,0
C2DB-3-2_M3-X2-T2_Zr3-C2-(F1Se1)2.POSCAR,0
C2DB-3-2_M3-X2-T2_Hf3-C2-(F1Te1)2.POSCAR,0
C2DB-3-2_M3-X2-T2_Ti3-C2-(F1Te1)2-1.POSCAR,0
C2DB-3-2_M3-X2-T2_Ti3-C2-(F1Te1)2-2.POSCAR,0
C2DB-3-2_M3-X2-T2_Zr3-C2-(F1Te1)2.POSCAR,0
C2DB-3-2_M3-X2-T2_Hf3-C2-(H1O1)2.POSCAR,0
C2DB-3-2_M3-X2-T2_Mo3-C2-(H1O1)2.POSCAR,0
C2DB-3-2_M3-X2-T2_Sc3-C2-(H1O1)2.POSCAR,0
C2DB-3-2_M3-X2-T2_Ta3-C2-(H1O1)2.POSCAR,0
C2DB-3-2_M3-X2-T2_Ti3-C2-(H1O1)2.POSCAR,0
C2DB-3-2_M3-X2-T2_V3-C2-(H1O1)2.POSCAR,0
C2DB-3-2_M3-X2-T2_W3-C2-(H1O1)2.POSCAR,0
C2DB-3-2_M3-X2-T2_Y3-C2-(H1O1)2.POSCAR,1
C2DB-3-2_M3-X2-T2_Zr3-C2-(H1O1)2.POSCAR,0
C2DB-3-2_M3-X2-T2_Hf3-C2-(H1S1)2.POSCAR,0
C2DB-3-2_M3-X2-T2_Mn3-C2-(H1S1)2.POSCAR,1
C2DB-3-2_M3-X2-T2_Nb3-C2-(H1S1)2.POSCAR,0
C2DB-3-2_M3-X2-T2_Sc3-C2-(H1S1)2.POSCAR,0
C2DB-3-2_M3-X2-T2_Ta3-C2-(H1S1)2.POSCAR,0
C2DB-3-2_M3-X2-T2_Ti3-C2-(H1S1)2-1.POSCAR,0
C2DB-3-2_M3-X2-T2_Ti3-C2-(H1S1)2-2.POSCAR,0
C2DB-3-2_M3-X2-T2_V3-C2-(H1S1)2.POSCAR,0
C2DB-3-2_M3-X2-T2_Y3-C2-(H1S1)2.POSCAR,0
C2DB-3-2_M3-X2-T2_Zr3-C2-(H1S1)2.POSCAR,0
C2DB-3-2_M3-X2-T2_Hf3-C2-(H1Se1)2.POSCAR,0
C2DB-3-2_M3-X2-T2_V3-C2-(H1Se1)2.POSCAR,0
C2DB-3-2_M3-X2-T2_Zr3-C2-(H1Se1)2.POSCAR,0
C2DB-3-2_M3-X2-T2_Hf3-C2-(H1Te1)2.POSCAR,0
C2DB-3-2_M3-X2-T2_Ti3-C2-(H1Te1)2-1.POSCAR,0
C2DB-3-2_M3-X2-T2_Ti3-C2-(H1Te1)2-2.POSCAR,0
C2DB-3-2_M3-X2-T2_Zr3-C2-(H1Te1)2.POSCAR,0
C2DB-3-2_M3-X2-T2_Fe3-N2-(F1S1)2.POSCAR,1
C2DB-3-2_M3-X2-T2_Hf3-N2-(F1S1)2.POSCAR,0
C2DB-3-2_M3-X2-T2_Mn3-N2-(F1S1)2.POSCAR,1
C2DB-3-2_M3-X2-T2_Nb3-N2-(F1S1)2.POSCAR,0
C2DB-3-2_M3-X2-T2_Sc3-N2-(F1S1)2.POSCAR,0
C2DB-3-2_M3-X2-T2_Ta3-N2-(F1S1)2.POSCAR,0
C2DB-3-2_M3-X2-T2_Ti3-N2-(F1S1)2.POSCAR,0
C2DB-3-2_M3-X2-T2_V3-N2-(F1S1)2.POSCAR,0
C2DB-3-2_M3-X2-T2_Y3-N2-(F1S1)2.POSCAR,0
C2DB-3-2_M3-X2-T2_Zr3-N2-(F1S1)2.POSCAR,0
C2DB-3-2_M3-X2-T2_Hf3-N2-(F1Se1)2.POSCAR,0
C2DB-3-2_M3-X2-T2_Ti3-N2-(F1Se1)2-1.POSCAR,0
C2DB-3-2_M3-X2-T2_Ti3-N2-(F1Se1)2-2.POSCAR,0
C2DB-3-2_M3-X2-T2_Zr3-N2-(F1Se1)2.POSCAR,0
C2DB-3-2_M3-X2-T2_Hf3-N2-(F1Te1)2.POSCAR,0
C2DB-3-2_M3-X2-T2_Ti3-N2-(F1Te1)2-1.POSCAR,0
C2DB-3-2_M3-X2-T2_Ti3-N2-(F1Te1)2-2.POSCAR,0
C2DB-3-2_M3-X2-T2_Zr3-N2-(F1Te1)2.POSCAR,1
C2DB-3-2_M3-X2-T2_Cr3-N2-(H1O1)2.POSCAR,1
C2DB-3-2_M3-X2-T2_Hf3-N2-(H1O1)2.POSCAR,0
C2DB-3-2_M3-X2-T2_Mn3-N2-(H1O1)2.POSCAR,1
C2DB-3-2_M3-X2-T2_Mo3-N2-(H1O1)2.POSCAR,0
C2DB-3-2_M3-X2-T2_Nb3-N2-(H1O1)2.POSCAR,0
C2DB-3-2_M3-X2-T2_Sc3-N2-(H1O1)2.POSCAR,0
C2DB-3-2_M3-X2-T2_Ta3-N2-(H1O1)2.POSCAR,0
C2DB-3-2_M3-X2-T2_W3-N2-(H1O1)2.POSCAR,0
C2DB-3-2_M3-X2-T2_Y3-N2-(H1O1)2.POSCAR,0
C2DB-3-2_M3-X2-T2_Zr3-N2-(H1O1)2.POSCAR,0
C2DB-3-2_M3-X2-T2_Cr3-N2-(H1S1)2.POSCAR,0
C2DB-3-2_M3-X2-T2_Fe3-N2-(H1S1)2.POSCAR,1
C2DB-3-2_M3-X2-T2_Hf3-N2-(H1S1)2.POSCAR,0
C2DB-3-2_M3-X2-T2_Mn3-N2-(H1S1)2.POSCAR,1
C2DB-3-2_M3-X2-T2_Nb3-N2-(H1S1)2.POSCAR,0
C2DB-3-2_M3-X2-T2_Sc3-N2-(H1S1)2.POSCAR,0
C2DB-3-2_M3-X2-T2_Ta3-N2-(H1S1)2.POSCAR,0
C2DB-3-2_M3-X2-T2_Ti3-N2-(H1S1)2-1.POSCAR,0
C2DB-3-2_M3-X2-T2_Ti3-N2-(H1S1)2-2.POSCAR,0
C2DB-3-2_M3-X2-T2_V3-N2-(H1S1)2.POSCAR,0
C2DB-3-2_M3-X2-T2_Y3-N2-(H1S1)2.POSCAR,0
C2DB-3-2_M3-X2-T2_Zr3-N2-(H1S1)2.POSCAR,0
C2DB-3-2_M3-X2-T2_Hf3-N2-(H1Se1)2.POSCAR,0
C2DB-3-2_M3-X2-T2_Ti3-N2-(H1Se1)2-1.POSCAR,0
C2DB-3-2_M3-X2-T2_Zr3-N2-(H1Se1)2.POSCAR,0
C2DB-3-2_M3-X2-T2_Hf3-N2-(H1Te1)2.POSCAR,0
C2DB-3-2_M3-X2-T2_Ti3-N2-(H1Te1)2-1.POSCAR,0
C2DB-3-2_M3-X2-T2_Ti3-N2-(H1Te1)2-2.POSCAR,0
C2DB-3-2_M3-X2-T2_Zr3-N2-(H1Te1)2.POSCAR,0
C2DB-3-2_M3-X2-T2_Cr3-B2-Cl2.POSCAR,1
C2DB-3-2_M3-X2-T2_Fe3-B2-Cl2.POSCAR,1
C2DB-3-2_M3-X2-T2_Mn3-B2-Cl2.POSCAR,1
C2DB-3-2_M3-X2-T2_Mo3-B2-Cl2.POSCAR,0
C2DB-3-2_M3-X2-T2_Nb3-B2-Cl2.POSCAR,0
C2DB-3-2_M3-X2-T2_Sc3-B2-Cl2.POSCAR,0
C2DB-3-2_M3-X2-T2_Ta3-B2-Cl2.POSCAR,0
C2DB-3-2_M3-X2-T2_Ti3-B2-Cl2.POSCAR,0
C2DB-3-2_M3-X2-T2_V3-B2-Cl2.POSCAR,0
C2DB-3-2_M3-X2-T2_W3-B2-Cl2.POSCAR,0
C2DB-3-2_M3-X2-T2_Y3-B2-Cl2.POSCAR,0
C2DB-3-2_M3-X2-T2_Zr3-B2-Cl2.POSCAR,0
C2DB-3-2_M3-X2-T2_Fe3-B2-F2.POSCAR,1
C2DB-3-2_M3-X2-T2_Mn3-B2-F2.POSCAR,1
C2DB-3-2_M3-X2-T2_Mo3-B2-F2.POSCAR,0
C2DB-3-2_M3-X2-T2_Sc3-B2-F2.POSCAR,0
C2DB-3-2_M3-X2-T2_Ta3-B2-F2.POSCAR,0
C2DB-3-2_M3-X2-T2_Ti3-B2-F2.POSCAR,0
C2DB-3-2_M3-X2-T2_V3-B2-F2.POSCAR,0
C2DB-3-2_M3-X2-T2_W3-B2-F2.POSCAR,0
C2DB-3-2_M3-X2-T2_Y3-B2-F2.POSCAR,0
C2DB-3-2_M3-X2-T2_Zr3-B2-F2.POSCAR,0
C2DB-3-2_M3-X2-T2_Fe3-B2-H2.POSCAR,1
C2DB-3-2_M3-X2-T2_Hf3-B2-H2.POSCAR,0
C2DB-3-2_M3-X2-T2_Mn3-B2-H2.POSCAR,1
C2DB-3-2_M3-X2-T2_Mo3-B2-H2.POSCAR,0
C2DB-3-2_M3-X2-T2_Nb3-B2-H2.POSCAR,0
C2DB-3-2_M3-X2-T2_Sc3-B2-H2.POSCAR,0
C2DB-3-2_M3-X2-T2_Ta3-B2-H2.POSCAR,0
C2DB-3-2_M3-X2-T2_Ti3-B2-H2.POSCAR,0
C2DB-3-2_M3-X2-T2_V3-B2-H2.POSCAR,0
C2DB-3-2_M3-X2-T2_W3-B2-H2.POSCAR,0
C2DB-3-2_M3-X2-T2_Y3-B2-H2.POSCAR,0
C2DB-3-2_M3-X2-T2_Zr3-B2-H2.POSCAR,0
C2DB-3-2_M3-X2-T2_Cr3-B2-O2.POSCAR,1
C2DB-3-2_M3-X2-T2_Hf3-B2-O2.POSCAR,0
C2DB-3-2_M3-X2-T2_Nb3-B2-O2.POSCAR,0
C2DB-3-2_M3-X2-T2_Ta3-B2-O2.POSCAR,0
C2DB-3-2_M3-X2-T2_V3-B2-O2.POSCAR,0
C2DB-3-2_M3-X2-T2_W3-B2-O2.POSCAR,0
C2DB-3-2_M3-X2-T2_Zr3-B2-O2.POSCAR,0
C2DB-3-2_M3-X2-T2_Cr3-B2-S2.POSCAR,1
C2DB-3-2_M3-X2-T2_Hf3-B2-S2.POSCAR,0
C2DB-3-2_M3-X2-T2_Mo3-B2-S2.POSCAR,0
C2DB-3-2_M3-X2-T2_Nb3-B2-S2.POSCAR,0
C2DB-3-2_M3-X2-T2_Ta3-B2-S2.POSCAR,0
C2DB-3-2_M3-X2-T2_Ti3-B2-S2.POSCAR,0
C2DB-3-2_M3-X2-T2_V3-B2-S2.POSCAR,0
C2DB-3-2_M3-X2-T2_W3-B2-S2.POSCAR,0
C2DB-3-2_M3-X2-T2_Zr3-B2-S2.POSCAR,0
C2DB-3-2_M3-X2-T2_Cr3-C2-Cl2.POSCAR,1
C2DB-3-2_M3-X2-T2_Fe3-C2-Cl2.POSCAR,1
C2DB-3-2_M3-X2-T2_Hf3-C2-Cl2.POSCAR,0
C2DB-3-2_M3-X2-T2_Mn3-C2-Cl2.POSCAR,1
C2DB-3-2_M3-X2-T2_Mo3-C2-Cl2.POSCAR,0
C2DB-3-2_M3-X2-T2_Nb3-C2-Cl2.POSCAR,0
C2DB-3-2_M3-X2-T2_Sc3-C2-Cl2.POSCAR,0
C2DB-3-2_M3-X2-T2_Ta3-C2-Cl2.POSCAR,0
C2DB-3-2_M3-X2-T2_Ti3-C2-Cl2.POSCAR,0
C2DB-3-2_M3-X2-T2_V3-C2-Cl2.POSCAR,1
C2DB-3-2_M3-X2-T2_W3-C2-Cl2.POSCAR,0
C2DB-3-2_M3-X2-T2_Y3-C2-Cl2.POSCAR,1
C2DB-3-2_M3-X2-T2_Zr3-C2-Cl2.POSCAR,0
C2DB-3-2_M3-X2-T2_Cr3-C2-F2.POSCAR,1
C2DB-3-2_M3-X2-T2_Hf3-C2-F2.POSCAR,0
C2DB-3-2_M3-X2-T2_Mn3-C2-F2.POSCAR,1
C2DB-3-2_M3-X2-T2_Mo3-C2-F2.POSCAR,0
C2DB-3-2_M3-X2-T2_Sc3-C2-F2.POSCAR,0
C2DB-3-2_M3-X2-T2_Ta3-C2-F2.POSCAR,0
C2DB-3-2_M3-X2-T2_Ti3-C2-F2.POSCAR,0
C2DB-3-2_M3-X2-T2_V3-C2-F2.POSCAR,0
C2DB-3-2_M3-X2-T2_W3-C2-F2.POSCAR,0
C2DB-3-2_M3-X2-T2_Y3-C2-F2.POSCAR,1
C2DB-3-2_M3-X2-T2_Zr3-C2-F2.POSCAR,0
C2DB-3-2_M3-X2-T2_Hf3-C2-H2.POSCAR,0
C2DB-3-2_M3-X2-T2_Mn3-C2-H2.POSCAR,1
C2DB-3-2_M3-X2-T2_Mo3-C2-H2.POSCAR,0
C2DB-3-2_M3-X2-T2_Nb3-C2-H2.POSCAR,0
C2DB-3-2_M3-X2-T2_Sc3-C2-H2.POSCAR,0
C2DB-3-2_M3-X2-T2_Ta3-C2-H2.POSCAR,0
C2DB-3-2_M3-X2-T2_Ti3-C2-H2.POSCAR,0
C2DB-3-2_M3-X2-T2_V3-C2-H2.POSCAR,0
C2DB-3-2_M3-X2-T2_W3-C2-H2.POSCAR,0
C2DB-3-2_M3-X2-T2_Y3-C2-H2.POSCAR,0
C2DB-3-2_M3-X2-T2_Zr3-C2-H2.POSCAR,0
C2DB-3-2_M3-X2-T2_Cr3-C2-O2.POSCAR,1
C2DB-3-2_M3-X2-T2_Hf3-C2-O2.POSCAR,0
C2DB-3-2_M3-X2-T2_Mn3-C2-O2.POSCAR,1
C2DB-3-2_M3-X2-T2_Nb3-C2-O2.POSCAR,0
C2DB-3-2_M3-X2-T2_Sc3-C2-O2.POSCAR,0
C2DB-3-2_M3-X2-T2_Ta3-C2-O2.POSCAR,0
C2DB-3-2_M3-X2-T2_Ti3-C2-O2.POSCAR,0
C2DB-3-2_M3-X2-T2_V3-C2-O2.POSCAR,0
C2DB-3-2_M3-X2-T2_W3-C2-O2.POSCAR,0
C2DB-3-2_M3-X2-T2_Y3-C2-O2.POSCAR,0
C2DB-3-2_M3-X2-T2_Zr3-C2-O2.POSCAR,0
C2DB-3-2_M3-X2-T2_Cr3-C2-S2.POSCAR,1
C2DB-3-2_M3-X2-T2_Hf3-C2-S2.POSCAR,0
C2DB-3-2_M3-X2-T2_Nb3-C2-S2.POSCAR,0
C2DB-3-2_M3-X2-T2_Ti3-C2-S2.POSCAR,0
C2DB-3-2_M3-X2-T2_V3-C2-S2.POSCAR,0
C2DB-3-2_M3-X2-T2_W3-C2-S2.POSCAR,0
C2DB-3-2_M3-X2-T2_Zr3-C2-S2.POSCAR,0
C2DB-3-2_M3-X2-T2_Hf3-N2-Cl2.POSCAR,0
C2DB-3-2_M3-X2-T2_Mn3-N2-Cl2.POSCAR,1
C2DB-3-2_M3-X2-T2_Mo3-N2-Cl2.POSCAR,0
C2DB-3-2_M3-X2-T2_Nb3-N2-Cl2.POSCAR,0
C2DB-3-2_M3-X2-T2_Sc3-N2-Cl2.POSCAR,0
C2DB-3-2_M3-X2-T2_Ta3-N2-Cl2.POSCAR,0
C2DB-3-2_M3-X2-T2_Ti3-N2-Cl2.POSCAR,1
C2DB-3-2_M3-X2-T2_V3-N2-Cl2.POSCAR,1
C2DB-3-2_M3-X2-T2_W3-N2-Cl2.POSCAR,0
C2DB-3-2_M3-X2-T2_Y3-N2-Cl2.POSCAR,0
C2DB-3-2_M3-X2-T2_Cr3-N2-F2.POSCAR,1
C2DB-3-2_M3-X2-T2_Hf3-N2-F2.POSCAR,0
C2DB-3-2_M3-X2-T2_Mn3-N2-F2.POSCAR,1
C2DB-3-2_M3-X2-T2_Mo3-N2-F2.POSCAR,0
C2DB-3-2_M3-X2-T2_Nb3-N2-F2.POSCAR,0
C2DB-3-2_M3-X2-T2_Sc3-N2-F2.POSCAR,0
C2DB-3-2_M3-X2-T2_Ta3-N2-F2.POSCAR,0
C2DB-3-2_M3-X2-T2_Ti3-N2-F2.POSCAR,0
C2DB-3-2_M3-X2-T2_V3-N2-F2.POSCAR,0
C2DB-3-2_M3-X2-T2_W3-N2-F2.POSCAR,0
C2DB-3-2_M3-X2-T2_Y3-N2-F2.POSCAR,0
C2DB-3-2_M3-X2-T2_Zr3-N2-F2.POSCAR,0
C2DB-3-2_M3-X2-T2_Cr3-N2-H2.POSCAR,1
C2DB-3-2_M3-X2-T2_Hf3-N2-H2.POSCAR,0
C2DB-3-2_M3-X2-T2_Mn3-N2-H2.POSCAR,1
C2DB-3-2_M3-X2-T2_Mo3-N2-H2.POSCAR,0
C2DB-3-2_M3-X2-T2_Nb3-N2-H2.POSCAR,0
C2DB-3-2_M3-X2-T2_Sc3-N2-H2.POSCAR,0
C2DB-3-2_M3-X2-T2_Ta3-N2-H2.POSCAR,0
C2DB-3-2_M3-X2-T2_Ti3-N2-H2.POSCAR,0
C2DB-3-2_M3-X2-T2_V3-N2-H2.POSCAR,0
C2DB-3-2_M3-X2-T2_W3-N2-H2.POSCAR,0
C2DB-3-2_M3-X2-T2_Y3-N2-H2.POSCAR,0
C2DB-3-2_M3-X2-T2_Zr3-N2-H2.POSCAR,0
C2DB-3-2_M3-X2-T2_Cr3-N2-O2.POSCAR,1
C2DB-3-2_M3-X2-T2_Hf3-N2-O2.POSCAR,0
C2DB-3-2_M3-X2-T2_Mo3-N2-O2.POSCAR,0
C2DB-3-2_M3-X2-T2_Nb3-N2-O2.POSCAR,0
C2DB-3-2_M3-X2-T2_Sc3-N2-O2.POSCAR,0
C2DB-3-2_M3-X2-T2_Ta3-N2-O2.POSCAR,0
C2DB-3-2_M3-X2-T2_Ti3-N2-O2.POSCAR,0
C2DB-3-2_M3-X2-T2_V3-N2-O2.POSCAR,1
C2DB-3-2_M3-X2-T2_W3-N2-O2.POSCAR,0
C2DB-3-2_M3-X2-T2_Y3-N2-O2.POSCAR,1
C2DB-3-2_M3-X2-T2_Zr3-N2-O2.POSCAR,0
C2DB-3-2_M3-X2-T2_Cr3-N2-S2.POSCAR,1
C2DB-3-2_M3-X2-T2_Hf3-N2-S2.POSCAR,0
C2DB-3-2_M3-X2-T2_Mo3-N2-S2.POSCAR,0
C2DB-3-2_M3-X2-T2_Nb3-N2-S2.POSCAR,0
C2DB-3-2_M3-X2-T2_Ti3-N2-S2.POSCAR,0
C2DB-3-2_M3-X2-T2_V3-N2-S2.POSCAR,0
C2DB-3-2_M3-X2-T2_W3-N2-S2.POSCAR,0
C2DB-3-2_M3-X2-T2_Zr3-N2-S2.POSCAR,0
C2DB-4-3_M4-X3-T2_Fe4-B3-(F1O1)2.POSCAR,1
C2DB-4-3_M4-X3-T2_Fe4-C3-(F1O1)2.POSCAR,1
C2DB-4-3_M4-X3-T2_Mn4-C3-(F1O1)2.POSCAR,1
C2DB-4-3_M4-X3-T2_Y4-C3-(F1O1)2.POSCAR,1
C2DB-4-3_M4-X3-T2_Fe4-N3-(F1O1)2.POSCAR,1
C2DB-4-3_M4-X3-T2_Mo4-B3-(F1S1)2.POSCAR,0
C2DB-4-3_M4-X3-T2_Nb4-B3-(F1S1)2.POSCAR,0
C2DB-4-3_M4-X3-T2_Ta4-B3-(F1S1)2.POSCAR,0
C2DB-4-3_M4-X3-T2_Ti4-B3-(F1S1)2.POSCAR,0
C2DB-4-3_M4-X3-T2_V4-B3-(F1S1)2.POSCAR,0
C2DB-4-3_M4-X3-T2_W4-B3-(F1S1)2.POSCAR,0
C2DB-4-3_M4-X3-T2_Zr4-B3-(F1S1)2.POSCAR,0
C2DB-4-3_M4-X3-T2_Cr4-C3-(F1S1)2.POSCAR,1
C2DB-4-3_M4-X3-T2_Hf4-C3-(F1S1)2.POSCAR,0
C2DB-4-3_M4-X3-T2_Mo4-C3-(F1S1)2.POSCAR,0
C2DB-4-3_M4-X3-T2_Nb4-C3-(F1S1)2.POSCAR,0
C2DB-4-3_M4-X3-T2_Sc4-C3-(F1S1)2.POSCAR,0
C2DB-4-3_M4-X3-T2_Ta4-C3-(F1S1)2.POSCAR,0
C2DB-4-3_M4-X3-T2_Ti4-C3-(F1S1)2.POSCAR,0
C2DB-4-3_M4-X3-T2_V4-C3-(F1S1)2.POSCAR,0
C2DB-4-3_M4-X3-T2_W4-C3-(F1S1)2.POSCAR,0
C2DB-4-3_M4-X3-T2_Y4-C3-(F1S1)2.POSCAR,0
C2DB-4-3_M4-X3-T2_Zr4-C3-(F1S1)2.POSCAR,0
C2DB-4-3_M4-X3-T2_Hf4-N3-(F1S1)2.POSCAR,0
C2DB-4-3_M4-X3-T2_Mo4-N3-(F1S1)2.POSCAR,0
C2DB-4-3_M4-X3-T2_Sc4-N3-(F1S1)2.POSCAR,0
C2DB-4-3_M4-X3-T2_Ta4-N3-(F1S1)2.POSCAR,0
C2DB-4-3_M4-X3-T2_V4-N3-(F1S1)2.POSCAR,0
C2DB-4-3_M4-X3-T2_W4-N3-(F1S1)2.POSCAR,0
C2DB-4-3_M4-X3-T2_Zr4-N3-(F1S1)2.POSCAR,0
C2DB-4-3_M4-X3-T2_Cr4-B3-(H1O1)2.POSCAR,1
C2DB-4-3_M4-X3-T2_Fe4-B3-(H1O1)2.POSCAR,1
C2DB-4-3_M4-X3-T2_Hf4-B3-(H1O1)2.POSCAR,0
C2DB-4-3_M4-X3-T2_Mo4-B3-(H1O1)2.POSCAR,0
C2DB-4-3_M4-X3-T2_Nb4-B3-(H1O1)2.POSCAR,0
C2DB-4-3_M4-X3-T2_Ta4-B3-(H1O1)2.POSCAR,0
C2DB-4-3_M4-X3-T2_Ti4-B3-(H1O1)2.POSCAR,0
C2DB-4-3_M4-X3-T2_V4-B3-(H1O1)2.POSCAR,0
C2DB-4-3_M4-X3-T2_W4-B3-(H1O1)2.POSCAR,0
C2DB-4-3_M4-X3-T2_Zr4-B3-(H1O1)2.POSCAR,0
C2DB-4-3_M4-X3-T2_Cr4-C3-(H1O1)2.POSCAR,1
C2DB-4-3_M4-X3-T2_Fe4-C3-(H1O1)2.POSCAR,1
C2DB-4-3_M4-X3-T2_Hf4-C3-(H1O1)2.POSCAR,0
C2DB-4-3_M4-X3-T2_Mn4-C3-(H1O1)2.POSCAR,1
C2DB-4-3_M4-X3-T2_Mo4-C3-(H1O1)2.POSCAR,0
C2DB-4-3_M4-X3-T2_Nb4-C3-(H1O1)2.POSCAR,0
C2DB-4-3_M4-X3-T2_Sc4-C3-(H1O1)2.POSCAR,0
C2DB-4-3_M4-X3-T2_Ta4-C3-(H1O1)2.POSCAR,0
C2DB-4-3_M4-X3-T2_Ti4-C3-(H1O1)2.POSCAR,0
C2DB-4-3_M4-X3-T2_V4-C3-(H1O1)2.POSCAR,0
C2DB-4-3_M4-X3-T2_W4-C3-(H1O1)2.POSCAR,0
C2DB-4-3_M4-X3-T2_Y4-C3-(H1O1)2.POSCAR,0
C2DB-4-3_M4-X3-T2_Zr4-C3-(H1O1)2.POSCAR,0
C2DB-4-3_M4-X3-T2_Cr4-N3-(H1O1)2.POSCAR,1
C2DB-4-3_M4-X3-T2_Hf4-N3-(H1O1)2.POSCAR,0
C2DB-4-3_M4-X3-T2_Mn4-N3-(H1O1)2.POSCAR,1
C2DB-4-3_M4-X3-T2_Mo4-N3-(H1O1)2.POSCAR,0
C2DB-4-3_M4-X3-T2_Nb4-N3-(H1O1)2-1.POSCAR,0
C2DB-4-3_M4-X3-T2_Nb4-N3-(H1O1)2-2.POSCAR,0
C2DB-4-3_M4-X3-T2_Sc4-N3-(H1O1)2.POSCAR,0
C2DB-4-3_M4-X3-T2_Ta4-N3-(H1O1)2.POSCAR,0
C2DB-4-3_M4-X3-T2_Ti4-N3-(H1O1)2.POSCAR,0
C2DB-4-3_M4-X3-T2_V4-N3-(H1O1)2.POSCAR,0
C2DB-4-3_M4-X3-T2_W4-N3-(H1O1)2.POSCAR,0
C2DB-4-3_M4-X3-T2_Y4-N3-(H1O1)2.POSCAR,0
C2DB-4-3_M4-X3-T2_Zr4-N3-(H1O1)2.POSCAR,0
C2DB-4-3_M4-X3-T2_Cr4-B3-(H1S1)2.POSCAR,1
C2DB-4-3_M4-X3-T2_Hf4-B3-(H1S1)2.POSCAR,0
C2DB-4-3_M4-X3-T2_Mn4-B3-(H1S1)2.POSCAR,1
C2DB-4-3_M4-X3-T2_Mo4-B3-(H1S1)2.POSCAR,0
C2DB-4-3_M4-X3-T2_Nb4-B3-(H1S1)2.POSCAR,0
C2DB-4-3_M4-X3-T2_Ta4-B3-(H1S1)2.POSCAR,0
C2DB-4-3_M4-X3-T2_Ti4-B3-(H1S1)2.POSCAR,0
C2DB-4-3_M4-X3-T2_V4-B3-(H1S1)2.POSCAR,0
C2DB-4-3_M4-X3-T2_W4-B3-(H1S1)2.POSCAR,0
C2DB-4-3_M4-X3-T2_Zr4-B3-(H1S1)2.POSCAR,0
C2DB-4-3_M4-X3-T2_Cr4-C3-(H1S1)2.POSCAR,1
C2DB-4-3_M4-X3-T2_Hf4-C3-(H1S1)2.POSCAR,0
C2DB-4-3_M4-X3-T2_Mn4-C3-(H1S1)2.POSCAR,1
C2DB-4-3_M4-X3-T2_Mo4-C3-(H1S1)2.POSCAR,0
C2DB-4-3_M4-X3-T2_Nb4-C3-(H1S1)2.POSCAR,0
C2DB-4-3_M4-X3-T2_Sc4-C3-(H1S1)2.POSCAR,0
C2DB-4-3_M4-X3-T2_Ta4-C3-(H1S1)2.POSCAR,0
C2DB-4-3_M4-X3-T2_Ti4-C3-(H1S1)2.POSCAR,0
C2DB-4-3_M4-X3-T2_V4-C3-(H1S1)2.POSCAR,0
C2DB-4-3_M4-X3-T2_W4-C3-(H1S1)2.POSCAR,0
C2DB-4-3_M4-X3-T2_Y4-C3-(H1S1)2.POSCAR,0
C2DB-4-3_M4-X3-T2_Zr4-C3-(H1S1)2.POSCAR,0
C2DB-4-3_M4-X3-T2_Cr4-N3-(H1S1)2.POSCAR,1
C2DB-4-3_M4-X3-T2_Hf4-N3-(H1S1)2.POSCAR,0
C2DB-4-3_M4-X3-T2_Mn4-N3-(H1S1)2.POSCAR,1
C2DB-4-3_M4-X3-T2_Mo4-N3-(H1S1)2.POSCAR,0
C2DB-4-3_M4-X3-T2_Nb4-N3-(H1S1)2.POSCAR,0
C2DB-4-3_M4-X3-T2_Sc4-N3-(H1S1)2.POSCAR,0
C2DB-4-3_M4-X3-T2_Ta4-N3-(H1S1)2.POSCAR,0
C2DB-4-3_M4-X3-T2_Ti4-N3-(H1S1)2.POSCAR,0
C2DB-4-3_M4-X3-T2_W4-N3-(H1S1)2.POSCAR,0
C2DB-4-3_M4-X3-T2_Zr4-N3-(H1S1)2.POSCAR,0
C2DB-4-3_M2M2-X3-T2_Al2Co2-O3-O2-1.POSCAR,1
C2DB-4-3_M2M2-X3-T2_Al2Co2-O3-O2-2.POSCAR,1
C2DB-4-3_M2M2-X3-T2_Al2Co2-S3-S2-1.POSCAR,1
C2DB-4-3_M2M2-X3-T2_Al2Co2-S3-S2-2.POSCAR,1
C2DB-4-3_M2M2-X3-T2_Al2Co2-Se3-Se2-2.POSCAR,0
C2DB-4-3_M2M2-X3-T2_Al2Co2-Se3-Se2-3.POSCAR,1
C2DB-4-3_M2M2-X3-T2_Al2Co2-Te3-Te2-1.POSCAR,0
C2DB-4-3_M2M2-X3-T2_Al2Co2-Te3-Te2-2.POSCAR,0
C2DB-4-3_M2M2-X3-T2_Al2Co2-Te3-Te2-3.POSCAR,1
C2DB-4-3_M2M2-X3-T2_Al2Mg2-S3-S2.POSCAR,0
C2DB-4-3_M2M2-X3-T2_Al2Mg2-Se3-Se2.POSCAR,0
C2DB-4-3_M2M2-X3-T2_Al2Mg2-Te3-Te2.POSCAR,0
C2DB-4-3_M2M2-X3-T2_Al2Ni2-O3-O2-1.POSCAR,1
C2DB-4-3_M2M2-X3-T2_Al2Ni2-O3-O2-2.POSCAR,1
C2DB-4-3_M2M2-X3-T2_Al2Ni2-S3-S2-1.POSCAR,0
C2DB-4-3_M2M2-X3-T2_Al2Ni2-S3-S2-2.POSCAR,0
C2DB-4-3_M2M2-X3-T2_Al2Ni2-Se3-Se2-1.POSCAR,0
C2DB-4-3_M2M2-X3-T2_Al2Ni2-Se3-Se2-2.POSCAR,0
C2DB-4-3_M2M2-X3-T2_Al2Ni2-Se3-Se2-3.POSCAR,0
C2DB-4-3_M2M2-X3-T2_Al2Ni2-Te3-Te2-1.POSCAR,0
C2DB-4-3_M2M2-X3-T2_Al2Ni2-Te3-Te2-2.POSCAR,0
C2DB-4-3_M2M2-X3-T2_Al2Ni2-Te3-Te2-3.POSCAR,0
C2DB-4-3_M2M2-X3-T2_Al2Zn2-O3-O2.POSCAR,0
C2DB-4-3_M2M2-X3-T2_Al2Zn2-S3-S2.POSCAR,0
C2DB-4-3_M2M2-X3-T2_Al2Zn2-Se3-Se2.POSCAR,0
C2DB-4-3_M2M2-X3-T2_Co2Ga2-O3-O2.POSCAR,1
C2DB-4-3_M2M2-X3-T2_Co2Ga2-S3-S2-1.POSCAR,0
C2DB-4-3_M2M2-X3-T2_Co2Ga2-S3-S2-2.POSCAR,1
C2DB-4-3_M2M2-X3-T2_Co2Ga2-S3-S2-3.POSCAR,1
C2DB-4-3_M2M2-X3-T2_Co2Ga2-Se3-Se2-2.POSCAR,0
C2DB-4-3_M2M2-X3-T2_Co2Ga2-Se3-Se2-3.POSCAR,1
C2DB-4-3_M2M2-X3-T2_Co2Ga2-Te3-Te2-1.POSCAR,0
C2DB-4-3_M2M2-X3-T2_Co2Ga2-Te3-Te2-2.POSCAR,0
C2DB-4-3_M2M2-X3-T2_Co2Ga2-Te3-Te2-3.POSCAR,0
C2DB-4-3_M2M2-X3-T2_Co2In2-O3-O2.POSCAR,1
C2DB-4-3_M2M2-X3-T2_Co2In2-S3-S2-1.POSCAR,1
C2DB-4-3_M2M2-X3-T2_Co2In2-S3-S2-2.POSCAR,1
C2DB-4-3_M2M2-X3-T2_Co2In2-Se3-Se2-1.POSCAR,0
C2DB-4-3_M2M2-X3-T2_Co2In2-Se3-Se2-2.POSCAR,0
C2DB-4-3_M2M2-X3-T2_Co2In2-Se3-Se2-3.POSCAR,1
C2DB-4-3_M2M2-X3-T2_Co2In2-Te3-Te2-1.POSCAR,0
C2DB-4-3_M2M2-X3-T2_Co2In2-Te3-Te2-2.POSCAR,0
C2DB-4-3_M2M2-X3-T2_Co2In2-Te3-Te2-3.POSCAR,1
C2DB-4-3_M2M2-X3-T2_Co2Tl2-S3-S2.POSCAR,0
C2DB-4-3_M2M2-X3-T2_Co2Tl2-Se3-Se2.POSCAR,0
C2DB-4-3_M2M2-X3-T2_Co2Tl2-Te3-Te2.POSCAR,0
C2DB-4-3_M2M2-X3-T2_Ga2Mg2-S3-S2.POSCAR,0
C2DB-4-3_M2M2-X3-T2_Ga2Mg2-Se3-Se2.POSCAR,0
C2DB-4-3_M2M2-X3-T2_Ga2Mg2-Te3-Te2.POSCAR,0
C2DB-4-3_M2M2-X3-T2_Ga2Ni2-O3-O2-1.POSCAR,1
C2DB-4-3_M2M2-X3-T2_Ga2Ni2-O3-O2-2.POSCAR,1
C2DB-4-3_M2M2-X3-T2_Ga2Ni2-S3-S2-1.POSCAR,0
C2DB-4-3_M2M2-X3-T2_Ga2Ni2-S3-S2-2.POSCAR,0
C2DB-4-3_M2M2-X3-T2_Ga2Ni2-S3-S2-3.POSCAR,0
C2DB-4-3_M2M2-X3-T2_Ga2Ni2-Se3-Se2-2.POSCAR,0
C2DB-4-3_M2M2-X3-T2_Ga2Ni2-Se3-Se2-3.POSCAR,0
C2DB-4-3_M2M2-X3-T2_Ga2Ni2-Te3-Te2-2.POSCAR,0
C2DB-4-3_M2M2-X3-T2_Ga2Ni2-Te3-Te2-3.POSCAR,0
C2DB-4-3_M2M2-X3-T2_Ga2Zn2-O3-O2.POSCAR,0
C2DB-4-3_M2M2-X3-T2_Ga2Zn2-S3-S2.POSCAR,0
C2DB-4-3_M2M2-X3-T2_Ga2Zn2-Se3-Se2.POSCAR,0
C2DB-4-3_M2M2-X3-T2_Ga2Zn2-Te3-Te2.POSCAR,0
C2DB-4-3_M2M2-X3-T2_In2Mg2-S3-S2.POSCAR,0
C2DB-4-3_M2M2-X3-T2_In2Mg2-Se3-Se2.POSCAR,0
C2DB-4-3_M2M2-X3-T2_In2Ni2-O3-O2-1.POSCAR,1
C2DB-4-3_M2M2-X3-T2_In2Ni2-O3-O2-2.POSCAR,1
C2DB-4-3_M2M2-X3-T2_In2Ni2-S3-S2-1.POSCAR,0
C2DB-4-3_M2M2-X3-T2_In2Ni2-S3-S2-2.POSCAR,0
C2DB-4-3_M2M2-X3-T2_In2Ni2-S3-S2-3.POSCAR,0
C2DB-4-3_M2M2-X3-T2_In2Ni2-Se3-Se2-1.POSCAR,0
C2DB-4-3_M2M2-X3-T2_In2Ni2-Se3-Se2-3.POSCAR,0
C2DB-4-3_M2M2-X3-T2_In2Ni2-Te3-Te2-1.POSCAR,0
C2DB-4-3_M2M2-X3-T2_In2Ni2-Te3-Te2-2.POSCAR,0
C2DB-4-3_M2M2-X3-T2_In2Ni2-Te3-Te2-3.POSCAR,0
C2DB-4-3_M2M2-X3-T2_In2Zn2-O3-O2.POSCAR,0
C2DB-4-3_M2M2-X3-T2_In2Zn2-S3-S2.POSCAR,0
C2DB-4-3_M2M2-X3-T2_In2Zn2-Se3-Se2.POSCAR,0
C2DB-4-3_M2M2-X3-T2_In2Zn2-Te3-Te2.POSCAR,0
C2DB-4-3_M2M2-X3-T2_Ni2Tl2-S3-S2.POSCAR,0
C2DB-4-3_M2M2-X3-T2_Ni2Tl2-Se3-Se2.POSCAR,0
C2DB-4-3_M2M2-X3-T2_Ni2Tl2-Te3-Te2.POSCAR,0
C2DB-4-3_M2M2-X3-T2_Tl2Zn2-O3-O2.POSCAR,0
C2DB-4-3_M2M2-X3-T2_Tl2Zn2-S3-S2.POSCAR,0
C2DB-4-3_M2M2-X3-T2_Tl2Zn2-Se3-Se2.POSCAR,0
C2DB-4-3_M2M2-X3-T2_Tl2Zn2-Te3-Te2.POSCAR,0
C2DB-2-1_M2-X1-T2_Al2-S1-S2.POSCAR,0
C2DB-2-1_M2-X1-T2_Al2-S1-S2-2.POSCAR,0
C2DB-2-1_M2-X1-T2_Al2-Se1-Se2.POSCAR,0
C2DB-2-1_M2-X1-T2_Al2-Se1-Se2-2.POSCAR,0
C2DB-2-1_M2-X1-T2_Al2-Te1-Te2.POSCAR,0
C2DB-2-1_M2-X1-T2_Al2-Te1-Te2-2.POSCAR,0
C2DB-2-1_M2-X1-T2_As2-S1-S2.POSCAR,0
C2DB-2-1_M2-X1-T2_As2-Se1-Se2.POSCAR,0
C2DB-2-1_M2-X1-T2_As2-Te1-Te2.POSCAR,0
C2DB-3-2_M3-X2-none_Hf3-B2-none.POSCAR,0
C2DB-3-2_M3-X2-none_Sc3-B2-none.POSCAR,0
C2DB-3-2_M3-X2-none_Zr3-B2-none.POSCAR,0
C2DB-2-1_M2-X1-T2_Bi2-O1-O2-1.POSCAR,0
C2DB-2-1_M2-X1-T2_Bi2-O1-O2-2.POSCAR,0
C2DB-2-1_M2-X1-T2_Bi2-S1-S2.POSCAR,0
C2DB-2-1_M2-X1-T2_Bi2-Se1-Se2.POSCAR,0
C2DB-2-1_M2-X1-T2_Bi2-Te1-Te2.POSCAR,0
C2DB-3-2_M3-X2-none_Cr3-C2-none.POSCAR,1
C2DB-3-2_M3-X2-none_Hf3-C2-none.POSCAR,1
C2DB-3-2_M3-X2-none_Mn3-C2-none.POSCAR,1
C2DB-3-2_M3-X2-none_Mo3-C2-none.POSCAR,0
C2DB-3-2_M3-X2-none_Nb3-C2-none.POSCAR,0
C2DB-3-2_M3-X2-none_Sc3-C2-none.POSCAR,0
C2DB-3-2_M3-X2-none_Ta3-C2-none.POSCAR,0
C2DB-3-2_M3-X2-none_Ti3-C2-none.POSCAR,1
C2DB-3-2_M3-X2-none_V3-C2-none.POSCAR,0
C2DB-3-2_M3-X2-none_W3-C2-none.POSCAR,0
C2DB-3-2_M3-X2-none_Y3-C2-none.POSCAR,0
C2DB-3-2_M3-X2-none_Zr3-C2-none.POSCAR,1
C2DB-2-1_M2-X1-T2_Co2-Se1-Se2.POSCAR,0
C2DB-2-1_M2-X1-T2_Co2-Te1-Te2.POSCAR,0
C2DB-2-1_M2-X1-T2_Ga2-S1-S2-2.POSCAR,0
C2DB-2-1_M2-X1-T2_Ga2-Se1-Se2-1.POSCAR,0
C2DB-2-1_M2-X1-T2_Ga2-Se1-Se2-2.POSCAR,0
C2DB-2-1_M2-X1-T2_Ga2-Te1-Te2.POSCAR,0
C2DB-2-1_M2-X1-T2_Ge2-S1-S2.POSCAR,0
C2DB-2-1_M2-X1-T2_In2-S1-S2.POSCAR,0
C2DB-2-1_M2-X1-T2_In2-Se1-Se2-1.POSCAR,0
C2DB-2-1_M2-X1-T2_In2-Se1-Se2-2.POSCAR,0
C2DB-2-1_M2-X1-T2_Mo2-C1-C2.POSCAR,0
C2DB-2-1_M2-X1-T2_Mo2-N1-N2.POSCAR,0
C2DB-3-2_M3-X2-none_Cr3-N2-none.POSCAR,1
C2DB-3-2_M3-X2-none_Hf3-N2-none.POSCAR,0
C2DB-3-2_M3-X2-none_Mn3-N2-none.POSCAR,1
C2DB-3-2_M3-X2-none_Mo3-N2-none.POSCAR,0
C2DB-3-2_M3-X2-none_Nb3-N2-none.POSCAR,0
C2DB-3-2_M3-X2-none_Sc3-N2-none.POSCAR,1
C2DB-3-2_M3-X2-none_Ta3-N2-none.POSCAR,0
C2DB-3-2_M3-X2-none_Ti3-N2-none.POSCAR,0
C2DB-3-2_M3-X2-none_V3-N2-none.POSCAR,0
C2DB-3-2_M3-X2-none_W3-N2-none.POSCAR,0
C2DB-3-2_M3-X2-none_Y3-N2-none.POSCAR,0
C2DB-3-2_M3-X2-none_Zr3-N2-none.POSCAR,1
C2DB-2-1_M2-X1-T2_Ni2-Se1-Se2-1.POSCAR,0
C2DB-2-1_M2-X1-T2_Ni2-Te1-Te2.POSCAR,0
C2DB-2-1_M2-X1-T2_P2-S1-S2.POSCAR,0
C2DB-2-1_M2-X1-T2_P2-Se1-Se2.POSCAR,0
C2DB-2-1_M2-X1-T2_P2-Te1-Te2.POSCAR,0
C2DB-2-1_M2-X1-T2_Sb2-O1-O2.POSCAR,0
C2DB-2-1_M2-X1-T2_Sb2-S1-S2.POSCAR,0
C2DB-2-1_M2-X1-T2_Sb2-Se1-Se2.POSCAR,0
C2DB-2-1_M2-X1-T2_Sb2-Te1-Te2.POSCAR,0
C2DB-2-1_M2-X1-T2_Tl2-S1-S2.POSCAR,0
C2DB-2-1_M2-X1-T2_Tl2-Se1-Se2.POSCAR,0
C2DB-2-1_M2-X1-T2_Tl2-Te1-Te2.POSCAR,0
C2DB-2-1_M2-X1-T2_W2-C1-C2.POSCAR,0
C2DB-2-1_M2-X1-T2_W2-N1-N2.POSCAR,0
C2DB-2-1_M1M1-X1-T1.33T0.66_Bi1Sb1-S1-S1.33Se0.66.POSCAR,0
C2DB-4-3_M4-X3-T2_Cr4-B3-Cl2.POSCAR,1
C2DB-4-3_M4-X3-T2_Hf4-B3-Cl2.POSCAR,0
C2DB-4-3_M4-X3-T2_Mo4-B3-Cl2.POSCAR,0
C2DB-4-3_M4-X3-T2_Nb4-B3-Cl2.POSCAR,0
C2DB-4-3_M4-X3-T2_Sc4-B3-Cl2.POSCAR,0
C2DB-4-3_M4-X3-T2_Ti4-B3-Cl2.POSCAR,0
C2DB-4-3_M4-X3-T2_V4-B3-Cl2.POSCAR,0
C2DB-4-3_M4-X3-T2_W4-B3-Cl2.POSCAR,0
C2DB-4-3_M4-X3-T2_Y4-B3-Cl2.POSCAR,1
C2DB-4-3_M4-X3-T2_Zr4-B3-Cl2.POSCAR,0
C2DB-4-3_M4-X3-T2_Cr4-C3-Cl2.POSCAR,1
C2DB-4-3_M4-X3-T2_Hf4-C3-Cl2.POSCAR,0
C2DB-4-3_M4-X3-T2_Mo4-C3-Cl2.POSCAR,0
C2DB-4-3_M4-X3-T2_Sc4-C3-Cl2.POSCAR,0
C2DB-4-3_M4-X3-T2_Ta4-C3-Cl2.POSCAR,0
C2DB-4-3_M4-X3-T2_Ti4-C3-Cl2.POSCAR,0
C2DB-4-3_M4-X3-T2_V4-C3-Cl2.POSCAR,0
C2DB-4-3_M4-X3-T2_W4-C3-Cl2.POSCAR,0
C2DB-4-3_M4-X3-T2_Y4-C3-Cl2.POSCAR,0
C2DB-4-3_M4-X3-T2_Zr4-C3-Cl2.POSCAR,0
C2DB-4-3_M4-X3-T2_Cr4-N3-Cl2.POSCAR,1
C2DB-4-3_M4-X3-T2_Hf4-N3-Cl2.POSCAR,0
C2DB-4-3_M4-X3-T2_Mo4-N3-Cl2.POSCAR,0
C2DB-4-3_M4-X3-T2_Nb4-N3-Cl2.POSCAR,0
C2DB-4-3_M4-X3-T2_Ta4-N3-Cl2.POSCAR,0
C2DB-4-3_M4-X3-T2_Ti4-N3-Cl2.POSCAR,0
C2DB-4-3_M4-X3-T2_W4-N3-Cl2.POSCAR,0
C2DB-4-3_M4-X3-T2_Y4-N3-Cl2.POSCAR,0
C2DB-4-3_M4-X3-T2_Zr4-N3-Cl2.POSCAR,0
C2DB-4-3_M4-X3-T2_Hf4-B3-F2.POSCAR,0
C2DB-4-3_M4-X3-T2_Mo4-B3-F2.POSCAR,0
C2DB-4-3_M4-X3-T2_Nb4-B3-F2.POSCAR,0
C2DB-4-3_M4-X3-T2_Sc4-B3-F2.POSCAR,0
C2DB-4-3_M4-X3-T2_Ta4-B3-F2.POSCAR,0
C2DB-4-3_M4-X3-T2_Ti4-B3-F2.POSCAR,0
C2DB-4-3_M4-X3-T2_V4-B3-F2.POSCAR,0
C2DB-4-3_M4-X3-T2_W4-B3-F2.POSCAR,0
C2DB-4-3_M4-X3-T2_Zr4-B3-F2.POSCAR,0
C2DB-4-3_M4-X3-T2_Cr4-C3-F2.POSCAR,1
C2DB-4-3_M4-X3-T2_Mn4-C3-F2.POSCAR,1
C2DB-4-3_M4-X3-T2_Mo4-C3-F2.POSCAR,0
C2DB-4-3_M4-X3-T2_Nb4-C3-F2.POSCAR,0
C2DB-4-3_M4-X3-T2_Sc4-C3-F2.POSCAR,0
C2DB-4-3_M4-X3-T2_Ta4-C3-F2.POSCAR,0
C2DB-4-3_M4-X3-T2_Ti4-C3-F2.POSCAR,0
C2DB-4-3_M4-X3-T2_V4-C3-F2.POSCAR,0
C2DB-4-3_M4-X3-T2_W4-C3-F2.POSCAR,0
C2DB-4-3_M4-X3-T2_Y4-C3-F2.POSCAR,0
C2DB-4-3_M4-X3-T2_Zr4-C3-F2.POSCAR,0
C2DB-4-3_M4-X3-T2_Cr4-N3-F2.POSCAR,1
C2DB-4-3_M4-X3-T2_Hf4-N3-F2.POSCAR,0
C2DB-4-3_M4-X3-T2_Mo4-N3-F2.POSCAR,0
C2DB-4-3_M4-X3-T2_Nb4-N3-F2-1.POSCAR,0
C2DB-4-3_M4-X3-T2_Nb4-N3-F2-2.POSCAR,0
C2DB-4-3_M4-X3-T2_Sc4-N3-F2.POSCAR,0
C2DB-4-3_M4-X3-T2_Ta4-N3-F2-1.POSCAR,0
C2DB-4-3_M4-X3-T2_Ta4-N3-F2-2.POSCAR,0
C2DB-4-3_M4-X3-T2_Ti4-N3-F2.POSCAR,0
C2DB-4-3_M4-X3-T2_V4-N3-F2.POSCAR,1
C2DB-4-3_M4-X3-T2_W4-N3-F2.POSCAR,0
C2DB-4-3_M4-X3-T2_Y4-N3-F2.POSCAR,0
C2DB-4-3_M4-X3-T2_Zr4-N3-F2.POSCAR,0
C2DB-4-3_M4-X3-T2_Hf4-B3-H2.POSCAR,0
C2DB-4-3_M4-X3-T2_Mo4-B3-H2.POSCAR,0
C2DB-4-3_M4-X3-T2_Nb4-B3-H2.POSCAR,0
C2DB-4-3_M4-X3-T2_Sc4-B3-H2.POSCAR,0
C2DB-4-3_M4-X3-T2_Ta4-B3-H2.POSCAR,0
C2DB-4-3_M4-X3-T2_Ti4-B3-H2.POSCAR,0
C2DB-4-3_M4-X3-T2_V4-B3-H2.POSCAR,0
C2DB-4-3_M4-X3-T2_W4-B3-H2.POSCAR,0
C2DB-4-3_M4-X3-T2_Zr4-B3-H2.POSCAR,0
C2DB-4-3_M4-X3-T2_Hf4-C3-H2.POSCAR,0
C2DB-4-3_M4-X3-T2_Mo4-C3-H2.POSCAR,0
C2DB-4-3_M4-X3-T2_Nb4-C3-H2.POSCAR,0
C2DB-4-3_M4-X3-T2_Sc4-C3-H2.POSCAR,0
C2DB-4-3_M4-X3-T2_Ta4-C3-H2.POSCAR,0
C2DB-4-3_M4-X3-T2_Ti4-C3-H2.POSCAR,0
C2DB-4-3_M4-X3-T2_V4-C3-H2.POSCAR,0
C2DB-4-3_M4-X3-T2_W4-C3-H2.POSCAR,0
C2DB-4-3_M4-X3-T2_Y4-C3-H2.POSCAR,0
C2DB-4-3_M4-X3-T2_Zr4-C3-H2.POSCAR,0
C2DB-4-3_M4-X3-T2_Cr4-N3-H2.POSCAR,1
C2DB-4-3_M4-X3-T2_Hf4-N3-H2.POSCAR,0
C2DB-4-3_M4-X3-T2_Mo4-N3-H2.POSCAR,0
C2DB-4-3_M4-X3-T2_Nb4-N3-H2.POSCAR,0
C2DB-4-3_M4-X3-T2_Sc4-N3-H2.POSCAR,0
C2DB-4-3_M4-X3-T2_Ta4-N3-H2.POSCAR,0
C2DB-4-3_M4-X3-T2_V4-N3-H2.POSCAR,0
C2DB-4-3_M4-X3-T2_W4-N3-H2.POSCAR,0
C2DB-4-3_M4-X3-T2_Y4-N3-H2.POSCAR,0
C2DB-4-3_M4-X3-T2_Zr4-N3-H2.POSCAR,0
C2DB-4-3_M4-X3-T2_Cr4-B3-O2.POSCAR,1
C2DB-4-3_M4-X3-T2_Hf4-B3-O2.POSCAR,0
C2DB-4-3_M4-X3-T2_Nb4-B3-O2.POSCAR,0
C2DB-4-3_M4-X3-T2_Ta4-B3-O2.POSCAR,0
C2DB-4-3_M4-X3-T2_Ti4-B3-O2.POSCAR,0
C2DB-4-3_M4-X3-T2_Zr4-B3-O2.POSCAR,0
C2DB-4-3_M4-X3-T2_Cr4-C3-O2.POSCAR,1
C2DB-4-3_M4-X3-T2_Mn4-C3-O2.POSCAR,1
C2DB-4-3_M4-X3-T2_Mo4-C3-O2.POSCAR,0
C2DB-4-3_M4-X3-T2_Nb4-C3-O2.POSCAR,0
C2DB-4-3_M4-X3-T2_Sc4-C3-O2.POSCAR,0
C2DB-4-3_M4-X3-T2_Ta4-C3-O2.POSCAR,0
C2DB-4-3_M4-X3-T2_Ti4-C3-O2.POSCAR,0
C2DB-4-3_M4-X3-T2_V4-C3-O2.POSCAR,0
C2DB-4-3_M4-X3-T2_W4-C3-O2.POSCAR,0
C2DB-4-3_M4-X3-T2_Y4-C3-O2.POSCAR,1
C2DB-4-3_M4-X3-T2_Zr4-C3-O2.POSCAR,0
C2DB-4-3_M4-X3-T2_Cr4-N3-O2.POSCAR,1
C2DB-4-3_M4-X3-T2_Fe4-N3-O2.POSCAR,1
C2DB-4-3_M4-X3-T2_Hf4-N3-O2.POSCAR,0
C2DB-4-3_M4-X3-T2_Mn4-N3-O2.POSCAR,1
C2DB-4-3_M4-X3-T2_Mo4-N3-O2.POSCAR,0
C2DB-4-3_M4-X3-T2_Nb4-N3-O2.POSCAR,0
C2DB-4-3_M4-X3-T2_Sc4-N3-O2.POSCAR,0
C2DB-4-3_M4-X3-T2_Ta4-N3-O2.POSCAR,0
C2DB-4-3_M4-X3-T2_Ti4-N3-O2.POSCAR,0
C2DB-4-3_M4-X3-T2_V4-N3-O2.POSCAR,1
C2DB-4-3_M4-X3-T2_W4-N3-O2.POSCAR,0
C2DB-4-3_M4-X3-T2_Y4-N3-O2.POSCAR,0
C2DB-4-3_M4-X3-T2_Zr4-N3-O2.POSCAR,0
C2DB-4-3_M4-X3-T2_Hf4-B3-S2.POSCAR,0
C2DB-4-3_M4-X3-T2_Nb4-B3-S2.POSCAR,0
C2DB-4-3_M4-X3-T2_Ta4-B3-S2.POSCAR,0
C2DB-4-3_M4-X3-T2_Ti4-B3-S2.POSCAR,0
C2DB-4-3_M4-X3-T2_V4-B3-S2.POSCAR,0
C2DB-4-3_M4-X3-T2_Zr4-B3-S2.POSCAR,0
C2DB-4-3_M4-X3-T2_Cr4-C3-S2.POSCAR,1
C2DB-4-3_M4-X3-T2_Hf4-C3-S2.POSCAR,0
C2DB-4-3_M4-X3-T2_Mn4-C3-S2.POSCAR,1
C2DB-4-3_M4-X3-T2_Mo4-C3-S2.POSCAR,0
C2DB-4-3_M4-X3-T2_Nb4-C3-S2.POSCAR,0
C2DB-4-3_M4-X3-T2_Sc4-C3-S2.POSCAR,0
C2DB-4-3_M4-X3-T2_Ta4-C3-S2.POSCAR,0
C2DB-4-3_M4-X3-T2_Ti4-C3-S2.POSCAR,0
C2DB-4-3_M4-X3-T2_V4-C3-S2.POSCAR,0
C2DB-4-3_M4-X3-T2_W4-C3-S2.POSCAR,0
C2DB-4-3_M4-X3-T2_Zr4-C3-S2.POSCAR,0
C2DB-4-3_M4-X3-T2_Hf4-N3-S2.POSCAR,0
C2DB-4-3_M4-X3-T2_Mn4-N3-S2.POSCAR,1
C2DB-4-3_M4-X3-T2_Mo4-N3-S2.POSCAR,1
C2DB-4-3_M4-X3-T2_Nb4-N3-S2.POSCAR,0
C2DB-4-3_M4-X3-T2_Sc4-N3-S2.POSCAR,0
C2DB-4-3_M4-X3-T2_Ta4-N3-S2.POSCAR,0
C2DB-4-3_M4-X3-T2_Ti4-N3-S2.POSCAR,0
C2DB-4-3_M4-X3-T2_W4-N3-S2.POSCAR,1
C2DB-4-3_M4-X3-T2_Y4-N3-S2.POSCAR,0
C2DB-4-3_M4-X3-T2_Zr4-N3-S2.POSCAR,0
C2DB-2-1_M1.33M0.66-X1-T2_Ti1.33Mo0.66-N1-Cl2.POSCAR,0
C2DB-5-4_M3M2-X4-T2_Zr3Al2-O4-O2.POSCAR,0
C2DB-5-4_M3M2-X4-T2_Zr3Al2-Se4-Se2.POSCAR,0
C2DB-5-4_M3M2-X4-T2_Zr3Al2-Te4-Te2.POSCAR,0
C2DB-5-4_M3M2-X4-T2_Zr3Ga2-O4-O2.POSCAR,0
C2DB-5-4_M3M2-X4-T2_Zr3Ga2-Se4-Se2.POSCAR,0
C2DB-5-4_M3M2-X4-T2_Zr3In2-O4-O2.POSCAR,0
C2DB-5-4_M3M2-X4-T2_Zr3In2-S4-S2.POSCAR,0
C2DB-5-4_M3M2-X4-T2_Zr3In2-Se4-Se2.POSCAR,0
C2DB-5-4_M3M2-X4-T2_Zr3In2-Te4-Te2.POSCAR,0
C2DB-5-4_M3M2-X4-T2_Zr3Tl2-O4-O2.POSCAR,0
C2DB-5-4_M3M2-X4-T2_Zr3Tl2-S4-S2.POSCAR,0
C2DB-5-4_M3M2-X4-T2_Zr3Tl2-Se4-Se2.POSCAR,0
C2DB-5-4_M3M2-X4-T2_Zr3Tl2-Te4-Te2.POSCAR,0
C2DB-2-1_M2-X0.66X0.33-T2_Bi2-Se0.66S0.33-S2.POSCAR,0
C2DB-3-2_M3-X2-T2_Al3-S2-S2.POSCAR,0
C2DB-3-2_M3-X2-T2_Al3-Se2-Se2.POSCAR,0
C2DB-3-2_M3-X2-T2_Al3-Te2-Te2.POSCAR,0
C2DB-4-3_M4-X3-none_Sc4-B3-none.POSCAR,0
C2DB-4-3_M4-X3-none_Ti4-B3-none.POSCAR,1
C2DB-4-3_M4-X3-none_Y4-B3-none.POSCAR,0
C2DB-4-3_M4-X3-none_Zr4-B3-none.POSCAR,1
C2DB-4-3_M4-X3-none_Cr4-C3-none.POSCAR,1
C2DB-4-3_M4-X3-none_Hf4-C3-none.POSCAR,1
C2DB-4-3_M4-X3-none_Mo4-C3-none.POSCAR,0
C2DB-4-3_M4-X3-none_Nb4-C3-none.POSCAR,0
C2DB-4-3_M4-X3-none_Sc4-C3-none.POSCAR,0
C2DB-4-3_M4-X3-none_Ta4-C3-none.POSCAR,0
C2DB-4-3_M4-X3-none_Ti4-C3-none.POSCAR,1
C2DB-4-3_M4-X3-none_V4-C3-none.POSCAR,0
C2DB-4-3_M4-X3-none_W4-C3-none.POSCAR,0
C2DB-4-3_M4-X3-none_Y4-C3-none.POSCAR,0
C2DB-4-3_M4-X3-none_Zr4-C3-none.POSCAR,1
C2DB-3-2_M3-X2-T2_Co3-O2-O2.POSCAR,1
C2DB-3-2_M3-X2-T2_Co3-S2-S2.POSCAR,0
C2DB-3-2_M3-X2-T2_Co3-Se2-Se2.POSCAR,1
C2DB-3-2_M3-X2-T2_Co3-Te2-Te2.POSCAR,0
C2DB-3-2_M3-X2-T2_Cr3-S2-S2.POSCAR,1
C2DB-3-2_M3-X2-T2_Cr3-Se2-Se2.POSCAR,1
C2DB-3-2_M3-X2-T2_Cr3-Te2-Te2.POSCAR,1
C2DB-3-2_M3-X2-T2_Fe3-S2-S2-1.POSCAR,1
C2DB-3-2_M3-X2-T2_Fe3-S2-S2-2.POSCAR,1
C2DB-3-2_M3-X2-T2_Fe3-Se2-Se2.POSCAR,1
C2DB-3-2_M3-X2-T2_Fe3-Te2-Te2.POSCAR,0
C2DB-3-2_M3-X2-T2_Ga3-S2-S2.POSCAR,0
C2DB-3-2_M3-X2-T2_Ga3-Se2-Se2.POSCAR,0
C2DB-3-2_M3-X2-T2_In3-S2-S2.POSCAR,0
C2DB-3-2_M3-X2-T2_In3-Se2-Se2.POSCAR,0
C2DB-3-2_M3-X2-T2_Mn3-O2-O2.POSCAR,1
C2DB-3-2_M3-X2-T2_Mn3-S2-S2.POSCAR,1
C2DB-3-2_M3-X2-T2_Mn3-Te2-Te2.POSCAR,1
C2DB-4-3_M4-X3-none_Cr4-N3-none.POSCAR,1
C2DB-4-3_M4-X3-none_Hf4-N3-none.POSCAR,0
C2DB-4-3_M4-X3-none_Nb4-N3-none.POSCAR,0
C2DB-4-3_M4-X3-none_Sc4-N3-none.POSCAR,1
C2DB-4-3_M4-X3-none_Ta4-N3-none.POSCAR,0
C2DB-4-3_M4-X3-none_Ti4-N3-none.POSCAR,0
C2DB-4-3_M4-X3-none_V4-N3-none.POSCAR,0
C2DB-4-3_M4-X3-none_W4-N3-none.POSCAR,0
C2DB-4-3_M4-X3-none_Y4-N3-none.POSCAR,0
C2DB-4-3_M4-X3-none_Zr4-N3-none.POSCAR,1
C2DB-3-2_M3-X2-T2_Ni3-S2-S2.POSCAR,0
C2DB-3-2_M3-X2-T2_Ni3-Se2-Se2.POSCAR,0
C2DB-3-2_M3-X2-T2_Ni3-Te2-Te2.POSCAR,0
C2DB-3-2_M3-X2-T2_Tl3-S2-S2.POSCAR,0
C2DB-3-2_M3-X2-T2_Tl3-Se2-Se2.POSCAR,0
C2DB-3-2_M3-X2-T2_Tl3-Te2-Te2.POSCAR,0
C2DB-3-2_M3-X2-T2_V3-S2-S2.POSCAR,0
C2DB-3-2_M3-X2-T2_V3-Te2-Te2.POSCAR,1
C2DB-3-2_M3-X2-T2_Hf3-S2-S2.POSCAR,0
C2DB-3-2_M3-X2-T2_Hf3-Se2-Se2.POSCAR,0
C2DB-3-2_M3-X2-T2_Hf3-Te2-Te2.POSCAR,0
C2DB-3-2_M3-X2-T2_Mo3-S2-S2.POSCAR,0
C2DB-3-2_M3-X2-T2_Nb3-S2-S2.POSCAR,0
C2DB-3-2_M3-X2-T2_Nb3-Se2-Se2-1.POSCAR,0
C2DB-3-2_M3-X2-T2_Nb3-Te2-Te2.POSCAR,0
C2DB-3-2_M3-X2-T2_Sn3-S2-S2.POSCAR,0
C2DB-3-2_M3-X2-T2_Sn3-Se2-Se2.POSCAR,0
C2DB-3-2_M3-X2-T2_Ta3-S2-S2-1.POSCAR,0
C2DB-3-2_M3-X2-T2_Ta3-S2-S2-2.POSCAR,0
C2DB-3-2_M3-X2-T2_Ta3-Se2-Se2.POSCAR,0
C2DB-3-2_M3-X2-T2_Ti3-Te2-Te2.POSCAR,1
C2DB-3-2_M3-X2-T2_Zr3-Se2-Se2.POSCAR,0
C2DB-5-4_M5-X4-T2_Bi5-Te4-Te2.POSCAR,0
C2DB-5-4_M5-X4-T2_W5-N4-N2.POSCAR,0
C2DB-3-2_M2.33-X2-T2_Sn2.33-S2-S2.POSCAR,0
C2DB-3-2_M2.33-X2-T2_Sn2.33-Se2-Se2.POSCAR,0
C2DB-5-4_M3.5-X2.5-T2_Bi3.5-Te2.5-Te2.POSCAR,0
C2DB-5-4_M3.5-X2.5-T2_W3.5-N2.5-N2.POSCAR,0
C2DB-2-1_M2-X1-none_Cr2-C1-none.POSCAR,1
C2DB-2-1_M2-X1-none_Hf2-C1-none.POSCAR,0
C2DB-2-1_M2-X1-none_Mn2-C1-none.POSCAR,1
C2DB-2-1_M2-X1-none_Mo2-C1-none.POSCAR,0
C2DB-2-1_M2-X1-none_Nb2-C1-none.POSCAR,0
C2DB-2-1_M2-X1-none_Sc2-C1-none.POSCAR,0
C2DB-2-1_M2-X1-none_Ta2-C1-none.POSCAR,0
C2DB-2-1_M2-X1-none_V2-C1-none.POSCAR,0
C2DB-2-1_M2-X1-none_W2-C1-none.POSCAR,0
C2DB-2-1_M2-X1-none_Y2-C1-none.POSCAR,0
C2DB-2-1_M2-X1-none_Cr2-N1-none.POSCAR,0
C2DB-2-1_M2-X1-none_Hf2-N1-none.POSCAR,0
C2DB-2-1_M2-X1-none_Mn2-N1-none.POSCAR,1
C2DB-2-1_M2-X1-none_Mo2-N1-none.POSCAR,0
C2DB-2-1_M2-X1-none_Nb2-N1-none.POSCAR,0
C2DB-2-1_M2-X1-none_Sc2-N1-none.POSCAR,0
C2DB-2-1_M2-X1-none_Ti2-N1-none.POSCAR,1
C2DB-2-1_M2-X1-none_V2-N1-none.POSCAR,0
C2DB-2-1_M2-X1-none_W2-N1-none.POSCAR,0
C2DB-2-1_M2-X1-none_Y2-N1-none.POSCAR,0
C2DB-2-1_M2-X1-none_Tl2-O1-none-1.POSCAR,0
C2DB-2-1_M2-X1-none_Tl2-S1-none-1.POSCAR,0
C2DB-2-1_M2-X1-none_Tl2-O1-none-3.POSCAR,0
C2DB-2-1_M2-X1-none_Tl2-Se1-none-2.POSCAR,0
C2DB-2-1_M2-X1-none_Tl2-Te1-none-3.POSCAR,0
C2DB-2-1_M2-X1-T2_Co2-As1-S2.POSCAR,1
C2DB-2-1_M2-X1-T2_Co2-As1-Se2.POSCAR,0
C2DB-2-1_M2-X1-T2_Co2-As1-Te2.POSCAR,0
C2DB-2-1_M2-X1-T2_Fe2-As1-Se2.POSCAR,1
C2DB-2-1_M2-X1-T2_Hf2-As1-S2.POSCAR,0
C2DB-2-1_M2-X1-T2_Hf2-As1-Se2.POSCAR,0
C2DB-2-1_M2-X1-T2_Hf2-As1-Te2.POSCAR,0
C2DB-2-1_M2-X1-T2_Ni2-As1-S2.POSCAR,0
C2DB-2-1_M2-X1-T2_Ni2-As1-Se2.POSCAR,0
C2DB-2-1_M2-X1-T2_Ni2-As1-Te2.POSCAR,0
C2DB-2-1_M2-X1-T2_Pd2-As1-S2.POSCAR,0
C2DB-2-1_M2-X1-T2_Pd2-As1-Se2.POSCAR,0
C2DB-2-1_M2-X1-T2_Pd2-As1-Te2.POSCAR,0
C2DB-2-1_M2-X1-T2_Ti2-As1-S2.POSCAR,0
C2DB-2-1_M2-X1-T2_Zr2-As1-S2.POSCAR,0
C2DB-2-1_M2-X1-T2_Ti2-As1-Se2.POSCAR,0
C2DB-2-1_M2-X1-T2_Zr2-As1-Se2.POSCAR,0
C2DB-2-1_M2-X1-T2_Ti2-As1-Te2.POSCAR,0
C2DB-2-1_M2-X1-T2_Zr2-As1-Te2.POSCAR,0
C2DB-2-1_M2-X1-T2_Sc2-B1-Br2.POSCAR,0
C2DB-2-1_M2-X1-T2_Cr2-B1-Cl2.POSCAR,1
C2DB-2-1_M2-X1-T2_Fe2-B1-Cl2.POSCAR,0
C2DB-2-1_M2-X1-T2_Hf2-B1-Cl2.POSCAR,0
C2DB-2-1_M2-X1-T2_Mn2-B1-Cl2.POSCAR,1
C2DB-2-1_M2-X1-T2_Nb2-B1-Cl2.POSCAR,0
C2DB-2-1_M2-X1-T2_Sc2-B1-Cl2.POSCAR,0
C2DB-2-1_M2-X1-T2_Ta2-B1-Cl2.POSCAR,0
C2DB-2-1_M2-X1-T2_V2-B1-Cl2.POSCAR,0
C2DB-2-1_M2-X1-T2_Y2-B1-Cl2.POSCAR,0
C2DB-2-1_M2-X1-T2_Zr2-B1-Cl2.POSCAR,0
C2DB-2-1_M2-X1-T2_Cr2-B1-H2.POSCAR,0
C2DB-2-1_M2-X1-T2_Cr2-B1-O2.POSCAR,1
C2DB-2-1_M2-X1-T2_Cr2-B1-S2.POSCAR,1
C2DB-2-1_M2-X1-T2_Cr2-B1-Se2.POSCAR,0
C2DB-2-1_M2-X1-T2_Cr2-B1-Te2.POSCAR,0
C2DB-2-1_M2-X1-T2_Fe2-B1-F2.POSCAR,1
C2DB-2-1_M2-X1-T2_Hf2-B1-F2.POSCAR,0
C2DB-2-1_M2-X1-T2_Mn2-B1-F2.POSCAR,1
C2DB-2-1_M2-X1-T2_Nb2-B1-F2.POSCAR,0
C2DB-2-1_M2-X1-T2_Sc2-B1-F2.POSCAR,0
C2DB-2-1_M2-X1-T2_Ta2-B1-F2.POSCAR,0
C2DB-2-1_M2-X1-T2_Ti2-B1-F2.POSCAR,0
C2DB-2-1_M2-X1-T2_V2-B1-F2.POSCAR,0
C2DB-2-1_M2-X1-T2_Y2-B1-F2.POSCAR,0
C2DB-2-1_M2-X1-T2_Zr2-B1-F2.POSCAR,0
C2DB-2-1_M2-X1-T2_Fe2-B1-H2.POSCAR,1
C2DB-2-1_M2-X1-T2_Hf2-B1-H2.POSCAR,0
C2DB-2-1_M2-X1-T2_Mn2-B1-H2.POSCAR,1
C2DB-2-1_M2-X1-T2_Nb2-B1-H2.POSCAR,0
C2DB-2-1_M2-X1-T2_Sc2-B1-H2.POSCAR,0
C2DB-2-1_M2-X1-T2_Ta2-B1-H2.POSCAR,0
C2DB-2-1_M2-X1-T2_Ti2-B1-H2.POSCAR,0
C2DB-2-1_M2-X1-T2_V2-B1-H2.POSCAR,0
C2DB-2-1_M2-X1-T2_Y2-B1-H2.POSCAR,0
C2DB-2-1_M2-X1-T2_Zr2-B1-H2.POSCAR,0
C2DB-2-1_M2-X1-T2_Hf2-B1-O2.POSCAR,0
C2DB-2-1_M2-X1-T2_Hf2-B1-S2.POSCAR,0
C2DB-2-1_M2-X1-T2_Hf2-B1-Se2.POSCAR,0
C2DB-2-1_M2-X1-T2_Hf2-B1-Te2.POSCAR,0
C2DB-2-1_M2-X1-T2_Sc2-B1-I2.POSCAR,0
C2DB-2-1_M2-X1-T2_Co2-Bi1-S2.POSCAR,0
C2DB-2-1_M2-X1-T2_Co2-Bi1-Se2.POSCAR,0
C2DB-2-1_M2-X1-T2_Co2-Bi1-Te2.POSCAR,0
C2DB-2-1_M2-X1-T2_Fe2-Bi1-S2.POSCAR,1
C2DB-2-1_M2-X1-T2_Fe2-Bi1-Se2.POSCAR,1
C2DB-2-1_M2-X1-T2_Ni2-Bi1-S2.POSCAR,0
C2DB-2-1_M2-X1-T2_Ni2-Bi1-Se2.POSCAR,0
C2DB-2-1_M2-X1-T2_Ni2-Bi1-Te2.POSCAR,0
C2DB-2-1_M2-X1-T2_Pd2-Bi1-S2.POSCAR,0
C2DB-2-1_M2-X1-T2_Pd2-Bi1-Se2.POSCAR,0
C2DB-2-1_M2-X1-T2_Pd2-Bi1-Te2.POSCAR,0
C2DB-2-1_M2-X1-T2_Mo2-B1-O2.POSCAR,0
C2DB-2-1_M2-X1-T2_Mo2-B1-S2.POSCAR,0
C2DB-2-1_M2-X1-T2_Mo2-B1-Se2.POSCAR,0
C2DB-2-1_M2-X1-T2_Mo2-B1-Te2.POSCAR,0
C2DB-2-1_M2-X1-T2_Nb2-B1-O2.POSCAR,0
C2DB-2-1_M2-X1-T2_Nb2-B1-S2.POSCAR,0
C2DB-2-1_M2-X1-T2_Nb2-B1-Se2.POSCAR,0
C2DB-2-1_M2-X1-T2_Nb2-B1-Te2.POSCAR,0
C2DB-2-1_M2-X1-T2_Ta2-B1-O2.POSCAR,0
C2DB-2-1_M2-X1-T2_Ti2-B1-O2.POSCAR,0
C2DB-2-1_M2-X1-T2_V2-B1-O2.POSCAR,0
C2DB-2-1_M2-X1-T2_W2-B1-O2.POSCAR,0
C2DB-2-1_M2-X1-T2_Zr2-B1-O2.POSCAR,0
C2DB-2-1_M2-X1-T2_Ta2-B1-S2.POSCAR,0
C2DB-2-1_M2-X1-T2_Ti2-B1-S2.POSCAR,0
C2DB-2-1_M2-X1-T2_V2-B1-S2.POSCAR,0
C2DB-2-1_M2-X1-T2_W2-B1-S2.POSCAR,0
C2DB-2-1_M2-X1-T2_Zr2-B1-S2.POSCAR,0
C2DB-2-1_M2-X1-T2_Ta2-B1-Se2.POSCAR,0
C2DB-2-1_M2-X1-T2_Ti2-B1-Se2.POSCAR,0
C2DB-2-1_M2-X1-T2_V2-B1-Se2.POSCAR,0
C2DB-2-1_M2-X1-T2_Zr2-B1-Se2.POSCAR,0
C2DB-2-1_M2-X1-T2_Ta2-B1-Te2.POSCAR,0
C2DB-2-1_M2-X1-T2_Ti2-B1-Te2.POSCAR,0
C2DB-2-1_M2-X1-T2_V2-B1-Te2.POSCAR,0
C2DB-2-1_M2-X1-T2_W2-B1-Te2.POSCAR,0
C2DB-2-1_M2-X1-T2_Zr2-B1-Te2.POSCAR,0
C2DB-2-1_M2-X1-T2_Sc2-C1-Br2.POSCAR,0
C2DB-2-1_M2-X1-T2_Cr2-C1-Cl2.POSCAR,1
C2DB-2-1_M2-X1-T2_Fe2-C1-Cl2.POSCAR,1
C2DB-2-1_M2-X1-T2_Mn2-C1-Cl2.POSCAR,1
C2DB-2-1_M2-X1-T2_Mo2-C1-Cl2.POSCAR,0
C2DB-2-1_M2-X1-T2_Nb2-C1-Cl2.POSCAR,0
C2DB-2-1_M2-X1-T2_Sc2-C1-Cl2.POSCAR,0
C2DB-2-1_M2-X1-T2_Ti2-C1-Cl2.POSCAR,0
C2DB-2-1_M2-X1-T2_V2-C1-Cl2.POSCAR,0
C2DB-2-1_M2-X1-T2_W2-C1-Cl2.POSCAR,0
C2DB-2-1_M2-X1-T2_Y2-C1-Cl2.POSCAR,0
C2DB-2-1_M2-X1-T2_Cr2-C1-F2.POSCAR,1
C2DB-2-1_M2-X1-T2_Cr2-C1-H2.POSCAR,1
C2DB-2-1_M2-X1-T2_Cr2-C1-O2.POSCAR,1
C2DB-2-1_M2-X1-T2_Cr2-C1-S2.POSCAR,1
C2DB-2-1_M2-X1-T2_Cr2-C1-Se2.POSCAR,1
C2DB-2-1_M2-X1-T2_Cr2-C1-Te2.POSCAR,1
C2DB-2-1_M2-X1-T2_Hf2-C1-F2.POSCAR,0
C2DB-2-1_M2-X1-T2_Mn2-C1-F2.POSCAR,1
C2DB-2-1_M2-X1-T2_Mo2-C1-F2.POSCAR,0
C2DB-2-1_M2-X1-T2_Nb2-C1-F2.POSCAR,0
C2DB-2-1_M2-X1-T2_Sc2-C1-F2.POSCAR,0
C2DB-2-1_M2-X1-T2_Ta2-C1-F2.POSCAR,0
C2DB-2-1_M2-X1-T2_Ti2-C1-F2.POSCAR,0
C2DB-2-1_M2-X1-T2_V2-C1-F2.POSCAR,0
C2DB-2-1_M2-X1-T2_W2-C1-F2.POSCAR,0
C2DB-2-1_M2-X1-T2_Y2-C1-F2.POSCAR,0
C2DB-2-1_M2-X1-T2_Zr2-C1-F2.POSCAR,0
C2DB-2-1_M2-X1-T2_Fe2-C1-H2.POSCAR,1
C2DB-2-1_M2-X1-T2_Fe2-C1-O2.POSCAR,1
C2DB-2-1_M2-X1-T2_Hf2-C1-H2.POSCAR,0
C2DB-2-1_M2-X1-T2_Mn2-C1-H2.POSCAR,1
C2DB-2-1_M2-X1-T2_Mo2-C1-H2.POSCAR,0
C2DB-2-1_M2-X1-T2_Nb2-C1-H2.POSCAR,0
C2DB-2-1_M2-X1-T2_Sc2-C1-H2.POSCAR,0
C2DB-2-1_M2-X1-T2_Ta2-C1-H2.POSCAR,0
C2DB-2-1_M2-X1-T2_Ti2-C1-H2.POSCAR,0
C2DB-2-1_M2-X1-T2_V2-C1-H2.POSCAR,0
C2DB-2-1_M2-X1-T2_W2-C1-H2.POSCAR,1
C2DB-2-1_M2-X1-T2_Y2-C1-H2.POSCAR,0
C2DB-2-1_M2-X1-T2_Zr2-C1-H2.POSCAR,0
C2DB-2-1_M2-X1-T2_Hf2-C1-O2.POSCAR,0
C2DB-2-1_M2-X1-T2_Hf2-C1-S2.POSCAR,0
C2DB-2-1_M2-X1-T2_Hf2-C1-Se2.POSCAR,0
C2DB-2-1_M2-X1-T2_Hf2-C1-Te2.POSCAR,0
C2DB-2-1_M2-X1-T2_Sc2-C1-I2.POSCAR,0
C2DB-2-1_M2-X1-T2_Zr2-C1-I2.POSCAR,0
C2DB-2-1_M2-X1-T2_Mn2-C1-O2.POSCAR,1
C2DB-2-1_M2-X1-T2_Mn2-C1-S2.POSCAR,1
C2DB-2-1_M2-X1-T2_Mo2-C1-O2.POSCAR,0
C2DB-2-1_M2-X1-T2_Mo2-C1-S2.POSCAR,0
C2DB-2-1_M2-X1-T2_Mo2-C1-Se2.POSCAR,0
C2DB-2-1_M2-X1-T2_Mo2-C1-Te2.POSCAR,0
C2DB-2-1_M2-X1-T2_Nb2-C1-O2.POSCAR,0
C2DB-2-1_M2-X1-T2_Nb2-C1-S2.POSCAR,0
C2DB-2-1_M2-X1-T2_Nb2-C1-Se2.POSCAR,0
C2DB-2-1_M2-X1-T2_Nb2-C1-Te2.POSCAR,0
C2DB-2-1_M2-X1-T2_Sc2-C1-O2.POSCAR,1
C2DB-2-1_M2-X1-T2_Ta2-C1-O2.POSCAR,0
C2DB-2-1_M2-X1-T2_Ti2-C1-O2.POSCAR,0
C2DB-2-1_M2-X1-T2_V2-C1-O2.POSCAR,0
C2DB-2-1_M2-X1-T2_W2-C1-O2.POSCAR,0
C2DB-2-1_M2-X1-T2_Y2-C1-O2.POSCAR,1
C2DB-2-1_M2-X1-T2_Zr2-C1-O2.POSCAR,0
C2DB-2-1_M2-X1-T2_Ta2-C1-S2.POSCAR,0
C2DB-2-1_M2-X1-T2_V2-C1-S2.POSCAR,0
C2DB-2-1_M2-X1-T2_W2-C1-S2.POSCAR,0
C2DB-2-1_M2-X1-T2_Zr2-C1-S2.POSCAR,0
C2DB-2-1_M2-X1-T2_Ta2-C1-Se2.POSCAR,0
C2DB-2-1_M2-X1-T2_Ti2-C1-Se2.POSCAR,0
C2DB-2-1_M2-X1-T2_V2-C1-Se2.POSCAR,0
C2DB-2-1_M2-X1-T2_W2-C1-Se2.POSCAR,0
C2DB-2-1_M2-X1-T2_Zr2-C1-Se2.POSCAR,0
C2DB-2-1_M2-X1-T2_Ta2-C1-Te2.POSCAR,0
C2DB-2-1_M2-X1-T2_Ti2-C1-Te2.POSCAR,0
C2DB-2-1_M2-X1-T2_V2-C1-Te2.POSCAR,0
C2DB-2-1_M2-X1-T2_W2-C1-Te2.POSCAR,0
C2DB-2-1_M2-X1-T2_Zr2-C1-Te2.POSCAR,0
C2DB-2-1_M2-X1-T2_Sc2-N1-Br2.POSCAR,0
C2DB-2-1_M2-X1-T2_Ti2-N1-Br2.POSCAR,0
C2DB-2-1_M2-X1-T2_Cr2-N1-Cl2.POSCAR,1
C2DB-2-1_M2-X1-T2_Fe2-N1-Cl2.POSCAR,1
C2DB-2-1_M2-X1-T2_Hf2-N1-Cl2.POSCAR,0
C2DB-2-1_M2-X1-T2_Mn2-N1-Cl2.POSCAR,1
C2DB-2-1_M2-X1-T2_Mo2-N1-Cl2-1.POSCAR,0
C2DB-2-1_M2-X1-T2_Mo2-N1-Cl2-2.POSCAR,0
C2DB-2-1_M2-X1-T2_Nb2-N1-Cl2.POSCAR,0
C2DB-2-1_M2-X1-T2_Ta2-N1-Cl2.POSCAR,0
C2DB-2-1_M2-X1-T2_V2-N1-Cl2.POSCAR,1
C2DB-2-1_M2-X1-T2_W2-N1-Cl2.POSCAR,0
C2DB-2-1_M2-X1-T2_Y2-N1-Cl2.POSCAR,0
C2DB-2-1_M2-X1-T2_Zr2-N1-Cl2.POSCAR,0
C2DB-2-1_M2-X1-T2_Cr2-N1-F2.POSCAR,1
C2DB-2-1_M2-X1-T2_Cr2-N1-H2.POSCAR,1
C2DB-2-1_M2-X1-T2_Cr2-N1-O2.POSCAR,1
C2DB-2-1_M2-X1-T2_Cr2-N1-S2.POSCAR,1
C2DB-2-1_M2-X1-T2_Cr2-N1-Se2.POSCAR,1
C2DB-2-1_M2-X1-T2_Cr2-N1-Te2.POSCAR,1
C2DB-2-1_M2-X1-T2_Fe2-N1-F2.POSCAR,1
C2DB-2-1_M2-X1-T2_Hf2-N1-F2.POSCAR,0
C2DB-2-1_M2-X1-T2_Mn2-N1-F2.POSCAR,1
C2DB-2-1_M2-X1-T2_Mo2-N1-F2.POSCAR,0
C2DB-2-1_M2-X1-T2_Nb2-N1-F2.POSCAR,0
C2DB-2-1_M2-X1-T2_Sc2-N1-F2.POSCAR,0
C2DB-2-1_M2-X1-T2_Ta2-N1-F2.POSCAR,0
C2DB-2-1_M2-X1-T2_Ti2-N1-F2.POSCAR,0
C2DB-2-1_M2-X1-T2_V2-N1-F2.POSCAR,1
C2DB-2-1_M2-X1-T2_W2-N1-F2.POSCAR,0
C2DB-2-1_M2-X1-T2_Y2-N1-F2.POSCAR,0
C2DB-2-1_M2-X1-T2_Zr2-N1-F2.POSCAR,0
C2DB-2-1_M2-X1-T2_Fe2-N1-H2.POSCAR,1
C2DB-2-1_M2-X1-T2_Fe2-N1-O2.POSCAR,1
C2DB-2-1_M2-X1-T2_Fe2-N1-S2.POSCAR,1
C2DB-2-1_M2-X1-T2_Hf2-N1-H2.POSCAR,0
C2DB-2-1_M2-X1-T2_Mn2-N1-H2.POSCAR,1
C2DB-2-1_M2-X1-T2_Mo2-N1-H2.POSCAR,0
C2DB-2-1_M2-X1-T2_Nb2-N1-H2.POSCAR,0
C2DB-2-1_M2-X1-T2_Sc2-N1-H2.POSCAR,0
C2DB-2-1_M2-X1-T2_Ta2-N1-H2.POSCAR,0
C2DB-2-1_M2-X1-T2_Ti2-N1-H2.POSCAR,0
C2DB-2-1_M2-X1-T2_W2-N1-H2.POSCAR,0
C2DB-2-1_M2-X1-T2_Y2-N1-H2.POSCAR,0
C2DB-2-1_M2-X1-T2_Zr2-N1-H2.POSCAR,0
C2DB-2-1_M2-X1-T2_Hf2-N1-I2.POSCAR,0
C2DB-2-1_M2-X1-T2_Hf2-N1-O2.POSCAR,0
C2DB-2-1_M2-X1-T2_Hf2-N1-S2.POSCAR,0
C2DB-2-1_M2-X1-T2_Hf2-N1-Se2.POSCAR,0
C2DB-2-1_M2-X1-T2_Hf2-N1-Te2.POSCAR,0
C2DB-2-1_M2-X1-T2_Sc2-N1-I2.POSCAR,0
C2DB-2-1_M2-X1-T2_Ta2-N1-I2.POSCAR,0
C2DB-2-1_M2-X1-T2_Mn2-N1-O2.POSCAR,1
C2DB-2-1_M2-X1-T2_Mn2-N1-S2.POSCAR,1
C2DB-2-1_M2-X1-T2_Mo2-N1-O2-1.POSCAR,0
C2DB-2-1_M2-X1-T2_Mo2-N1-O2-2.POSCAR,0
C2DB-2-1_M2-X1-T2_Mo2-N1-S2.POSCAR,0
C2DB-2-1_M2-X1-T2_Mo2-N1-Se2.POSCAR,0
C2DB-2-1_M2-X1-T2_Mo2-N1-Te2.POSCAR,0
C2DB-2-1_M2-X1-T2_Nb2-N1-O2.POSCAR,0
C2DB-2-1_M2-X1-T2_Nb2-N1-S2.POSCAR,0
C2DB-2-1_M2-X1-T2_Nb2-N1-Se2.POSCAR,0
C2DB-2-1_M2-X1-T2_Nb2-N1-Te2.POSCAR,0
C2DB-2-1_M2-X1-T2_Sc2-N1-O2.POSCAR,0
C2DB-2-1_M2-X1-T2_Ta2-N1-O2.POSCAR,0
C2DB-2-1_M2-X1-T2_Ti2-N1-O2.POSCAR,0
C2DB-2-1_M2-X1-T2_V2-N1-O2.POSCAR,1
C2DB-2-1_M2-X1-T2_W2-N1-O2-1.POSCAR,0
C2DB-2-1_M2-X1-T2_W2-N1-O2-2.POSCAR,0
C2DB-2-1_M2-X1-T2_Y2-N1-O2.POSCAR,1
C2DB-2-1_M2-X1-T2_Zr2-N1-O2.POSCAR,0
C2DB-2-1_M2-X1-T2_Ta2-N1-S2.POSCAR,0
C2DB-2-1_M2-X1-T2_Ti2-N1-S2.POSCAR,0
C2DB-2-1_M2-X1-T2_W2-N1-S2.POSCAR,0
C2DB-2-1_M2-X1-T2_Zr2-N1-S2.POSCAR,0
C2DB-2-1_M2-X1-T2_Ta2-N1-Se2.POSCAR,0
C2DB-2-1_M2-X1-T2_Ti2-N1-Se2.POSCAR,0
C2DB-2-1_M2-X1-T2_V2-N1-Se2.POSCAR,0
C2DB-2-1_M2-X1-T2_W2-N1-Se2-1.POSCAR,0
C2DB-2-1_M2-X1-T2_W2-N1-Se2-2.POSCAR,0
C2DB-2-1_M2-X1-T2_Zr2-N1-Se2.POSCAR,0
C2DB-2-1_M2-X1-T2_Ta2-N1-Te2.POSCAR,0
C2DB-2-1_M2-X1-T2_Ti2-N1-Te2.POSCAR,0
C2DB-2-1_M2-X1-T2_V2-N1-Te2.POSCAR,0
C2DB-2-1_M2-X1-T2_W2-N1-Te2-1.POSCAR,0
C2DB-2-1_M2-X1-T2_W2-N1-Te2-2.POSCAR,0
C2DB-2-1_M2-X1-T2_Zr2-N1-Te2.POSCAR,0
C2DB-2-1_M2-X1-T2_Fe2-O1-Br2.POSCAR,1
C2DB-2-1_M2-X1-T2_Ti2-O1-Br2.POSCAR,0
C2DB-2-1_M2-X1-T2_Ti2-O1-Cl2.POSCAR,0
C2DB-2-1_M2-X1-T2_Co2-O1-Se2.POSCAR,0
C2DB-2-1_M2-X1-T2_Nb2-O1-I2.POSCAR,0
C2DB-2-1_M2-X1-T2_P2-O1-Se2.POSCAR,0
C2DB-2-1_M2-X1-T2_P2-O1-Te2.POSCAR,0
C2DB-2-1_M2-X1-T2_Sb2-O1-S2-2.POSCAR,0
C2DB-2-1_M2-X1-T2_Sb2-O1-Se2-1.POSCAR,0
C2DB-2-1_M2-X1-T2_Sb2-O1-Se2-2.POSCAR,0
C2DB-2-1_M2-X1-T2_Sb2-O1-Te2-1.POSCAR,0
C2DB-2-1_M2-X1-T2_Sb2-O1-Te2-2.POSCAR,0
C2DB-2-1_M2-X1-T2_V2-O1-Te2.POSCAR,0
C2DB-2-1_M2-X1-T2_Co2-P1-S2.POSCAR,0
C2DB-2-1_M2-X1-T2_Co2-P1-Se2.POSCAR,0
C2DB-2-1_M2-X1-T2_Co2-P1-Te2.POSCAR,0
C2DB-2-1_M2-X1-T2_Fe2-P1-S2.POSCAR,1
C2DB-2-1_M2-X1-T2_Fe2-P1-Se2.POSCAR,1
C2DB-2-1_M2-X1-T2_Hf2-P1-S2.POSCAR,0
C2DB-2-1_M2-X1-T2_Hf2-P1-Se2.POSCAR,0
C2DB-2-1_M2-X1-T2_Hf2-P1-Te2.POSCAR,0
C2DB-2-1_M2-X1-T2_Ni2-P1-S2.POSCAR,0
C2DB-2-1_M2-X1-T2_Ni2-P1-Se2.POSCAR,0
C2DB-2-1_M2-X1-T2_Ni2-P1-Te2.POSCAR,0
C2DB-2-1_M2-X1-T2_Pd2-P1-S2.POSCAR,0
C2DB-2-1_M2-X1-T2_Pd2-P1-Se2.POSCAR,0
C2DB-2-1_M2-X1-T2_Pd2-P1-Te2.POSCAR,0
C2DB-2-1_M2-X1-T2_Ti2-P1-S2.POSCAR,0
C2DB-2-1_M2-X1-T2_Zr2-P1-S2.POSCAR,0
C2DB-2-1_M2-X1-T2_Ti2-P1-Se2.POSCAR,0
C2DB-2-1_M2-X1-T2_Zr2-P1-Se2.POSCAR,0
C2DB-2-1_M2-X1-T2_Ti2-P1-Te2.POSCAR,0
C2DB-2-1_M2-X1-T2_Zr2-P1-Te2.POSCAR,0
C2DB-2-1_M2-X1-T2_As2-S1-I2.POSCAR,0
C2DB-2-1_M2-X1-T2_As2-S1-O2.POSCAR,0
C2DB-2-1_M2-X1-T2_As2-S1-Se2.POSCAR,0
C2DB-2-1_M2-X1-T2_As2-S1-Te2.POSCAR,0
C2DB-2-1_M2-X1-T2_Co2-Sb1-S2.POSCAR,0
C2DB-2-1_M2-X1-T2_Co2-Sb1-Se2.POSCAR,1
C2DB-2-1_M2-X1-T2_Co2-Sb1-Te2.POSCAR,0
C2DB-2-1_M2-X1-T2_Fe2-Sb1-S2.POSCAR,1
C2DB-2-1_M2-X1-T2_Hf2-Sb1-S2.POSCAR,0
C2DB-2-1_M2-X1-T2_Hf2-Sb1-Se2.POSCAR,0
C2DB-2-1_M2-X1-T2_Hf2-Sb1-Te2.POSCAR,0
C2DB-2-1_M2-X1-T2_Bi2-S1-O2.POSCAR,0
C2DB-2-1_M2-X1-T2_Bi2-S1-Se2.POSCAR,0
C2DB-2-1_M2-X1-T2_Bi2-S1-Te2.POSCAR,0
C2DB-2-1_M2-X1-T2_Ni2-Sb1-S2.POSCAR,0
C2DB-2-1_M2-X1-T2_Ni2-Sb1-Se2.POSCAR,0
C2DB-2-1_M2-X1-T2_Ni2-Sb1-Te2.POSCAR,0
C2DB-2-1_M2-X1-T2_Pd2-Sb1-S2.POSCAR,0
C2DB-2-1_M2-X1-T2_Pd2-Sb1-Se2.POSCAR,0
C2DB-2-1_M2-X1-T2_Pd2-Sb1-Te2.POSCAR,0
C2DB-2-1_M2-X1-T2_Ge2-S1-Br2.POSCAR,0
C2DB-2-1_M2-X1-T2_Ir2-S1-Br2.POSCAR,0
C2DB-2-1_M2-X1-T2_Nb2-S1-Br2.POSCAR,0
C2DB-2-1_M2-X1-T2_Pb2-S1-Br2.POSCAR,0
C2DB-2-1_M2-X1-T2_Ti2-S1-Br2.POSCAR,0
C2DB-2-1_M2-X1-T2_Zr2-S1-Br2.POSCAR,0
C2DB-2-1_M2-X1-T2_Ti2-Sb1-S2.POSCAR,1
C2DB-2-1_M2-X1-T2_Zr2-Sb1-S2.POSCAR,0
C2DB-2-1_M2-X1-T2_Ti2-Sb1-Se2.POSCAR,1
C2DB-2-1_M2-X1-T2_Zr2-Sb1-Se2.POSCAR,0
C2DB-2-1_M2-X1-T2_Ti2-Sb1-Te2.POSCAR,0
C2DB-2-1_M2-X1-T2_Zr2-Sb1-Te2.POSCAR,0
C2DB-2-1_M2-X1-T2_Y2-S1-Cl2.POSCAR,0
C2DB-2-1_M2-X1-T2_Mn2-Se1-Cl2.POSCAR,1
C2DB-2-1_M2-X1-T2_Mn2-Se1-I2.POSCAR,1
C2DB-2-1_M2-X1-T2_Ti2-Se1-I2.POSCAR,0
C2DB-2-1_M2-X1-T2_Hg2-S1-I2.POSCAR,0
C2DB-2-1_M2-X1-T2_Mn2-S1-I2.POSCAR,1
C2DB-2-1_M2-X1-T2_Pb2-S1-I2.POSCAR,0
C2DB-2-1_M2-X1-T2_Zr2-S1-I2.POSCAR,0
C2DB-2-1_M2-X1-T2_In2-S1-Te2.POSCAR,0
C2DB-2-1_M2-X1-T2_Sb2-S1-O2.POSCAR,0
C2DB-2-1_M2-X1-T2_P2-S1-Te2.POSCAR,0
C2DB-2-1_M2-X1-T2_Sb2-S1-Se2.POSCAR,0
C2DB-2-1_M2-X1-T2_Sb2-S1-Te2.POSCAR,0
C2DB-2-1_M2-X1-T2_Ta2-S1-Te2.POSCAR,0
C2DB-2-1_M2-X1-T2_Zr2-S1-Te2.POSCAR,1
C2DB-2-1_M2-X1-T2_Sc2-Te1-Br2.POSCAR,0
C2DB-2-1_M2-X1-T2_Sc2-Te1-I2.POSCAR,0
C2DB-2-1_M2-X1-T2_Ti2-N1-Cl2.POSCAR,0
C2DB-2-1_M2-X1-T2_Mn2-S1-Cl2.POSCAR,1
C2DB-2-1_M2-X1-T2_Cr2-B1-(F1S1)2.POSCAR,1
C2DB-2-1_M2-X1-T2_Cr2-B1-(H1S1)2.POSCAR,1
C2DB-2-1_M2-X1-T2_Fe2-B1-(F1O1)2.POSCAR,1
C2DB-2-1_M2-X1-T2_Fe2-B1-(F1S1)2.POSCAR,0
C2DB-2-1_M2-X1-T2_Mn2-B1-(F1O1)2.POSCAR,1
C2DB-2-1_M2-X1-T2_Mn2-B1-(F1S1)2.POSCAR,1
C2DB-2-1_M2-X1-T2_Nb2-B1-(F1S1)2.POSCAR,0
C2DB-2-1_M2-X1-T2_Ti2-B1-(F1S1)2.POSCAR,0
C2DB-2-1_M2-X1-T2_V2-B1-(F1S1)2.POSCAR,0
C2DB-2-1_M2-X1-T2_Fe2-B1-(H1O1)2.POSCAR,1
C2DB-2-1_M2-X1-T2_Fe2-B1-(H1S1)2.POSCAR,0
C2DB-2-1_M2-X1-T2_Mn2-B1-(H1O1)2.POSCAR,1
C2DB-2-1_M2-X1-T2_Mn2-B1-(H1S1)2.POSCAR,1
C2DB-2-1_M2-X1-T2_Nb2-B1-(H1O1)2.POSCAR,0
C2DB-2-1_M2-X1-T2_Nb2-B1-(H1S1)2.POSCAR,0
C2DB-2-1_M2-X1-T2_Ta2-B1-(H1O1)2.POSCAR,0
C2DB-2-1_M2-X1-T2_Ti2-B1-(H1O1)2.POSCAR,0
C2DB-2-1_M2-X1-T2_V2-B1-(H1O1)2.POSCAR,0
C2DB-2-1_M2-X1-T2_Ta2-B1-(H1S1)2.POSCAR,0
C2DB-2-1_M2-X1-T2_Ti2-B1-(H1S1)2.POSCAR,0
C2DB-2-1_M2-X1-T2_V2-B1-(H1S1)2.POSCAR,0
C2DB-2-1_M2-X1-T2_Cr2-C1-(F1O1)2.POSCAR,1
C2DB-2-1_M2-X1-T2_Cr2-C1-(F1S1)2.POSCAR,1
C2DB-2-1_M2-X1-T2_Cr2-C1-(H1O1)2.POSCAR,1
C2DB-2-1_M2-X1-T2_Fe2-C1-(F1O1)2.POSCAR,1
C2DB-2-1_M2-X1-T2_Fe2-C1-(F1S1)2.POSCAR,0
C2DB-2-1_M2-X1-T2_Mn2-C1-(F1S1)2.POSCAR,0
C2DB-2-1_M2-X1-T2_Sc2-C1-(F1O1)2.POSCAR,0
C2DB-2-1_M2-X1-T2_V2-C1-(F1O1)2.POSCAR,0
C2DB-2-1_M2-X1-T2_Sc2-C1-(F1S1)2.POSCAR,0
C2DB-2-1_M2-X1-T2_Ta2-C1-(F1S1)2.POSCAR,0
C2DB-2-1_M2-X1-T2_Ti2-C1-(F1S1)2.POSCAR,0
C2DB-2-1_M2-X1-T2_Hf2-C1-(H1O1)2.POSCAR,0
C2DB-2-1_M2-X1-T2_Mn2-C1-(H1O1)2.POSCAR,1
C2DB-2-1_M2-X1-T2_Mo2-C1-(H1O1)2.POSCAR,0
C2DB-2-1_M2-X1-T2_Nb2-C1-(H1O1)2.POSCAR,0
C2DB-2-1_M2-X1-T2_Sc2-C1-(H1O1)2.POSCAR,0
C2DB-2-1_M2-X1-T2_Ta2-C1-(H1O1)2.POSCAR,0
C2DB-2-1_M2-X1-T2_Ti2-C1-(H1O1)2.POSCAR,0
C2DB-2-1_M2-X1-T2_V2-C1-(H1O1)2.POSCAR,0
C2DB-2-1_M2-X1-T2_W2-C1-(H1O1)2.POSCAR,0
C2DB-2-1_M2-X1-T2_Y2-C1-(H1O1)2.POSCAR,0
C2DB-2-1_M2-X1-T2_Zr2-C1-(H1O1)2.POSCAR,0
C2DB-2-1_M2-X1-T2_Sc2-C1-(H1S1)2.POSCAR,0
C2DB-2-1_M2-X1-T2_Ta2-C1-(H1S1)2.POSCAR,0
C2DB-2-1_M2-X1-T2_Ti2-C1-(H1S1)2.POSCAR,0
C2DB-2-1_M2-X1-T2_V2-C1-(H1S1)2.POSCAR,0
C2DB-2-1_M2-X1-T2_Cr2-N1-(H1O1)2.POSCAR,1
C2DB-2-1_M2-X1-T2_Cr2-N1-(H1S1)2.POSCAR,1
C2DB-2-1_M2-X1-T2_Fe2-N1-(F1O1)2.POSCAR,1
C2DB-2-1_M2-X1-T2_Nb2-N1-(F1S1)2.POSCAR,0
C2DB-2-1_M2-X1-T2_Sc2-N1-(F1S1)2.POSCAR,0
C2DB-2-1_M2-X1-T2_Ta2-N1-(F1S1)2.POSCAR,0
C2DB-2-1_M2-X1-T2_Ti2-N1-(F1S1)2.POSCAR,0
C2DB-2-1_M2-X1-T2_V2-N1-(F1S1)2.POSCAR,0
C2DB-2-1_M2-X1-T2_Fe2-N1-(H1S1)2.POSCAR,1
C2DB-2-1_M2-X1-T2_Hf2-N1-(H1O1)2.POSCAR,0
C2DB-2-1_M2-X1-T2_Mn2-N1-(H1O1)2.POSCAR,1
C2DB-2-1_M2-X1-T2_Mn2-N1-(H1S1)2.POSCAR,1
C2DB-2-1_M2-X1-T2_Mo2-N1-(H1O1)2.POSCAR,0
C2DB-2-1_M2-X1-T2_Nb2-N1-(H1O1)2.POSCAR,0
C2DB-2-1_M2-X1-T2_Nb2-N1-(H1S1)2.POSCAR,0
C2DB-2-1_M2-X1-T2_Sc2-N1-(H1O1)2.POSCAR,0
C2DB-2-1_M2-X1-T2_Ta2-N1-(H1O1)2.POSCAR,0
C2DB-2-1_M2-X1-T2_Ti2-N1-(H1O1)2.POSCAR,0
C2DB-2-1_M2-X1-T2_V2-N1-(H1O1)2.POSCAR,0
C2DB-2-1_M2-X1-T2_W2-N1-(H1O1)2.POSCAR,0
C2DB-2-1_M2-X1-T2_Y2-N1-(H1O1)2.POSCAR,0
C2DB-2-1_M2-X1-T2_Sc2-N1-(H1S1)2.POSCAR,0
C2DB-2-1_M2-X1-T2_Ta2-N1-(H1S1)2.POSCAR,0
C2DB-2-1_M2-X1-T2_Ti2-N1-(H1S1)2.POSCAR,0
C2DB-2-1_M2-X1-T2_V2-N1-(H1S1)2.POSCAR,0
C2DB-3-2_M2M1-X2-T2_Ca2Sr1-S2-Br2.POSCAR,0
C2DB-3-2_M2M1-X2-T2_Zr2V1-N2-I2.POSCAR,0
C2DB-2-1_M1.75M0.25-X1-T1T0.5T0.5_Mn1.75Ga0.25-S1-Br1Cl0.5I0.5.POSCAR,1
C2DB-2-1_M1M0.66-X1-T1.66T0.33_V1Cu0.66-Se1-Br1.66Cl0.33.POSCAR,1
C2DB-2-1_M2-X0.5X0.5-T1.5T0.5_Mn2-S0.5Se0.5-Br1.5S0.5.POSCAR,1
C2DB-3-2_M2M1-X2-T2_Co2Ag1-O2-O2.POSCAR,1
C2DB-3-2_M2M1-X2-T2_Co2Ag1-S2-S2.POSCAR,0
C2DB-3-2_M2M1-X2-T2_Fe2Ag1-S2-S2.POSCAR,1
C2DB-3-2_M2M1-X2-T2_Ni2Ag1-O2-O2.POSCAR,0
C2DB-3-2_M2M1-X2-T2_Pd2Ag1-O2-O2.POSCAR,0
C2DB-3-2_M2M1-X2-T2_Pd2Ag1-S2-S2.POSCAR,0
C2DB-3-2_M2M1-X2-T2_Co2Au1-O2-O2.POSCAR,1
C2DB-3-2_M2M1-X2-T2_Co2Au1-S2-S2.POSCAR,0
C2DB-3-2_M2M1-X2-T2_Fe2Au1-O2-O2.POSCAR,1
C2DB-3-2_M2M1-X2-T2_Fe2Au1-S2-S2.POSCAR,1
C2DB-3-2_M2M1-X2-T2_Ni2Au1-O2-O2.POSCAR,0
C2DB-3-2_M2M1-X2-T2_Ni2Au1-S2-S2.POSCAR,0
C2DB-3-2_M2M1-X2-T2_Pd2Au1-O2-O2.POSCAR,0
C2DB-3-2_M2M1-X2-T2_Pd2Au1-S2-S2.POSCAR,0
C2DB-3-2_M2M1-X2-T2_Al2Cd1-O2-O2.POSCAR,0
C2DB-3-2_M2M1-X2-T2_Al2Cd1-S2-S2.POSCAR,0
C2DB-3-2_M2M1-X2-T2_Al2Cd1-Se2-Se2.POSCAR,0
C2DB-3-2_M2M1-X2-T2_Al2Cd1-Te2-Te2.POSCAR,0
C2DB-3-2_M2M1-X2-T2_Ga2Cd1-O2-O2.POSCAR,0
C2DB-3-2_M2M1-X2-T2_Ga2Cd1-S2-S2.POSCAR,0
C2DB-3-2_M2M1-X2-T2_Ga2Cd1-Se2-Se2.POSCAR,0
C2DB-3-2_M2M1-X2-T2_Ga2Cd1-Te2-Te2.POSCAR,0
C2DB-3-2_M2M1-X2-T2_In2Cd1-O2-O2.POSCAR,0
C2DB-3-2_M2M1-X2-T2_In2Cd1-S2-S2.POSCAR,0
C2DB-3-2_M2M1-X2-T2_In2Cd1-Se2-Se2.POSCAR,0
C2DB-3-2_M2M1-X2-T2_In2Cd1-Te2-Te2.POSCAR,0
C2DB-3-2_M2M1-X2-T2_Al2Co1-S2-S2-1.POSCAR,1
C2DB-3-2_M2M1-X2-T2_Al2Co1-Se2-Se2-1.POSCAR,1
C2DB-3-2_M2M1-X2-T2_Al2Co1-Se2-Se2-2.POSCAR,1
C2DB-3-2_M2M1-X2-T2_Al2Co1-Te2-Te2-1.POSCAR,1
C2DB-3-2_M2M1-X2-T2_Al2Co1-Te2-Te2-2.POSCAR,1
C2DB-3-2_M2M1-X2-T2_Cr2Co1-S2-S2.POSCAR,1
C2DB-3-2_M2M1-X2-T2_Cr2Co1-Se2-Se2.POSCAR,1
C2DB-3-2_M2M1-X2-T2_Cr2Co1-Te2-Te2.POSCAR,1
C2DB-3-2_M2M1-X2-T2_Ga2Co1-O2-O2.POSCAR,1
C2DB-3-2_M2M1-X2-T2_Ga2Co1-S2-S2-1.POSCAR,1
C2DB-3-2_M2M1-X2-T2_Ga2Co1-S2-S2-2.POSCAR,1
C2DB-3-2_M2M1-X2-T2_Ga2Co1-Se2-Se2-1.POSCAR,1
C2DB-3-2_M2M1-X2-T2_Ga2Co1-Se2-Se2-2.POSCAR,1
C2DB-3-2_M2M1-X2-T2_Ga2Co1-Te2-Te2-1.POSCAR,0
C2DB-3-2_M2M1-X2-T2_Ga2Co1-Te2-Te2-2.POSCAR,0
C2DB-3-2_M2M1-X2-T2_In2Co1-O2-O2.POSCAR,1
C2DB-3-2_M2M1-X2-T2_In2Co1-S2-S2-1.POSCAR,1
C2DB-3-2_M2M1-X2-T2_In2Co1-S2-S2-2.POSCAR,1
C2DB-3-2_M2M1-X2-T2_In2Co1-Se2-Se2-1.POSCAR,1
C2DB-3-2_M2M1-X2-T2_In2Co1-Se2-Se2-2.POSCAR,1
C2DB-3-2_M2M1-X2-T2_In2Co1-Te2-Te2-1.POSCAR,0
C2DB-3-2_M2M1-X2-T2_In2Co1-Te2-Te2-2.POSCAR,0
C2DB-3-2_M2M1-X2-T2_V2Co1-S2-S2.POSCAR,0
C2DB-3-2_M2M1-X2-T2_V2Co1-Te2-Te2.POSCAR,1
C2DB-3-2_M2M1-X2-T2_Al2Cr1-O2-O2.POSCAR,1
C2DB-3-2_M2M1-X2-T2_Al2Cr1-S2-S2.POSCAR,1
C2DB-3-2_M2M1-X2-T2_Al2Cr1-Se2-Se2.POSCAR,1
C2DB-3-2_M2M1-X2-T2_Al2Cr1-Te2-Te2.POSCAR,1
C2DB-3-2_M2M1-X2-T2_Ga2Cr1-O2-O2.POSCAR,1
C2DB-3-2_M2M1-X2-T2_Ga2Cr1-S2-S2.POSCAR,1
C2DB-3-2_M2M1-X2-T2_Ga2Cr1-Se2-Se2.POSCAR,1
C2DB-3-2_M2M1-X2-T2_Ga2Cr1-Te2-Te2.POSCAR,1
C2DB-3-2_M2M1-X2-T2_In2Cr1-S2-S2.POSCAR,1
C2DB-3-2_M2M1-X2-T2_In2Cr1-Se2-Se2.POSCAR,1
C2DB-3-2_M2M1-X2-T2_In2Cr1-Te2-Te2.POSCAR,1
C2DB-3-2_M2M1-X2-T2_Co2Cu1-O2-O2.POSCAR,1
C2DB-3-2_M2M1-X2-T2_Co2Cu1-S2-S2.POSCAR,0
C2DB-3-2_M2M1-X2-T2_Fe2Cu1-O2-O2.POSCAR,1
C2DB-3-2_M2M1-X2-T2_Fe2Cu1-S2-S2.POSCAR,1
C2DB-3-2_M2M1-X2-T2_Ni2Cu1-O2-O2.POSCAR,0
C2DB-3-2_M2M1-X2-T2_Ni2Cu1-S2-S2.POSCAR,0
C2DB-3-2_M2M1-X2-T2_Pd2Cu1-O2-O2.POSCAR,0
C2DB-3-2_M2M1-X2-T2_Pd2Cu1-S2-S2.POSCAR,0
C2DB-3-2_M2M1-X2-T2_Al2Fe1-O2-O2.POSCAR,1
C2DB-3-2_M2M1-X2-T2_Al2Fe1-S2-S2-1.POSCAR,0
C2DB-3-2_M2M1-X2-T2_Al2Fe1-S2-S2-2.POSCAR,0
C2DB-3-2_M2M1-X2-T2_Al2Fe1-Se2-Se2-1.POSCAR,0
C2DB-3-2_M2M1-X2-T2_Al2Fe1-Se2-Se2-2.POSCAR,0
C2DB-3-2_M2M1-X2-T2_Al2Fe1-Te2-Te2-1.POSCAR,0
C2DB-3-2_M2M1-X2-T2_Al2Fe1-Te2-Te2-2.POSCAR,0
C2DB-3-2_M2M1-X2-T2_Bi2Fe1-Se2-Se2.POSCAR,0
C2DB-3-2_M2M1-X2-T2_Bi2Fe1-Te2-Te2.POSCAR,1
C2DB-3-2_M2M1-X2-T2_Cr2Fe1-Te2-Te2.POSCAR,1
C2DB-3-2_M2M1-X2-T2_Ga2Fe1-O2-O2.POSCAR,0
C2DB-3-2_M2M1-X2-T2_Ga2Fe1-S2-S2-1.POSCAR,0
C2DB-3-2_M2M1-X2-T2_Ga2Fe1-S2-S2-2.POSCAR,0
C2DB-3-2_M2M1-X2-T2_Ga2Fe1-Se2-Se2-1.POSCAR,0
C2DB-3-2_M2M1-X2-T2_Ga2Fe1-Se2-Se2-2.POSCAR,0
C2DB-3-2_M2M1-X2-T2_Ga2Fe1-Te2-Te2-1.POSCAR,0
C2DB-3-2_M2M1-X2-T2_Ga2Fe1-Te2-Te2-2.POSCAR,0
C2DB-3-2_M2M1-X2-T2_In2Fe1-O2-O2-1.POSCAR,1
C2DB-3-2_M2M1-X2-T2_In2Fe1-O2-O2-2.POSCAR,1
C2DB-3-2_M2M1-X2-T2_In2Fe1-S2-S2.POSCAR,0
C2DB-3-2_M2M1-X2-T2_In2Fe1-Se2-Se2.POSCAR,0
C2DB-3-2_M2M1-X2-T2_In2Fe1-Te2-Te2-1.POSCAR,0
C2DB-3-2_M2M1-X2-T2_In2Fe1-Te2-Te2-2.POSCAR,0
C2DB-3-2_M2M1-X2-T2_Sb2Fe1-S2-S2.POSCAR,1
C2DB-3-2_M2M1-X2-T2_Sb2Fe1-Te2-Te2.POSCAR,1
C2DB-3-2_M2M1-X2-T2_Tl2Fe1-Se2-Se2.POSCAR,0
C2DB-3-2_M2M1-X2-T2_Tl2Fe1-Te2-Te2.POSCAR,0
C2DB-3-2_M2M1-X2-T2_V2Fe1-Te2-Te2.POSCAR,1
C2DB-3-2_M2M1-X2-T2_Al2Mg1-O2-O2.POSCAR,0
C2DB-3-2_M2M1-X2-T2_Al2Mg1-S2-S2.POSCAR,0
C2DB-3-2_M2M1-X2-T2_Al2Mg1-Se2-Se2.POSCAR,0
C2DB-3-2_M2M1-X2-T2_Al2Mg1-Te2-Te2.POSCAR,0
C2DB-3-2_M2M1-X2-T2_Ga2Mg1-O2-O2.POSCAR,0
C2DB-3-2_M2M1-X2-T2_Ga2Mg1-S2-S2.POSCAR,0
C2DB-3-2_M2M1-X2-T2_Ga2Mg1-Se2-Se2.POSCAR,0
C2DB-3-2_M2M1-X2-T2_Ga2Mg1-Te2-Te2.POSCAR,0
C2DB-3-2_M2M1-X2-T2_In2Mg1-O2-O2.POSCAR,0
C2DB-3-2_M2M1-X2-T2_In2Mg1-S2-S2.POSCAR,0
C2DB-3-2_M2M1-X2-T2_In2Mg1-Se2-Se2.POSCAR,0
C2DB-3-2_M2M1-X2-T2_In2Mg1-Te2-Te2.POSCAR,0
C2DB-3-2_M2M1-X2-T2_Al2Mn1-O2-O2-1.POSCAR,1
C2DB-3-2_M2M1-X2-T2_Al2Mn1-O2-O2-2.POSCAR,1
C2DB-3-2_M2M1-X2-T2_Al2Mn1-S2-S2-1.POSCAR,1
C2DB-3-2_M2M1-X2-T2_Al2Mn1-S2-S2-2.POSCAR,1
C2DB-3-2_M2M1-X2-T2_Al2Mn1-Se2-Se2.POSCAR,0
C2DB-3-2_M2M1-X2-T2_Al2Mn1-Te2-Te2-1.POSCAR,1
C2DB-3-2_M2M1-X2-T2_Al2Mn1-Te2-Te2-2.POSCAR,0
C2DB-3-2_M2M1-X2-T2_Bi2Mn1-S2-S2.POSCAR,1
C2DB-3-2_M2M1-X2-T2_Bi2Mn1-Se2-Se2.POSCAR,1
C2DB-3-2_M2M1-X2-T2_Bi2Mn1-Te2-Te2.POSCAR,1
C2DB-3-2_M2M1-X2-T2_Ga2Mn1-O2-O2.POSCAR,1
C2DB-3-2_M2M1-X2-T2_Ga2Mn1-S2-S2-1.POSCAR,1
C2DB-3-2_M2M1-X2-T2_Ga2Mn1-S2-S2-2.POSCAR,1
C2DB-3-2_M2M1-X2-T2_Ga2Mn1-Se2-Se2-1.POSCAR,1
C2DB-3-2_M2M1-X2-T2_Ga2Mn1-Te2-Te2-1.POSCAR,1
C2DB-3-2_M2M1-X2-T2_Ga2Mn1-Te2-Te2-2.POSCAR,0
C2DB-3-2_M2M1-X2-T2_In2Mn1-O2-O2-1.POSCAR,1
C2DB-3-2_M2M1-X2-T2_In2Mn1-O2-O2-2.POSCAR,1
C2DB-3-2_M2M1-X2-T2_In2Mn1-S2-S2-1.POSCAR,1
C2DB-3-2_M2M1-X2-T2_In2Mn1-S2-S2-2.POSCAR,0
C2DB-3-2_M2M1-X2-T2_In2Mn1-Se2-Se2-1.POSCAR,1
C2DB-3-2_M2M1-X2-T2_In2Mn1-Se2-Se2-2.POSCAR,1
C2DB-3-2_M2M1-X2-T2_In2Mn1-Te2-Te2-1.POSCAR,1
C2DB-3-2_M2M1-X2-T2_In2Mn1-Te2-Te2-2.POSCAR,0
C2DB-3-2_M2M1-X2-T2_Sb2Mn-S2-S2.POSCAR,1
C2DB-3-2_M2M1-X2-T2_Sb2Mn-Se2-Se2.POSCAR,0
C2DB-3-2_M2M1-X2-T2_Sb2Mn-Te2-Te2.POSCAR,0
C2DB-3-2_M2M1-X2-T2_Tl2Mn-Se2-Se2.POSCAR,0
C2DB-3-2_M2M1-X2-T2_Tl2Mn-Te2-Te2.POSCAR,0
C2DB-3-2_M2M1-X2-T2_Al2Ni-O2-O2-1.POSCAR,1
C2DB-3-2_M2M1-X2-T2_Al2Ni-O2-O2-2.POSCAR,1
C2DB-3-2_M2M1-X2-T2_Al2Ni-S2-S2-1.POSCAR,1
C2DB-3-2_M2M1-X2-T2_Al2Ni-S2-S2-2.POSCAR,1
C2DB-3-2_M2M1-X2-T2_Al2Ni-Se2-Se2-2.POSCAR,0
C2DB-3-2_M2M1-X2-T2_Al2Ni-Te2-Te2-1.POSCAR,0
C2DB-3-2_M2M1-X2-T2_Al2Ni-Te2-Te2-2.POSCAR,0
C2DB-3-2_M2M1-X2-T2_Cr2Ni-S2-S2.POSCAR,1
C2DB-3-2_M2M1-X2-T2_Cr2Ni-Se2-Se2.POSCAR,1
C2DB-3-2_M2M1-X2-T2_Cr2Ni-Te2-Te2.POSCAR,1
C2DB-3-2_M2M1-X2-T2_Ga2Ni-O2-O2-1.POSCAR,1
C2DB-3-2_M2M1-X2-T2_Ga2Ni-O2-O2-2.POSCAR,1
C2DB-3-2_M2M1-X2-T2_Ga2Ni-S2-S2-1.POSCAR,1
C2DB-3-2_M2M1-X2-T2_Ga2Ni-S2-S2-2.POSCAR,0
C2DB-3-2_M2M1-X2-T2_Ga2Ni-Se2-Se2-1.POSCAR,0
C2DB-3-2_M2M1-X2-T2_Ga2Ni-Se2-Se2-2.POSCAR,0
C2DB-3-2_M2M1-X2-T2_Ga2Ni-Te2-Te2-1.POSCAR,0
C2DB-3-2_M2M1-X2-T2_Ga2Ni-Te2-Te2-2.POSCAR,0
C2DB-3-2_M2M1-X2-T2_In2Ni-O2-O2-1.POSCAR,1
C2DB-3-2_M2M1-X2-T2_In2Ni-O2-O2-2.POSCAR,1
C2DB-3-2_M2M1-X2-T2_In2Ni-S2-S2-1.POSCAR,0
C2DB-3-2_M2M1-X2-T2_In2Ni-S2-S2-2.POSCAR,0
C2DB-3-2_M2M1-X2-T2_In2Ni-Se2-Se2.POSCAR,0
C2DB-3-2_M2M1-X2-T2_In2Ni-Te2-Te2-1.POSCAR,0
C2DB-3-2_M2M1-X2-T2_In2Ni-Te2-Te2-2.POSCAR,0
C2DB-3-2_M2M1-X2-T2_V2Ni1-S2-S2.POSCAR,1
C2DB-3-2_M2M1-X2-T2_V2Ni1-Se2-Se2.POSCAR,1
C2DB-3-2_M2M1-X2-T2_V2Ni1-Te2-Te2.POSCAR,1
C2DB-3-2_M2M1-X2-T2_As2Pb1-S2-S2.POSCAR,0
C2DB-3-2_M2M1-X2-T2_As2Pb1-Se2-Se2.POSCAR,0
C2DB-3-2_M2M1-X2-T2_As2Pb1-Te2-Te2.POSCAR,0
C2DB-3-2_M2M1-X2-T2_Bi2Pb1-S2-S2.POSCAR,0
C2DB-3-2_M2M1-X2-T2_Bi2Pb1-Se2-Se2.POSCAR,0
C2DB-3-2_M2M1-X2-T2_Bi2Pb1-Te2-Te2.POSCAR,0
C2DB-3-2_M2M1-X2-T2_P2Pb1-S2-S2.POSCAR,0
C2DB-3-2_M2M1-X2-T2_P2Pb1-Se2-Se2.POSCAR,0
C2DB-3-2_M2M1-X2-T2_P2Pb1-Te2-Te2.POSCAR,0
C2DB-3-2_M2M1-X2-T2_Sb2Pb1-S2-S2.POSCAR,0
C2DB-3-2_M2M1-X2-T2_Sb2Pb1-Se2-Se2.POSCAR,0
C2DB-3-2_M2M1-X2-T2_Al2Pd1-O2-O2.POSCAR,1
C2DB-3-2_M2M1-X2-T2_Al2Pd1-S2-S2.POSCAR,0
C2DB-3-2_M2M1-X2-T2_Al2Pd1-Se2-Se2.POSCAR,0
C2DB-3-2_M2M1-X2-T2_Al2Pd1-Te2-Te2.POSCAR,0
C2DB-3-2_M2M1-X2-T2_Cr2Pd1-S2-S2.POSCAR,1
C2DB-3-2_M2M1-X2-T2_Cr2Pd1-Se2-Se2.POSCAR,1
C2DB-3-2_M2M1-X2-T2_Cr2Pd1-Te2-Te2.POSCAR,1
C2DB-3-2_M2M1-X2-T2_Ga2Pd1-O2-O2.POSCAR,0
C2DB-3-2_M2M1-X2-T2_Ga2Pd1-S2-S2.POSCAR,0
C2DB-3-2_M2M1-X2-T2_Ga2Pd1-Se2-Se2.POSCAR,0
C2DB-3-2_M2M1-X2-T2_Ga2Pd1-Te2-Te2.POSCAR,0
C2DB-3-2_M2M1-X2-T2_In2Pd1-O2-O2.POSCAR,0
C2DB-3-2_M2M1-X2-T2_In2Pd1-S2-S2.POSCAR,0
C2DB-3-2_M2M1-X2-T2_In2Pd1-Se2-Se2.POSCAR,0
C2DB-3-2_M2M1-X2-T2_In2Pd1-Te2-Te2.POSCAR,0
C2DB-3-2_M2M1-X2-T2_V2Pd1-Se2-Se2.POSCAR,1
C2DB-3-2_M2M1-X2-T2_V2Pd1-Te2-Te2.POSCAR,1
C2DB-3-2_M2M1-X2-T2_As2Sn1-S2-S2.POSCAR,0
C2DB-3-2_M2M1-X2-T2_As2Sn1-Se2-Se2.POSCAR,0
C2DB-3-2_M2M1-X2-T2_As2Sn1-Te2-Te2.POSCAR,0
C2DB-3-2_M2M1-X2-T2_Bi2Sn1-S2-S2.POSCAR,0
C2DB-3-2_M2M1-X2-T2_Bi2Sn1-Se2-Se2.POSCAR,0
C2DB-3-2_M2M1-X2-T2_Bi2Sn1-Te2-Te2.POSCAR,0
C2DB-3-2_M2M1-X2-T2_P2Sn1-S2-S2.POSCAR,0
C2DB-3-2_M2M1-X2-T2_P2Sn1-Se2-Se2.POSCAR,0
C2DB-3-2_M2M1-X2-T2_P2Sn1-Te2-Te2.POSCAR,0
C2DB-3-2_M2M1-X2-T2_Sb2Sn1-S2-S2.POSCAR,0
C2DB-3-2_M2M1-X2-T2_Sb2Sn1-Se2-Se2.POSCAR,0
C2DB-3-2_M2M1-X2-T2_Sb2Sn1-Te2-Te2.POSCAR,0
C2DB-3-2_M2M1-X2-T2_Al2V1-S2-S2.POSCAR,1
C2DB-3-2_M2M1-X2-T2_Al2V1-Se2-Se2.POSCAR,1
C2DB-3-2_M2M1-X2-T2_Ga2V1-O2-O2.POSCAR,1
C2DB-3-2_M2M1-X2-T2_Ga2V1-S2-S2.POSCAR,1
C2DB-3-2_M2M1-X2-T2_Ga2V1-Se2-Se2.POSCAR,1
C2DB-3-2_M2M1-X2-T2_Ga2V1-Te2-Te2.POSCAR,1
C2DB-3-2_M2M1-X2-T2_In2V1-O2-O2.POSCAR,1
C2DB-3-2_M2M1-X2-T2_In2V1-Se2-Se2.POSCAR,1
C2DB-3-2_M2M1-X2-T2_In2V1-Te2-Te2.POSCAR,1
C2DB-3-2_M2M1-X2-T2_Al2Zn1-S2-S2.POSCAR,0
C2DB-3-2_M2M1-X2-T2_Al2Zn1-Se2-Se2.POSCAR,0
C2DB-3-2_M2M1-X2-T2_Al2Zn1-Te2-Te2.POSCAR,0
C2DB-3-2_M2M1-X2-T2_Ga2Zn1-O2-O2.POSCAR,0
C2DB-3-2_M2M1-X2-T2_Ga2Zn1-S2-S2.POSCAR,0
C2DB-3-2_M2M1-X2-T2_Ga2Zn1-Se2-Se2.POSCAR,0
C2DB-3-2_M2M1-X2-T2_Ga2Zn1-Te2-Te2.POSCAR,0
C2DB-3-2_M2M1-X2-T2_In2Zn1-O2-O2.POSCAR,0
C2DB-3-2_M2M1-X2-T2_In2Zn1-S2-S2.POSCAR,0
C2DB-3-2_M2M1-X2-T2_In2Zn1-Se2-Se2.POSCAR,0
C2DB-3-2_M2M1-X2-T2_In2Zn1-Te2-Te2.POSCAR,0
C2DB-3-2_M2M1-X2-T2_Tl2Zn1-O2-O2.POSCAR,0
C2DB-3-2_M2M1-X2-T2_Tl2Zn1-S2-S2.POSCAR,0
C2DB-3-2_M2M1-X2-T2_Tl2Zn1-Se2-Se2.POSCAR,0
C2DB-3-2_M2M1-X2-T2_Tl2Zn1-Te2-Te2.POSCAR,0
C2DB-2-1_M1.25M0.5M0.25-X1-T2_Cu1.25Mg0.5Ga0.25-Se1-Cl2.POSCAR,0
C2DB-2-1_M2-X1-T1.66T0.33_Sc2-N1-O1.66Cl0.33.POSCAR,0
C2DB-2-1_M2-X1-T1.75T0.25_Nb2-C1-Cl1.75Br0.25.POSCAR,0
C2DB-2-1_M1M0.66-X0.66X0.33-T1.66T0.33_Mn1Ta0.66-C0.66N0.33-O1.66(H1O1)0.33.POSCAR,1
C2DB-3-2_M3-X2-T1T1_Ti3-N2-I1Te1.POSCAR,0
C2DB-3-2_M1M0.66M0.33M0.33-X1X0.66X0.33-Te0.66Se0.33_Hf1Ti0.66Bi0.33Zr0.33-P1Se0.66Te0.33-Te0.66Se0.33.POSCAR,0
C2DB-2-1_M1M0.66M0.33-X1-T1.66T0.33_Zr1Sc0.66Ga0.33-S1-Cl1.66I0.33.POSCAR,0
C2DB-2-1_M1.25M0.5M0.25-X0.5X0.5-T1.5T0.25T0.25_Ni1.25Li0.5Pd0.25-S0.5Se0.5-S1.5Se0.25Br0.25.POSCAR,0
C2DB-2-1_M1.25M0.5-X0.75X0.25-T1.75T0.25_Zr1.25Hf0.5-C0.75N0.25-O1.75(H1O1)0.25.POSCAR,0
C2DB-2-1_M1.5-X0.5X0.5-T1.5_Nb1.5-C0.5N0.5-Cl1.5.POSCAR,0
C2DB-2-1_M2-X1-T1.5T0.25T0.25_In2-S1-I1.5Br0.25Cl0.25.POSCAR,0
C2DB-2-1_M2-X0.75X0.25-T1.5T0.25T0.25_Sc2-Se0.75S0.25-I1.5Cl0.25Se0.25.POSCAR,0
C2DB-2-1_M2-X1-T1.5T0.25T0.25_Ti2-N1-Cl1.5S0.25Se0.25.POSCAR,0
C2DB-2-1_M1M1-X1-T2_Ag1Ga1-Se1-I2.POSCAR,0
C2DB-2-1_M1M1-X1-T2_Ag1Sn1-S1-I2.POSCAR,0
C2DB-2-1_M2-X1-T1T1_Zr2-O1-Cl1O1.POSCAR,0
C2DB-2-1_M2-X1-T1T1_Sn2-S1-Br1Cl1.POSCAR,0
C2DB-2-1_M2-X1-T1T1_V2-S1-Br1Cl1.POSCAR,1
C2DB-2-1_M1M1-X1-T1T1_Ge1Mn1-S1-Br1S1.POSCAR,1
C2DB-2-1_M2-X1-T1T1_Zr2-N1-Br1I1.POSCAR,0
C2DB-2-1_M2-X1-T1T1_Zr2-O1-Br1I1.POSCAR,0
C2DB-2-1_M2-X1-T1T1_Cd2-S1-Br1I1.POSCAR,0
C2DB-2-1_M2-X1-T1T1_Sc2-S1-Br1I1.POSCAR,0
C2DB-2-1_M2-X1-T1T1_Sn2-S1-Br1I1.POSCAR,0
C2DB-2-1_M2-X1-T1T1_Hf2-N1-Br1Se1.POSCAR,0
C2DB-2-1_M1M1-X1-T1T1_Pd1Sc1-S1-Br1S1.POSCAR,0
C2DB-2-1_M2-X1-T1T1_Pb2-S1-Br1Te1.POSCAR,0
C2DB-2-1_M1M1-X1-T2_Cd1Pb1-S1-I2.POSCAR,0
C2DB-2-1_M2-X1-T1T1_Ta2-N1-Cl1I1.POSCAR,0
C2DB-2-1_M2-X1-T1T1_Zr2-S1-Cl1I1.POSCAR,0
C2DB-2-1_M1M1-X1-T2_Co1Mn1-O1-Br2.POSCAR,1
C2DB-2-1_M1M1-X1-T2_Cr1Ta1-N1-I2.POSCAR,0
C2DB-2-1_M1M1-X1-T2_Ta1Ti1-C1-Cl2.POSCAR,0
C2DB-2-1_M1M1-X1-T2_Fe1Hf1-O1-Te2.POSCAR,0
C2DB-2-1_M1M1-X1-T2_Hf1Mn1-Ge1-Se2.POSCAR,1
C2DB-2-1_M1M1-X1-T2_Ge1Hf1-N1-I2.POSCAR,0
C2DB-2-1_M1M1-X1-T2_Ge1Mn1-Se1-Cl2.POSCAR,1
C2DB-2-1_M1M1-X1-T2_Ge1Sr1-S1-I2.POSCAR,0
C2DB-2-1_M1M1-X1-T2_Hf1Mn1-N1-Br2.POSCAR,1
C2DB-2-1_M1M1-X1-T2_Hf1Mn1-N1-I2.POSCAR,0
C2DB-2-1_M1M1-X1-T2_Hf1Mn1-O1-Te2.POSCAR,1
C2DB-2-1_M1M1-X1-T2_Hf1V1-N1-Se2.POSCAR,0
C2DB-2-1_M1M1-X1-T2_Hf1V1-O1-Se2.POSCAR,1
C2DB-2-1_M1M1-X1-T2_Hf1Zn1-O1-Br2.POSCAR,0
C2DB-2-1_M1M1-X1-T2_Hf1Ta1-S1-I2.POSCAR,0
C2DB-2-1_M1M1-X1-T2_Hf1Zr1-S1-I2.POSCAR,0
C2DB-2-1_M2-X1-T1T1_V2-N1-I1Te1.POSCAR,1
C2DB-2-1_M2-X1-T1T1_Hf2-S1-I1Te1.POSCAR,0
C2DB-2-1_M2-X1-T1T1_Zr2-S1-I1Te1.POSCAR,0
C2DB-2-1_M1M1-X1-T2_Mn1W1-O1-Te2.POSCAR,1
C2DB-2-1_M1M1-X1-T2_Mn1Zn1-O1-Br2.POSCAR,1
C2DB-2-1_M1M1-X1-T1T1_Mn1Sb1-Se1-Te1Se1.POSCAR,1
C2DB-2-1_M1M1-X1-T2_Mn1Sn1-S1-Br2.POSCAR,1
C2DB-2-1_M1M1-X1-T2_Nb1Sc1-O1-Cl2.POSCAR,0
C2DB-2-1_M1M1-X1-T2_Nb1V1-O1-I2.POSCAR,0
C2DB-2-1_M1M1-X1-T2_Nb1Sc1-Se1-Br2.POSCAR,1
C2DB-2-1_M1M1-X1-T2_Nb1Zr1-S1-Cl2.POSCAR,0
C2DB-2-1_M1M1-X1-T2_Nb1Zr1-S1-I2.POSCAR,0
C2DB-2-1_M1M1-X1-T2_Nb1Ta1-N1-I2.POSCAR,0
C2DB-2-1_M1M1-X1-T2_Nb1Zr1-N1-I2.POSCAR,0
C2DB-2-1_M1M1-X1-T2_Sc1Ta1-N1-Br2.POSCAR,0
C2DB-2-1_M2-X1-T1T1_Mn2-O1-S1Se1.POSCAR,1
C2DB-2-1_M1M1-X1-T2_Pb1Sn1-S1-Br2.POSCAR,0
C2DB-2-1_M1M1-X1-T2_Pd1Pt1-S1-Br2.POSCAR,0
C2DB-2-1_M1M1-X1-T2_Zn1Zr1-Se1-I2.POSCAR,0
C2DB-2-1_M1M0.33M0.33-X0.66X0.33-T1.33T0.66_Sn1As0.33Nb0.33-S0.66Se0.33-Br1.33Cl0.66.POSCAR,1
C2DB-2-1_M2-X0.75X0.25-T1T0.5T0.25T0.25_Ta2-C0.75N0.25-Cl1Se0.5Br0.25Te0.25.POSCAR,0
C2DB-2-1_M2-X0.66X0.33-T1.33T0.33T0.33_Hf2-N0.66C0.33-O1.33Cl0.33I0.33.POSCAR,0
C2DB-2-1_M1M1-X1-T1T1_Bi1Cd1-Se1-Br1I1.POSCAR,0
C2DB-2-1_M1M1-X1-T1T1_Bi1Fe1-S1-Br1I1.POSCAR,1
C2DB-2-1_M1M1-X1-T1T1_Mo1Zn1-C1-Br1Cl1.POSCAR,1
C2DB-2-1_M1M1-X1-T1T1_Mn1Ta1-O1-Br1Cl1.POSCAR,1
C2DB-2-1_M1M1-X1-T1T1_Nb1Zr1-N1-Br1Cl1.POSCAR,0
C2DB-2-1_M1M1-X1-T1T1_Ta1Ti1-N1-Br1Cl1.POSCAR,0
C2DB-2-1_M1M1-X1-T1T1_Cd1Ti1-S1-Cl1I1.POSCAR,0
C2DB-2-1_M1M1-X1-T1T1_Hf1Sc1-O1-Cl1I1.POSCAR,0
C2DB-2-1_M1M1-X1-T1T1_Mn1Pb1-S1-Cl1I1.POSCAR,1
C2DB-2-1_M1M1-X1-T1T1_Sc1Zr1-N1-Cl1I1.POSCAR,0
C2DB-2-1_M1M1-X1-T1T1_Mn1Sb1-Se1-Cl1Se1.POSCAR,1
C2DB-2-1_M1M1-X1-T1T1_Sc1Zr1-O1-Cl1Se1.POSCAR,0
C2DB-2-1_M1M1-X1-T1T1_Hf1Ti1-N1-I1S1.POSCAR,0
C2DB-2-1_M1M1-X1-T1T1_Nb1Zr1-O1-I1Te1.POSCAR,0
C2DB-2-1_M1M1-X1-T1T1_Mn1Sb1-S1-Se1Te1.POSCAR,1
C2DB-4-3_M1M1M1M1-X3-T2_Cu1In1Pb1Si1-S3-Br2.POSCAR,0
C2DB-2-1_M0.66M0.33M0.33-X1-T1T0.33T0.33_Cr0.66Sb0.33W0.33-S1-S1Br0.33I0.33.POSCAR,1
C2DB-2-1_M0.33M0.33M0.33-X1-T1.66T0.33_Hf0.33Mo0.33Zr0.33-S1-Br1.66Cl0.33.POSCAR,1
C2DB-2-1_M1M1-X1-T1T1_Mo1Zn1-S1-Br1Cl1.POSCAR,0
C2DB-3-2_M1M1M1-X1X1-T2_Ca1Mg1Mn1-N1O1-Br2.POSCAR,1
C2DB-2-1_M1M0.33M0.33M0.33-X0.66X0.33-T1.66T0.33_Rh1Cu0.33Ir0.33Mo0.33-B0.66C0.33-Se1.66I0.33.POSCAR,0
Emily-3-2_M3-X2-T2_Ti3-C2-O2.POSCAR,0
Emily-3-2_M3-X2-T2_Ti3-C2-S2.POSCAR,0
Emily-3-2_M3-X2-T2_Ti3-C2-Se2.POSCAR,0
Emily-3-2_M3-X2-T2_Ti3-C2-Te2.POSCAR,0
Emily-3-2_M3-X2-T2_Ti3-C2-F2.POSCAR,0
Emily-3-2_M3-X2-T2_Ti3-C2-Cl2.POSCAR,0
Emily-3-2_M3-X2-T2_Ti3-C2-Br2.POSCAR,0
Emily-3-2_M3-X2-T2_Ti3-C2-I2.POSCAR,0
Emily-3-2_M3-X2-T2_Ti3-C2-(H1N1)2.POSCAR,0
Emily-3-2_M3-X2-T2_Ti3-C2-(H1O1)2.POSCAR,0
Emily-3-2_M3-X2-none_V3-C2-none.POSCAR,0
Emily-3-2_M3-X2-T2_V3-C2-O2.POSCAR,0
Emily-3-2_M3-X2-T2_V3-C2-Se2.POSCAR,0
Emily-3-2_M3-X2-T2_V3-C2-Te2.POSCAR,0
Emily-3-2_M3-X2-T2_V3-C2-F2.POSCAR,0
Emily-3-2_M3-X2-T2_V3-C2-Cl2.POSCAR,1
Emily-3-2_M3-X2-T2_V3-C2-Br2.POSCAR,1
Emily-3-2_M3-X2-T2_V3-C2-I2.POSCAR,0
Emily-3-2_M3-X2-T2_V3-C2-(H1N1)2.POSCAR,0
Emily-3-2_M3-X2-T2_V3-C2-(H1O1)2.POSCAR,0
Emily-3-2_M3-X2-none_Cr3-C2-none.POSCAR,1
Emily-3-2_M3-X2-T2_Cr3-C2-O2.POSCAR,0
Emily-3-2_M3-X2-T2_Cr3-C2-S2.POSCAR,0
Emily-3-2_M3-X2-T2_Cr3-C2-Se2.POSCAR,1
Emily-3-2_M3-X2-T2_Cr3-C2-Te2.POSCAR,1
Emily-3-2_M3-X2-T2_Cr3-C2-F2.POSCAR,1
Emily-3-2_M3-X2-T2_Cr3-C2-Cl2.POSCAR,1
Emily-3-2_M3-X2-T2_Cr3-C2-Br2.POSCAR,1
Emily-3-2_M3-X2-T2_Cr3-C2-(H1N1)2.POSCAR,0
Emily-3-2_M3-X2-T2_Cr3-C2-(H1O1)2.POSCAR,1
Emily-3-2_M3-X2-none_Zr3-C2-none.POSCAR,1
Emily-3-2_M3-X2-T2_Zr3-C2-O2.POSCAR,0
Emily-3-2_M3-X2-T2_Zr3-C2-S2.POSCAR,0
Emily-3-2_M3-X2-T2_Zr3-C2-Se2.POSCAR,0
Emily-3-2_M3-X2-T2_Zr3-C2-Te2.POSCAR,0
Emily-3-2_M3-X2-T2_Zr3-C2-F2.POSCAR,0
Emily-3-2_M3-X2-T2_Zr3-C2-Cl2.POSCAR,0
Emily-3-2_M3-X2-T2_Zr3-C2-Br2.POSCAR,0
Emily-3-2_M3-X2-T2_Zr3-C2-I2.POSCAR,0
Emily-3-2_M3-X2-T2_Zr3-C2-(H1O1)2.POSCAR,0
Emily-3-2_M3-X2-none_Nb3-C2-none.POSCAR,0
Emily-3-2_M3-X2-T2_Nb3-C2-O2.POSCAR,0
Emily-3-2_M3-X2-T2_Nb3-C2-S2.POSCAR,0
Emily-3-2_M3-X2-T2_Nb3-C2-Se2.POSCAR,0
Emily-3-2_M3-X2-T2_Nb3-C2-Te2.POSCAR,0
Emily-3-2_M3-X2-T2_Nb3-C2-F2.POSCAR,0
Emily-3-2_M3-X2-T2_Nb3-C2-Cl2.POSCAR,0
Emily-3-2_M3-X2-T2_Nb3-C2-Br2.POSCAR,0
Emily-3-2_M3-X2-T2_Nb3-C2-I2.POSCAR,0
Emily-3-2_M3-X2-T2_Nb3-C2-(H1N1)2.POSCAR,0
Emily-3-2_M3-X2-none_Mo3-C2-none.POSCAR,0
Emily-3-2_M3-X2-T2_Mo3-C2-O2.POSCAR,0
Emily-3-2_M3-X2-T2_Mo3-C2-S2.POSCAR,0
Emily-3-2_M3-X2-T2_Mo3-C2-Se2.POSCAR,0
Emily-3-2_M3-X2-T2_Mo3-C2-Te2.POSCAR,0
Emily-3-2_M3-X2-T2_Mo3-C2-F2.POSCAR,0
Emily-3-2_M3-X2-T2_Mo3-C2-Cl2.POSCAR,0
Emily-3-2_M3-X2-T2_Mo3-C2-Br2.POSCAR,0
Emily-3-2_M3-X2-T2_Mo3-C2-I2.POSCAR,0
Emily-3-2_M3-X2-T2_Mo3-C2-(H1N1)2.POSCAR,0
Emily-3-2_M3-X2-T2_Mo3-C2-(H1O1)2.POSCAR,0
Emily-3-2_M3-X2-none_Hf3-C2-none.POSCAR,0
Emily-3-2_M3-X2-T2_Hf3-C2-O2.POSCAR,0
Emily-3-2_M3-X2-T2_Hf3-C2-S2.POSCAR,0
Emily-3-2_M3-X2-T2_Hf3-C2-Se2.POSCAR,0
Emily-3-2_M3-X2-T2_Hf3-C2-Te2.POSCAR,0
Emily-3-2_M3-X2-T2_Hf3-C2-F2.POSCAR,0
Emily-3-2_M3-X2-T2_Hf3-C2-Cl2.POSCAR,0
Emily-3-2_M3-X2-T2_Hf3-C2-Br2.POSCAR,0
Emily-3-2_M3-X2-T2_Hf3-C2-I2.POSCAR,0
Emily-3-2_M3-X2-T2_Hf3-C2-(H1N1)2.POSCAR,0
Emily-3-2_M3-X2-T2_Hf3-C2-(H1O1)2.POSCAR,0
Emily-3-2_M3-X2-none_Ta3-C2-none.POSCAR,0
Emily-3-2_M3-X2-T2_Ta3-C2-O2.POSCAR,0
Emily-3-2_M3-X2-T2_Ta3-C2-Se2.POSCAR,0
Emily-3-2_M3-X2-T2_Ta3-C2-Te2.POSCAR,0
Emily-3-2_M3-X2-T2_Ta3-C2-Cl2.POSCAR,0
Emily-3-2_M3-X2-T2_Ta3-C2-Br2.POSCAR,0
Emily-3-2_M3-X2-T2_Ta3-C2-I2.POSCAR,0
Emily-3-2_M3-X2-T2_Ta3-C2-(H1N1)2.POSCAR,0
Emily-3-2_M3-X2-T2_Ta3-C2-(H1O1)2.POSCAR,0
Emily-3-2_M3-X2-none_W3-C2-none.POSCAR,0
Emily-3-2_M3-X2-T2_W3-C2-O2.POSCAR,0
Emily-3-2_M3-X2-T2_W3-C2-S2.POSCAR,0
Emily-3-2_M3-X2-T2_W3-C2-Se2.POSCAR,0
Emily-3-2_M3-X2-T2_W3-C2-Te2.POSCAR,0
Emily-3-2_M3-X2-T2_W3-C2-F2.POSCAR,0
Emily-3-2_M3-X2-T2_W3-C2-Cl2.POSCAR,0
Emily-3-2_M3-X2-T2_W3-C2-Br2.POSCAR,0
Emily-3-2_M3-X2-T2_W3-C2-I2.POSCAR,0
Emily-3-2_M3-X2-T2_W3-C2-(H1N1)2.POSCAR,0
Emily-3-2_M3-X2-T2_W3-C2-(H1O1)2.POSCAR,0
