C2DB-5-4_M4.66-X4-T2_W4.66-N4-N2.POSCAR,6.953472425
C2DB-3-2_M3-X2-T2_Ti3-B2-(F1O1)2.POSCAR,7.469473728
C2DB-3-2_M3-X2-T2_Zr3-B2-(F1O1)2.POSCAR,7.100708913
C2DB-3-2_M3-X2-T2_Ti3-B2-(F1S1)2.POSCAR,6.813917748
C2DB-3-2_M3-X2-T2_V3-B2-(F1S1)2.POSCAR,6.107965869
C2DB-3-2_M3-X2-T2_Ti3-B2-(F1Se1)2-2.POSCAR,7.409114367
C2DB-3-2_M3-X2-T2_V3-B2-(F1Se1)2.POSCAR,7.060883466
C2DB-3-2_M3-X2-T2_Zr3-B2-(F1Se1)2.POSCAR,7.50671216
C2DB-3-2_M3-X2-T2_Ti3-B2-(H1O1)2.POSCAR,1.443520581
C2DB-3-2_M3-X2-T2_V3-B2-(H1O1)2.POSCAR,1.881200815
C2DB-3-2_M3-X2-T2_Ti3-B2-(H1S1)2.POSCAR,2.726293013
C2DB-3-2_M3-X2-T2_V3-B2-(H1S1)2.POSCAR,2.144385648
C2DB-3-2_M3-X2-T2_Zr3-B2-(H1S1)2.POSCAR,2.708610987
C2DB-3-2_M3-X2-T2_Ti3-B2-(H1Se1)2.POSCAR,3.001064291
C2DB-3-2_M3-X2-T2_V3-B2-(H1Se1)2.POSCAR,2.333731624
C2DB-3-2_M3-X2-T2_Zr3-B2-(H1Se1)2.POSCAR,3.096349062
C2DB-3-2_M3-X2-T2_Zr3-C2-(F1S1)2.POSCAR,6.347358853
C2DB-3-2_M3-X2-T2_V3-C2-(F1Se1)2.POSCAR,7.852517689
C2DB-3-2_M3-X2-T2_Zr3-C2-(F1Se1)2.POSCAR,7.129574361
C2DB-3-2_M3-X2-T2_Hf3-C2-(H1O1)2.POSCAR,2.271
C2DB-3-2_M3-X2-T2_Mo3-C2-(H1O1)2.POSCAR,1.997
C2DB-3-2_M3-X2-T2_Sc3-C2-(H1O1)2.POSCAR,1.588
C2DB-3-2_M3-X2-T2_Ta3-C2-(H1O1)2.POSCAR,2.394
C2DB-3-2_M3-X2-T2_Ti3-C2-(H1O1)2.POSCAR,1.985655521
C2DB-3-2_M3-X2-T2_V3-C2-(H1O1)2.POSCAR,1.71
C2DB-3-2_M3-X2-T2_W3-C2-(H1O1)2.POSCAR,2.21
C2DB-3-2_M3-X2-T2_Y3-C2-(H1O1)2.POSCAR,1.843
C2DB-3-2_M3-X2-T2_Zr3-C2-(H1O1)2.POSCAR,2.117
C2DB-3-2_M3-X2-T2_Ti3-C2-(H1S1)2-1.POSCAR,1.76758639
C2DB-3-2_M3-X2-T2_V3-C2-(H1S1)2.POSCAR,2.549772013
C2DB-3-2_M3-X2-T2_Zr3-C2-(H1S1)2.POSCAR,1.796344362
C2DB-3-2_M3-X2-T2_V3-C2-(H1Se1)2.POSCAR,3.842378421
C2DB-3-2_M3-X2-T2_Zr3-C2-(H1Se1)2.POSCAR,2.117267955
C2DB-3-2_M3-X2-T2_Hf3-N2-(H1O1)2.POSCAR,2.769
C2DB-3-2_M3-X2-T2_Mn3-N2-(H1O1)2.POSCAR,1.734
C2DB-3-2_M3-X2-T2_Mo3-N2-(H1O1)2.POSCAR,2.463
C2DB-3-2_M3-X2-T2_Nb3-N2-(H1O1)2.POSCAR,2.116
C2DB-3-2_M3-X2-T2_Sc3-N2-(H1O1)2.POSCAR,1.793
C2DB-3-2_M3-X2-T2_Ta3-N2-(H1O1)2.POSCAR,2.403
C2DB-3-2_M3-X2-T2_W3-N2-(H1O1)2.POSCAR,2.871
C2DB-3-2_M3-X2-T2_Y3-N2-(H1O1)2.POSCAR,1.79
C2DB-3-2_M3-X2-T2_Zr3-N2-(H1O1)2.POSCAR,2.429
C2DB-3-2_M3-X2-T2_Ti3-N2-(H1S1)2-2.POSCAR,2.576489539
C2DB-3-2_M3-X2-T2_V3-N2-(H1S1)2.POSCAR,4.102114373
C2DB-3-2_M3-X2-T2_Zr3-N2-(H1S1)2.POSCAR,2.769821863
C2DB-3-2_M3-X2-T2_Ti3-N2-(H1Se1)2-1.POSCAR,3.858661176
C2DB-3-2_M3-X2-T2_Zr3-N2-(H1Se1)2.POSCAR,3.084754872
C2DB-3-2_M3-X2-T2_Ta3-B2-Cl2.POSCAR,3.730535634
C2DB-3-2_M3-X2-T2_Zr3-B2-Cl2.POSCAR,5.032078286
C2DB-3-2_M3-X2-T2_Ta3-B2-S2.POSCAR,5.902793155
C2DB-3-2_M3-X2-T2_Hf3-C2-Cl2.POSCAR,3.467380927
C2DB-3-2_M3-X2-T2_Ti3-C2-Cl2.POSCAR,4.294080503
C2DB-3-2_M3-X2-T2_Y3-C2-Cl2.POSCAR,5.351255176
C2DB-3-2_M3-X2-T2_Zr3-C2-Cl2.POSCAR,3.81898363
C2DB-3-2_M3-X2-T2_Cr3-C2-F2.POSCAR,6.228
C2DB-3-2_M3-X2-T2_Hf3-C2-F2.POSCAR,2.944
C2DB-3-2_M3-X2-T2_Mn3-C2-F2.POSCAR,6.244
C2DB-3-2_M3-X2-T2_Mo3-C2-F2.POSCAR,6.023
C2DB-3-2_M3-X2-T2_Sc3-C2-F2.POSCAR,5.213
C2DB-3-2_M3-X2-T2_Ta3-C2-F2.POSCAR,4.425
C2DB-3-2_M3-X2-T2_Ti3-C2-F2.POSCAR,4.537
C2DB-3-2_M3-X2-T2_V3-C2-F2.POSCAR,5.748
C2DB-3-2_M3-X2-T2_W3-C2-F2.POSCAR,5.791
C2DB-3-2_M3-X2-T2_Y3-C2-F2.POSCAR,4.468
C2DB-3-2_M3-X2-T2_Zr3-C2-F2.POSCAR,3.215
C2DB-3-2_M3-X2-T2_Hf3-C2-H2.POSCAR,3.430746459
C2DB-3-2_M3-X2-T2_Ti3-C2-H2.POSCAR,4.135969312
C2DB-3-2_M3-X2-T2_Zr3-C2-H2.POSCAR,3.633441168
C2DB-3-2_M3-X2-T2_Cr3-C2-O2.POSCAR,6.633
C2DB-3-2_M3-X2-T2_Hf3-C2-O2.POSCAR,5.601
C2DB-3-2_M3-X2-T2_Mn3-C2-O2.POSCAR,6.714
C2DB-3-2_M3-X2-T2_Nb3-C2-O2.POSCAR,5.194
C2DB-3-2_M3-X2-T2_Sc3-C2-O2.POSCAR,3.947
C2DB-3-2_M3-X2-T2_Ta3-C2-O2.POSCAR,5.011
C2DB-3-2_M3-X2-T2_Ti3-C2-O2.POSCAR,6.142
C2DB-3-2_M3-X2-T2_V3-C2-O2.POSCAR,6.383
C2DB-3-2_M3-X2-T2_W3-C2-O2.POSCAR,6.093
C2DB-3-2_M3-X2-T2_Y3-C2-O2.POSCAR,2.725
C2DB-3-2_M3-X2-T2_Zr3-C2-O2.POSCAR,5.433
C2DB-3-2_M3-X2-T2_Hf3-C2-S2.POSCAR,6.402560906
C2DB-3-2_M3-X2-T2_Nb3-C2-S2.POSCAR,5.067162151
C2DB-3-2_M3-X2-T2_V3-C2-S2.POSCAR,5.178478643
C2DB-3-2_M3-X2-T2_Hf3-N2-Cl2.POSCAR,3.578570596
C2DB-3-2_M3-X2-T2_Sc3-N2-Cl2.POSCAR,4.775939433
C2DB-3-2_M3-X2-T2_Ti3-N2-Cl2.POSCAR,4.167844864
C2DB-3-2_M3-X2-T2_Y3-N2-Cl2.POSCAR,4.649212078
C2DB-3-2_M3-X2-T2_Hf3-N2-F2.POSCAR,3.582
C2DB-3-2_M3-X2-T2_Mn3-N2-F2.POSCAR,6.21
C2DB-3-2_M3-X2-T2_Mo3-N2-F2.POSCAR,5.539
C2DB-3-2_M3-X2-T2_Nb3-N2-F2.POSCAR,5.237
C2DB-3-2_M3-X2-T2_Sc3-N2-F2.POSCAR,4.029
C2DB-3-2_M3-X2-T2_Ta3-N2-F2.POSCAR,5.008
C2DB-3-2_M3-X2-T2_Ti3-N2-F2.POSCAR,4.47
C2DB-3-2_M3-X2-T2_V3-N2-F2.POSCAR,5.417
C2DB-3-2_M3-X2-T2_W3-N2-F2.POSCAR,5.006
C2DB-3-2_M3-X2-T2_Y3-N2-F2.POSCAR,3.259
C2DB-3-2_M3-X2-T2_Zr3-N2-F2.POSCAR,3.855
C2DB-3-2_M3-X2-T2_Hf3-N2-H2.POSCAR,3.922257512
C2DB-3-2_M3-X2-T2_Ti3-N2-H2.POSCAR,4.45703419
C2DB-3-2_M3-X2-T2_Cr3-N2-O2.POSCAR,6.817
C2DB-3-2_M3-X2-T2_Hf3-N2-O2.POSCAR,4.357
C2DB-3-2_M3-X2-T2_Mo3-N2-O2.POSCAR,7.079
C2DB-3-2_M3-X2-T2_Nb3-N2-O2.POSCAR,5.433
C2DB-3-2_M3-X2-T2_Sc3-N2-O2.POSCAR,6.399
C2DB-3-2_M3-X2-T2_Ta3-N2-O2.POSCAR,5.238
C2DB-3-2_M3-X2-T2_Ti3-N2-O2.POSCAR,5.539
C2DB-3-2_M3-X2-T2_V3-N2-O2.POSCAR,5.987
C2DB-3-2_M3-X2-T2_W3-N2-O2.POSCAR,7.117
C2DB-3-2_M3-X2-T2_Y3-N2-O2.POSCAR,5.675
C2DB-3-2_M3-X2-T2_Zr3-N2-O2.POSCAR,4.427
C2DB-3-2_M3-X2-T2_Hf3-N2-S2.POSCAR,5.434956945
C2DB-3-2_M3-X2-T2_Ti3-N2-S2.POSCAR,5.552104664
C2DB-3-2_M3-X2-T2_Zr3-N2-S2.POSCAR,5.63949516
C2DB-4-3_M4-X3-T2_Cr4-C3-(H1O1)2.POSCAR,1.564
C2DB-4-3_M4-X3-T2_Hf4-C3-(H1O1)2.POSCAR,2.341
C2DB-4-3_M4-X3-T2_Mn4-C3-(H1O1)2.POSCAR,1.679
C2DB-4-3_M4-X3-T2_Mo4-C3-(H1O1)2.POSCAR,1.676
C2DB-4-3_M4-X3-T2_Nb4-C3-(H1O1)2.POSCAR,1.964
C2DB-4-3_M4-X3-T2_Sc4-C3-(H1O1)2.POSCAR,1.686
C2DB-4-3_M4-X3-T2_Ta4-C3-(H1O1)2.POSCAR,2.396
C2DB-4-3_M4-X3-T2_Ti4-C3-(H1O1)2.POSCAR,1.912
C2DB-4-3_M4-X3-T2_V4-C3-(H1O1)2.POSCAR,1.808
C2DB-4-3_M4-X3-T2_W4-C3-(H1O1)2.POSCAR,1.962
C2DB-4-3_M4-X3-T2_Y4-C3-(H1O1)2.POSCAR,1.737
C2DB-4-3_M4-X3-T2_Zr4-C3-(H1O1)2.POSCAR,2.074
C2DB-4-3_M4-X3-T2_Cr4-N3-(H1O1)2.POSCAR,1.96
C2DB-4-3_M4-X3-T2_Hf4-N3-(H1O1)2.POSCAR,2.712
C2DB-4-3_M4-X3-T2_Mn4-N3-(H1O1)2.POSCAR,1.917
C2DB-4-3_M4-X3-T2_Mo4-N3-(H1O1)2.POSCAR,1.89
C2DB-4-3_M4-X3-T2_Nb4-N3-(H1O1)2-1.POSCAR,2.34
C2DB-4-3_M4-X3-T2_Sc4-N3-(H1O1)2.POSCAR,2.043
C2DB-4-3_M4-X3-T2_Ta4-N3-(H1O1)2.POSCAR,2.754
C2DB-4-3_M4-X3-T2_Ti4-N3-(H1O1)2.POSCAR,2.235
C2DB-4-3_M4-X3-T2_V4-N3-(H1O1)2.POSCAR,1.88
C2DB-4-3_M4-X3-T2_W4-N3-(H1O1)2.POSCAR,2.066
C2DB-4-3_M4-X3-T2_Y4-N3-(H1O1)2.POSCAR,2.028
C2DB-4-3_M4-X3-T2_Zr4-N3-(H1O1)2.POSCAR,2.392
C2DB-4-3_M4-X3-T2_Ti4-N3-(H1S1)2.POSCAR,2.42048692
C2DB-4-3_M2M2-X3-T2_Al2Mg2-S3-S2.POSCAR,4.290951575
C2DB-4-3_M2M2-X3-T2_Al2Mg2-Se3-Se2.POSCAR,4.266011459
C2DB-4-3_M2M2-X3-T2_Al2Mg2-Te3-Te2.POSCAR,3.926890679
C2DB-4-3_M2M2-X3-T2_Al2Ni2-S3-S2-1.POSCAR,3.878058782
C2DB-4-3_M2M2-X3-T2_Al2Ni2-S3-S2-2.POSCAR,4.060541471
C2DB-4-3_M2M2-X3-T2_Al2Ni2-Se3-Se2-1.POSCAR,3.747767309
C2DB-4-3_M2M2-X3-T2_Al2Ni2-Se3-Se2-2.POSCAR,3.889836295
C2DB-4-3_M2M2-X3-T2_Al2Ni2-Se3-Se2-3.POSCAR,4.019837623
C2DB-4-3_M2M2-X3-T2_Al2Ni2-Te3-Te2-2.POSCAR,3.976366267
C2DB-4-3_M2M2-X3-T2_Co2Ga2-S3-S2-1.POSCAR,4.101256997
C2DB-4-3_M2M2-X3-T2_Co2Ga2-S3-S2-2.POSCAR,4.082314861
C2DB-4-3_M2M2-X3-T2_Co2Ga2-Se3-Se2-2.POSCAR,4.083000967
C2DB-4-3_M2M2-X3-T2_Co2Ga2-Te3-Te2-1.POSCAR,4.050588059
C2DB-4-3_M2M2-X3-T2_Co2Ga2-Te3-Te2-2.POSCAR,4.100454265
C2DB-4-3_M2M2-X3-T2_Co2In2-S3-S2-1.POSCAR,4.500439117
C2DB-4-3_M2M2-X3-T2_Co2In2-Se3-Se2-1.POSCAR,4.414784343
C2DB-4-3_M2M2-X3-T2_Ga2Mg2-S3-S2.POSCAR,4.893092153
C2DB-4-3_M2M2-X3-T2_Ga2Mg2-Se3-Se2.POSCAR,4.732456142
C2DB-4-3_M2M2-X3-T2_Ga2Mg2-Te3-Te2.POSCAR,4.331064414
C2DB-4-3_M2M2-X3-T2_Ga2Ni2-O3-O2-1.POSCAR,4.543945129
C2DB-4-3_M2M2-X3-T2_Ga2Ni2-O3-O2-2.POSCAR,4.576713806
C2DB-4-3_M2M2-X3-T2_Ga2Ni2-S3-S2-1.POSCAR,4.461690937
C2DB-4-3_M2M2-X3-T2_Ga2Ni2-S3-S2-2.POSCAR,4.207465297
C2DB-4-3_M2M2-X3-T2_Ga2Ni2-S3-S2-3.POSCAR,4.286929913
C2DB-4-3_M2M2-X3-T2_Ga2Ni2-Se3-Se2-2.POSCAR,4.455959576
C2DB-4-3_M2M2-X3-T2_Ga2Ni2-Se3-Se2-3.POSCAR,4.155738419
C2DB-4-3_M2M2-X3-T2_Ga2Ni2-Te3-Te2-2.POSCAR,4.322243031
C2DB-4-3_M2M2-X3-T2_Ga2Ni2-Te3-Te2-3.POSCAR,3.996153398
C2DB-4-3_M2M2-X3-T2_In2Mg2-S3-S2.POSCAR,5.037840119
C2DB-4-3_M2M2-X3-T2_In2Mg2-Se3-Se2.POSCAR,4.781268986
C2DB-4-3_M2M2-X3-T2_In2Ni2-Se3-Se2-1.POSCAR,4.371589169
C2DB-4-3_M2M2-X3-T2_In2Ni2-Se3-Se2-3.POSCAR,4.462276761
C2DB-4-3_M2M2-X3-T2_In2Ni2-Te3-Te2-1.POSCAR,4.260900626
C2DB-4-3_M2M2-X3-T2_In2Ni2-Te3-Te2-2.POSCAR,4.409305482
C2DB-4-3_M2M2-X3-T2_In2Ni2-Te3-Te2-3.POSCAR,4.179723926
C2DB-4-3_M2M2-X3-T2_In2Zn2-S3-S2.POSCAR,5.353356039
C2DB-4-3_M2M2-X3-T2_Ni2Tl2-S3-S2.POSCAR,5.3894682
C2DB-4-3_M2M2-X3-T2_Tl2Zn2-S3-S2.POSCAR,5.751009359
C2DB-2-1_M2-X1-T2_Al2-S1-S2.POSCAR,5.817777917
C2DB-2-1_M2-X1-T2_Al2-S1-S2-2.POSCAR,6.192937913
C2DB-2-1_M2-X1-T2_Al2-Se1-Se2.POSCAR,5.756804698
C2DB-2-1_M2-X1-T2_Al2-Se1-Se2-2.POSCAR,4.093135287
C2DB-2-1_M2-X1-T2_Al2-Te1-Te2.POSCAR,3.891591403
C2DB-2-1_M2-X1-T2_As2-S1-S2.POSCAR,5.380315561
C2DB-2-1_M2-X1-T2_As2-Se1-Se2.POSCAR,5.088777189
C2DB-2-1_M2-X1-T2_As2-Te1-Te2.POSCAR,4.632326935
C2DB-2-1_M2-X1-T2_Bi2-S1-S2.POSCAR,6.209958693
C2DB-2-1_M2-X1-T2_Bi2-Se1-Se2.POSCAR,5.863167105
C2DB-2-1_M2-X1-T2_Bi2-Te1-Te2.POSCAR,5.291181028
C2DB-3-2_M3-X2-none_Cr3-C2-none.POSCAR,4.552
C2DB-3-2_M3-X2-none_Hf3-C2-none.POSCAR,4.328
C2DB-3-2_M3-X2-none_Mn3-C2-none.POSCAR,4.551
C2DB-3-2_M3-X2-none_Mo3-C2-none.POSCAR,4.813
C2DB-3-2_M3-X2-none_Nb3-C2-none.POSCAR,4.408
C2DB-3-2_M3-X2-none_Sc3-C2-none.POSCAR,3.626
C2DB-3-2_M3-X2-none_Ta3-C2-none.POSCAR,4.69
C2DB-3-2_M3-X2-none_Ti3-C2-none.POSCAR,3.975
C2DB-3-2_M3-X2-none_V3-C2-none.POSCAR,4.395
C2DB-3-2_M3-X2-none_W3-C2-none.POSCAR,4.97
C2DB-3-2_M3-X2-none_Y3-C2-none.POSCAR,3.52
C2DB-3-2_M3-X2-none_Zr3-C2-none.POSCAR,3.921
C2DB-2-1_M2-X1-T2_Co2-Se1-Se2.POSCAR,5.153784156
C2DB-2-1_M2-X1-T2_Co2-Te1-Te2.POSCAR,4.609849427
C2DB-2-1_M2-X1-T2_Ga2-Se1-Se2-1.POSCAR,4.47099636
C2DB-2-1_M2-X1-T2_Ga2-Te1-Te2.POSCAR,4.287181756
C2DB-2-1_M2-X1-T2_Ge2-S1-S2.POSCAR,5.227225925
C2DB-2-1_M2-X1-T2_In2-S1-S2.POSCAR,6.320037968
C2DB-2-1_M2-X1-T2_In2-Se1-Se2-1.POSCAR,5.358769675
C2DB-2-1_M2-X1-T2_In2-Se1-Se2-2.POSCAR,5.901454769
C2DB-3-2_M3-X2-none_Cr3-N2-none.POSCAR,4.872
C2DB-3-2_M3-X2-none_Hf3-N2-none.POSCAR,4.464
C2DB-3-2_M3-X2-none_Mn3-N2-none.POSCAR,4.631
C2DB-3-2_M3-X2-none_Mo3-N2-none.POSCAR,5.071
C2DB-3-2_M3-X2-none_Nb3-N2-none.POSCAR,5.072
C2DB-3-2_M3-X2-none_Sc3-N2-none.POSCAR,4.034
C2DB-3-2_M3-X2-none_Ta3-N2-none.POSCAR,5.29
C2DB-3-2_M3-X2-none_Ti3-N2-none.POSCAR,4.598
C2DB-3-2_M3-X2-none_V3-N2-none.POSCAR,5.136
C2DB-3-2_M3-X2-none_W3-N2-none.POSCAR,5.484
C2DB-3-2_M3-X2-none_Y3-N2-none.POSCAR,4.134
C2DB-3-2_M3-X2-none_Zr3-N2-none.POSCAR,4.346
C2DB-2-1_M2-X1-T2_Ni2-Se1-Se2-1.POSCAR,5.130301046
C2DB-2-1_M2-X1-T2_Ni2-Te1-Te2.POSCAR,4.449708381
C2DB-2-1_M2-X1-T2_Sb2-S1-S2.POSCAR,5.607894976
C2DB-2-1_M2-X1-T2_Sb2-Se1-Se2.POSCAR,5.27210102
C2DB-2-1_M2-X1-T2_Sb2-Te1-Te2.POSCAR,4.797233551
C2DB-2-1_M2-X1-T2_W2-N1-N2.POSCAR,6.985915938
C2DB-2-1_M1M1-X1-T1.33T0.66_Bi1Sb1-S1-S1.33Se0.66.POSCAR,5.697965128
C2DB-4-3_M4-X3-T2_Hf4-B3-Cl2.POSCAR,4.78043156
C2DB-4-3_M4-X3-T2_Hf4-C3-Cl2.POSCAR,3.616794957
C2DB-4-3_M4-X3-T2_Ta4-C3-Cl2.POSCAR,3.966995597
C2DB-4-3_M4-X3-T2_Ti4-C3-Cl2.POSCAR,4.392166116
C2DB-4-3_M4-X3-T2_Y4-C3-Cl2.POSCAR,5.733953431
C2DB-4-3_M4-X3-T2_Zr4-C3-Cl2.POSCAR,4.054862674
C2DB-4-3_M4-X3-T2_Hf4-N3-Cl2.POSCAR,3.420339671
C2DB-4-3_M4-X3-T2_Ti4-N3-Cl2.POSCAR,4.118692949
C2DB-4-3_M4-X3-T2_Y4-N3-Cl2.POSCAR,4.206642916
C2DB-4-3_M4-X3-T2_Zr4-N3-Cl2.POSCAR,3.876061266
C2DB-4-3_M4-X3-T2_Cr4-C3-F2.POSCAR,6.127
C2DB-4-3_M4-X3-T2_Mn4-C3-F2.POSCAR,6.184
C2DB-4-3_M4-X3-T2_Mo4-C3-F2.POSCAR,5.97
C2DB-4-3_M4-X3-T2_Nb4-C3-F2.POSCAR,4.754
C2DB-4-3_M4-X3-T2_Sc4-C3-F2.POSCAR,5.06
C2DB-4-3_M4-X3-T2_Ta4-C3-F2.POSCAR,4.315
C2DB-4-3_M4-X3-T2_Ti4-C3-F2.POSCAR,4.573
C2DB-4-3_M4-X3-T2_V4-C3-F2.POSCAR,5.647
C2DB-4-3_M4-X3-T2_W4-C3-F2.POSCAR,5.343
C2DB-4-3_M4-X3-T2_Y4-C3-F2.POSCAR,4.287
C2DB-4-3_M4-X3-T2_Zr4-C3-F2.POSCAR,3.516
C2DB-4-3_M4-X3-T2_Cr4-N3-F2.POSCAR,5.185
C2DB-4-3_M4-X3-T2_Hf4-N3-F2.POSCAR,3.197
C2DB-4-3_M4-X3-T2_Mo4-N3-F2.POSCAR,4.628
C2DB-4-3_M4-X3-T2_Nb4-N3-F2-1.POSCAR,4.235
C2DB-4-3_M4-X3-T2_Sc4-N3-F2.POSCAR,3.624
C2DB-4-3_M4-X3-T2_Ta4-N3-F2-1.POSCAR,3.768
C2DB-4-3_M4-X3-T2_Ti4-N3-F2.POSCAR,4.523
C2DB-4-3_M4-X3-T2_V4-N3-F2.POSCAR,5.356
C2DB-4-3_M4-X3-T2_W4-N3-F2.POSCAR,4.36
C2DB-4-3_M4-X3-T2_Y4-N3-F2.POSCAR,2.816
C2DB-4-3_M4-X3-T2_Zr4-N3-F2.POSCAR,3.576
C2DB-4-3_M4-X3-T2_Hf4-C3-H2.POSCAR,3.507673829
C2DB-4-3_M4-X3-T2_Nb4-C3-H2.POSCAR,4.281626302
C2DB-4-3_M4-X3-T2_Ta4-C3-H2.POSCAR,4.044212673
C2DB-4-3_M4-X3-T2_Ti4-C3-H2.POSCAR,4.159078414
C2DB-4-3_M4-X3-T2_V4-C3-H2.POSCAR,4.631687939
C2DB-4-3_M4-X3-T2_Zr4-C3-H2.POSCAR,3.697340085
C2DB-4-3_M4-X3-T2_Hf4-N3-H2.POSCAR,3.625425639
C2DB-4-3_M4-X3-T2_Sc4-N3-H2.POSCAR,3.616034592
C2DB-4-3_M4-X3-T2_V4-N3-H2.POSCAR,4.795136188
C2DB-4-3_M4-X3-T2_Y4-N3-H2.POSCAR,3.094791036
C2DB-4-3_M4-X3-T2_Zr4-N3-H2.POSCAR,3.776431877
C2DB-4-3_M4-X3-T2_Cr4-C3-O2.POSCAR,6.571
C2DB-4-3_M4-X3-T2_Mn4-C3-O2.POSCAR,6.867
C2DB-4-3_M4-X3-T2_Mo4-C3-O2.POSCAR,6.058
C2DB-4-3_M4-X3-T2_Nb4-C3-O2.POSCAR,5.595
C2DB-4-3_M4-X3-T2_Sc4-C3-O2.POSCAR,6.306
C2DB-4-3_M4-X3-T2_Ta4-C3-O2.POSCAR,5.334
C2DB-4-3_M4-X3-T2_Ti4-C3-O2.POSCAR,6.014
C2DB-4-3_M4-X3-T2_V4-C3-O2.POSCAR,6.582
C2DB-4-3_M4-X3-T2_W4-C3-O2.POSCAR,5.746
C2DB-4-3_M4-X3-T2_Y4-C3-O2.POSCAR,5.209
C2DB-4-3_M4-X3-T2_Zr4-C3-O2.POSCAR,5.214
C2DB-4-3_M4-X3-T2_Cr4-N3-O2.POSCAR,6.347
C2DB-4-3_M4-X3-T2_Hf4-N3-O2.POSCAR,4.579
C2DB-4-3_M4-X3-T2_Mn4-N3-O2.POSCAR,6.603
C2DB-4-3_M4-X3-T2_Mo4-N3-O2.POSCAR,5.816
C2DB-4-3_M4-X3-T2_Nb4-N3-O2.POSCAR,5.358
C2DB-4-3_M4-X3-T2_Sc4-N3-O2.POSCAR,7.231
C2DB-4-3_M4-X3-T2_Ta4-N3-O2.POSCAR,5.006
C2DB-4-3_M4-X3-T2_Ti4-N3-O2.POSCAR,5.664
C2DB-4-3_M4-X3-T2_V4-N3-O2.POSCAR,6.195
C2DB-4-3_M4-X3-T2_W4-N3-O2.POSCAR,5.253
C2DB-4-3_M4-X3-T2_Y4-N3-O2.POSCAR,6.215
C2DB-4-3_M4-X3-T2_Zr4-N3-O2.POSCAR,4.602
C2DB-4-3_M4-X3-T2_Ta4-B3-S2.POSCAR,5.472684668
C2DB-4-3_M4-X3-T2_Nb4-C3-S2.POSCAR,5.468068319
C2DB-4-3_M4-X3-T2_Ta4-C3-S2.POSCAR,5.306073523
C2DB-4-3_M4-X3-T2_V4-C3-S2.POSCAR,5.364570621
C2DB-4-3_M4-X3-T2_Hf4-N3-S2.POSCAR,5.545826972
C2DB-4-3_M4-X3-T2_Mn4-N3-S2.POSCAR,4.982521648
C2DB-4-3_M4-X3-T2_Ti4-N3-S2.POSCAR,5.655072482
C2DB-4-3_M4-X3-T2_Zr4-N3-S2.POSCAR,5.759805475
C2DB-2-1_M1.33M0.66-X1-T2_Ti1.33Mo0.66-N1-Cl2.POSCAR,4.381561211
C2DB-5-4_M3M2-X4-T2_Zr3In2-S4-S2.POSCAR,5.43444652
C2DB-5-4_M3M2-X4-T2_Zr3In2-Te4-Te2.POSCAR,4.86567158
C2DB-2-1_M2-X0.66X0.33-T2_Bi2-Se0.66S0.33-S2.POSCAR,6.220893692
C2DB-3-2_M3-X2-T2_Al3-Se2-Se2.POSCAR,4.625381141
C2DB-3-2_M3-X2-T2_Al3-Te2-Te2.POSCAR,4.716302369
C2DB-4-3_M4-X3-none_Cr4-C3-none.POSCAR,4.444
C2DB-4-3_M4-X3-none_Hf4-C3-none.POSCAR,4.471
C2DB-4-3_M4-X3-none_Mo4-C3-none.POSCAR,4.801
C2DB-4-3_M4-X3-none_Nb4-C3-none.POSCAR,4.411
C2DB-4-3_M4-X3-none_Sc4-C3-none.POSCAR,3.035
C2DB-4-3_M4-X3-none_Ta4-C3-none.POSCAR,4.729
C2DB-4-3_M4-X3-none_Ti4-C3-none.POSCAR,3.988
C2DB-4-3_M4-X3-none_V4-C3-none.POSCAR,4.523
C2DB-4-3_M4-X3-none_W4-C3-none.POSCAR,5.092
C2DB-4-3_M4-X3-none_Y4-C3-none.POSCAR,3.07
C2DB-4-3_M4-X3-none_Zr4-C3-none.POSCAR,3.917
C2DB-3-2_M3-X2-T2_Co3-Se2-Se2.POSCAR,5.188734502
C2DB-3-2_M3-X2-T2_Co3-Te2-Te2.POSCAR,4.658696895
C2DB-3-2_M3-X2-T2_Cr3-S2-S2.POSCAR,5.394121076
C2DB-3-2_M3-X2-T2_Cr3-Se2-Se2.POSCAR,5.107957578
C2DB-3-2_M3-X2-T2_Cr3-Te2-Te2.POSCAR,4.863555405
C2DB-3-2_M3-X2-T2_Fe3-S2-S2-1.POSCAR,5.517933797
C2DB-3-2_M3-X2-T2_Fe3-S2-S2-2.POSCAR,5.085144057
C2DB-3-2_M3-X2-T2_Fe3-Se2-Se2.POSCAR,5.059897235
C2DB-3-2_M3-X2-T2_In3-S2-S2.POSCAR,5.265261992
C2DB-3-2_M3-X2-T2_In3-Se2-Se2.POSCAR,5.065925426
C2DB-3-2_M3-X2-T2_Mn3-S2-S2.POSCAR,5.351498506
C2DB-3-2_M3-X2-T2_Mn3-Te2-Te2.POSCAR,4.849109641
C2DB-4-3_M4-X3-none_Cr4-N3-none.POSCAR,4.072
C2DB-4-3_M4-X3-none_Hf4-N3-none.POSCAR,4.472
C2DB-4-3_M4-X3-none_Nb4-N3-none.POSCAR,4.796
C2DB-4-3_M4-X3-none_Sc4-N3-none.POSCAR,3.923
C2DB-4-3_M4-X3-none_Ta4-N3-none.POSCAR,4.928
C2DB-4-3_M4-X3-none_Ti4-N3-none.POSCAR,4.651
C2DB-4-3_M4-X3-none_V4-N3-none.POSCAR,4.768
C2DB-4-3_M4-X3-none_W4-N3-none.POSCAR,5.341
C2DB-4-3_M4-X3-none_Y4-N3-none.POSCAR,4.183
C2DB-4-3_M4-X3-none_Zr4-N3-none.POSCAR,4.346
C2DB-3-2_M3-X2-T2_Ni3-Se2-Se2.POSCAR,5.119235072
C2DB-3-2_M3-X2-T2_Ni3-Te2-Te2.POSCAR,4.591306543
C2DB-3-2_M3-X2-T2_Tl3-Se2-Se2.POSCAR,5.524102475
C2DB-3-2_M3-X2-T2_V3-Te2-Te2.POSCAR,5.031161083
C2DB-3-2_M3-X2-T2_Hf3-S2-S2.POSCAR,5.254663209
C2DB-3-2_M3-X2-T2_Hf3-Se2-Se2.POSCAR,4.961016628
C2DB-3-2_M3-X2-T2_Hf3-Te2-Te2.POSCAR,4.625915411
C2DB-3-2_M3-X2-T2_Mo3-S2-S2.POSCAR,4.894523729
C2DB-3-2_M3-X2-T2_Nb3-S2-S2.POSCAR,5.66494107
C2DB-3-2_M3-X2-T2_Nb3-Se2-Se2-1.POSCAR,5.093713217
C2DB-3-2_M3-X2-T2_Nb3-Te2-Te2.POSCAR,4.437143555
C2DB-3-2_M3-X2-T2_Sn3-S2-S2.POSCAR,5.484577298
C2DB-3-2_M3-X2-T2_Sn3-Se2-Se2.POSCAR,5.201076118
C2DB-3-2_M3-X2-T2_Ta3-S2-S2-1.POSCAR,5.361169081
C2DB-3-2_M3-X2-T2_Ta3-S2-S2-2.POSCAR,5.173122651
C2DB-3-2_M3-X2-T2_Ta3-Se2-Se2.POSCAR,4.632922929
C2DB-3-2_M3-X2-T2_Ti3-Te2-Te2.POSCAR,4.722815095
C2DB-3-2_M3-X2-T2_Zr3-Se2-Se2.POSCAR,5.126767575
C2DB-5-4_M5-X4-T2_Bi5-Te4-Te2.POSCAR,4.752820228
C2DB-5-4_M5-X4-T2_W5-N4-N2.POSCAR,6.968642877
C2DB-3-2_M2.33-X2-T2_Sn2.33-S2-S2.POSCAR,5.089378797
C2DB-3-2_M2.33-X2-T2_Sn2.33-Se2-Se2.POSCAR,5.012456275
C2DB-5-4_M3.5-X2.5-T2_Bi3.5-Te2.5-Te2.POSCAR,4.744784337
C2DB-5-4_M3.5-X2.5-T2_W3.5-N2.5-N2.POSCAR,6.940487525
C2DB-2-1_M2-X1-none_Cr2-C1-none.POSCAR,4.717
C2DB-2-1_M2-X1-none_Hf2-C1-none.POSCAR,4.459
C2DB-2-1_M2-X1-none_Mn2-C1-none.POSCAR,4.786
C2DB-2-1_M2-X1-none_Mo2-C1-none.POSCAR,4.782
C2DB-2-1_M2-X1-none_Nb2-C1-none.POSCAR,4.536
C2DB-2-1_M2-X1-none_Sc2-C1-none.POSCAR,4.098
C2DB-2-1_M2-X1-none_Ta2-C1-none.POSCAR,4.771
C2DB-2-1_M2-X1-none_V2-C1-none.POSCAR,4.635
C2DB-2-1_M2-X1-none_W2-C1-none.POSCAR,5.153
C2DB-2-1_M2-X1-none_Y2-C1-none.POSCAR,3.827
C2DB-2-1_M2-X1-none_Cr2-N1-none.POSCAR,4.967
C2DB-2-1_M2-X1-none_Hf2-N1-none.POSCAR,4.551
C2DB-2-1_M2-X1-none_Mn2-N1-none.POSCAR,5.204
C2DB-2-1_M2-X1-none_Mo2-N1-none.POSCAR,5.004
C2DB-2-1_M2-X1-none_Nb2-N1-none.POSCAR,4.624
C2DB-2-1_M2-X1-none_Sc2-N1-none.POSCAR,4.313
C2DB-2-1_M2-X1-none_Ti2-N1-none.POSCAR,4.583
C2DB-2-1_M2-X1-none_V2-N1-none.POSCAR,4.743
C2DB-2-1_M2-X1-none_W2-N1-none.POSCAR,5.337
C2DB-2-1_M2-X1-none_Y2-N1-none.POSCAR,3.961
C2DB-2-1_M2-X1-none_Tl2-O1-none-1.POSCAR,4.008557067
C2DB-2-1_M2-X1-none_Tl2-S1-none-1.POSCAR,3.941176174
C2DB-2-1_M2-X1-none_Tl2-O1-none-3.POSCAR,4.356082461
C2DB-2-1_M2-X1-none_Tl2-Se1-none-2.POSCAR,3.567226536
C2DB-2-1_M2-X1-none_Tl2-Te1-none-3.POSCAR,3.461530074
C2DB-2-1_M2-X1-T2_Co2-As1-Se2.POSCAR,5.199219035
C2DB-2-1_M2-X1-T2_Co2-As1-Te2.POSCAR,4.575222961
C2DB-2-1_M2-X1-T2_Hf2-As1-S2.POSCAR,4.971922298
C2DB-2-1_M2-X1-T2_Hf2-As1-Se2.POSCAR,4.896356223
C2DB-2-1_M2-X1-T2_Hf2-As1-Te2.POSCAR,4.705105722
C2DB-2-1_M2-X1-T2_Ni2-As1-S2.POSCAR,5.76714457
C2DB-2-1_M2-X1-T2_Ni2-As1-Se2.POSCAR,5.162492473
C2DB-2-1_M2-X1-T2_Ni2-As1-Te2.POSCAR,4.519615886
C2DB-2-1_M2-X1-T2_Pd2-As1-Te2.POSCAR,4.618488533
C2DB-2-1_M2-X1-T2_Ti2-As1-S2.POSCAR,5.330581311
C2DB-2-1_M2-X1-T2_Zr2-As1-S2.POSCAR,5.23101223
C2DB-2-1_M2-X1-T2_Ti2-As1-Se2.POSCAR,5.159001289
C2DB-2-1_M2-X1-T2_Zr2-As1-Se2.POSCAR,5.119297656
C2DB-2-1_M2-X1-T2_Ti2-As1-Te2.POSCAR,4.854141539
C2DB-2-1_M2-X1-T2_Zr2-As1-Te2.POSCAR,4.887464188
C2DB-2-1_M2-X1-T2_Hf2-B1-Cl2.POSCAR,4.219907481
C2DB-2-1_M2-X1-T2_Nb2-B1-Cl2.POSCAR,4.407856227
C2DB-2-1_M2-X1-T2_Ta2-B1-Cl2.POSCAR,4.140451334
C2DB-2-1_M2-X1-T2_Y2-B1-Cl2.POSCAR,4.878428412
C2DB-2-1_M2-X1-T2_Zr2-B1-Cl2.POSCAR,4.510189868
C2DB-2-1_M2-X1-T2_Cr2-B1-O2.POSCAR,6.585967509
C2DB-2-1_M2-X1-T2_Cr2-B1-S2.POSCAR,5.424616221
C2DB-2-1_M2-X1-T2_Cr2-B1-Se2.POSCAR,4.802707618
C2DB-2-1_M2-X1-T2_Hf2-B1-F2.POSCAR,3.784809256
C2DB-2-1_M2-X1-T2_Ti2-B1-F2.POSCAR,4.762905962
C2DB-2-1_M2-X1-T2_Y2-B1-F2.POSCAR,3.366337217
C2DB-2-1_M2-X1-T2_Zr2-B1-F2.POSCAR,3.987716934
C2DB-2-1_M2-X1-T2_Co2-Bi1-Se2.POSCAR,4.861674963
C2DB-2-1_M2-X1-T2_Co2-Bi1-Te2.POSCAR,4.713849152
C2DB-2-1_M2-X1-T2_Ni2-Bi1-Se2.POSCAR,5.202117196
C2DB-2-1_M2-X1-T2_Ni2-Bi1-Te2.POSCAR,4.750934565
C2DB-2-1_M2-X1-T2_Pd2-Bi1-Te2.POSCAR,4.916846193
C2DB-2-1_M2-X1-T2_Mo2-B1-O2.POSCAR,6.045687002
C2DB-2-1_M2-X1-T2_Mo2-B1-S2.POSCAR,5.326263276
C2DB-2-1_M2-X1-T2_Mo2-B1-Se2.POSCAR,4.75675842
C2DB-2-1_M2-X1-T2_Nb2-B1-O2.POSCAR,5.736185764
C2DB-2-1_M2-X1-T2_Nb2-B1-S2.POSCAR,5.713743951
C2DB-2-1_M2-X1-T2_Nb2-B1-Se2.POSCAR,5.231921291
C2DB-2-1_M2-X1-T2_Nb2-B1-Te2.POSCAR,4.568900197
C2DB-2-1_M2-X1-T2_Ta2-B1-O2.POSCAR,5.543125782
C2DB-2-1_M2-X1-T2_Ti2-B1-O2.POSCAR,5.897748731
C2DB-2-1_M2-X1-T2_V2-B1-O2.POSCAR,6.40018072
C2DB-2-1_M2-X1-T2_W2-B1-O2.POSCAR,5.884986715
C2DB-2-1_M2-X1-T2_Zr2-B1-O2.POSCAR,5.162483324
C2DB-2-1_M2-X1-T2_Ta2-B1-S2.POSCAR,5.537082774
C2DB-2-1_M2-X1-T2_Ti2-B1-S2.POSCAR,5.990673677
C2DB-2-1_M2-X1-T2_V2-B1-S2.POSCAR,5.722393718
C2DB-2-1_M2-X1-T2_W2-B1-S2.POSCAR,5.170348706
C2DB-2-1_M2-X1-T2_Zr2-B1-S2.POSCAR,6.023084086
C2DB-2-1_M2-X1-T2_Ta2-B1-Se2.POSCAR,5.07798818
C2DB-2-1_M2-X1-T2_Ti2-B1-Se2.POSCAR,5.711991965
C2DB-2-1_M2-X1-T2_V2-B1-Se2.POSCAR,5.118593474
C2DB-2-1_M2-X1-T2_Zr2-B1-Se2.POSCAR,5.762402051
C2DB-2-1_M2-X1-T2_Ta2-B1-Te2.POSCAR,4.479551246
C2DB-2-1_M2-X1-T2_Sc2-C1-Br2.POSCAR,5.180502115
C2DB-2-1_M2-X1-T2_Nb2-C1-Cl2.POSCAR,4.241042219
C2DB-2-1_M2-X1-T2_Sc2-C1-Cl2.POSCAR,5.510294082
C2DB-2-1_M2-X1-T2_Ti2-C1-Cl2.POSCAR,4.592721667
C2DB-2-1_M2-X1-T2_V2-C1-Cl2.POSCAR,4.656672986
C2DB-2-1_M2-X1-T2_Y2-C1-Cl2.POSCAR,5.29513747
C2DB-2-1_M2-X1-T2_Cr2-C1-O2.POSCAR,6.418
C2DB-2-1_M2-X1-T2_Cr2-C1-S2.POSCAR,5.460832152
C2DB-2-1_M2-X1-T2_Hf2-C1-F2.POSCAR,3.63
C2DB-2-1_M2-X1-T2_Mn2-C1-F2.POSCAR,6.293
C2DB-2-1_M2-X1-T2_Mo2-C1-F2.POSCAR,5.867
C2DB-2-1_M2-X1-T2_Nb2-C1-F2.POSCAR,4.343
C2DB-2-1_M2-X1-T2_Sc2-C1-F2.POSCAR,4.516
C2DB-2-1_M2-X1-T2_Ta2-C1-F2.POSCAR,3.887
C2DB-2-1_M2-X1-T2_Ti2-C1-F2.POSCAR,4.804
C2DB-2-1_M2-X1-T2_V2-C1-F2.POSCAR,5.383
C2DB-2-1_M2-X1-T2_W2-C1-F2.POSCAR,5.674
C2DB-2-1_M2-X1-T2_Y2-C1-F2.POSCAR,3.69
C2DB-2-1_M2-X1-T2_Zr2-C1-F2.POSCAR,3.906
C2DB-2-1_M2-X1-T2_Hf2-C1-H2.POSCAR,3.426013688
C2DB-2-1_M2-X1-T2_Mn2-C1-H2.POSCAR,4.697908113
C2DB-2-1_M2-X1-T2_Sc2-C1-H2.POSCAR,4.573249645
C2DB-2-1_M2-X1-T2_Ti2-C1-H2.POSCAR,4.077371025
C2DB-2-1_M2-X1-T2_Zr2-C1-H2.POSCAR,3.651612272
C2DB-2-1_M2-X1-T2_Hf2-C1-O2.POSCAR,4.879
C2DB-2-1_M2-X1-T2_Hf2-C1-Se2.POSCAR,5.695777308
C2DB-2-1_M2-X1-T2_Hf2-C1-Te2.POSCAR,4.534249563
C2DB-2-1_M2-X1-T2_Sc2-C1-I2.POSCAR,4.512303224
C2DB-2-1_M2-X1-T2_Zr2-C1-I2.POSCAR,3.722073336
C2DB-2-1_M2-X1-T2_Mo2-C1-O2.POSCAR,6.365
C2DB-2-1_M2-X1-T2_Mo2-C1-S2.POSCAR,5.443892706
C2DB-2-1_M2-X1-T2_Mo2-C1-Se2.POSCAR,4.81080075
C2DB-2-1_M2-X1-T2_Nb2-C1-O2.POSCAR,5.76
C2DB-2-1_M2-X1-T2_Nb2-C1-S2.POSCAR,5.635172266
C2DB-2-1_M2-X1-T2_Nb2-C1-Se2.POSCAR,5.018175006
C2DB-2-1_M2-X1-T2_Nb2-C1-Te2.POSCAR,4.430787086
C2DB-2-1_M2-X1-T2_Sc2-C1-O2.POSCAR,6.378
C2DB-2-1_M2-X1-T2_Ta2-C1-O2.POSCAR,5.522
C2DB-2-1_M2-X1-T2_Ti2-C1-O2.POSCAR,5.662
C2DB-2-1_M2-X1-T2_V2-C1-O2.POSCAR,6.645
C2DB-2-1_M2-X1-T2_W2-C1-O2.POSCAR,5.938
C2DB-2-1_M2-X1-T2_Y2-C1-O2.POSCAR,5.253
C2DB-2-1_M2-X1-T2_Zr2-C1-O2.POSCAR,4.817
C2DB-2-1_M2-X1-T2_Ta2-C1-S2.POSCAR,5.404986746
C2DB-2-1_M2-X1-T2_V2-C1-S2.POSCAR,5.564074312
C2DB-2-1_M2-X1-T2_W2-C1-S2.POSCAR,5.154634206
C2DB-2-1_M2-X1-T2_Zr2-C1-S2.POSCAR,6.238853476
C2DB-2-1_M2-X1-T2_Ta2-C1-Se2.POSCAR,4.855493418
C2DB-2-1_M2-X1-T2_Ti2-C1-Se2.POSCAR,5.421650905
C2DB-2-1_M2-X1-T2_V2-C1-Se2.POSCAR,4.931786886
C2DB-2-1_M2-X1-T2_W2-C1-Se2.POSCAR,4.650906965
C2DB-2-1_M2-X1-T2_Zr2-C1-Se2.POSCAR,5.747766376
C2DB-2-1_M2-X1-T2_Ta2-C1-Te2.POSCAR,4.205743028
C2DB-2-1_M2-X1-T2_Ti2-C1-Te2.POSCAR,4.398906979
C2DB-2-1_M2-X1-T2_V2-C1-Te2.POSCAR,4.309379009
C2DB-2-1_M2-X1-T2_Zr2-C1-Te2.POSCAR,4.65683682
C2DB-2-1_M2-X1-T2_Sc2-N1-Br2.POSCAR,4.186961088
C2DB-2-1_M2-X1-T2_Ti2-N1-Br2.POSCAR,4.098980142
C2DB-2-1_M2-X1-T2_Hf2-N1-Cl2.POSCAR,3.45178878
C2DB-2-1_M2-X1-T2_V2-N1-Cl2.POSCAR,4.621231374
C2DB-2-1_M2-X1-T2_Y2-N1-Cl2.POSCAR,4.292891748
C2DB-2-1_M2-X1-T2_Zr2-N1-Cl2.POSCAR,3.923147122
C2DB-2-1_M2-X1-T2_Cr2-N1-F2.POSCAR,5.301
C2DB-2-1_M2-X1-T2_Hf2-N1-F2.POSCAR,3.314
C2DB-2-1_M2-X1-T2_Mn2-N1-F2.POSCAR,5.624
C2DB-2-1_M2-X1-T2_Mo2-N1-F2.POSCAR,5.613
C2DB-2-1_M2-X1-T2_Nb2-N1-F2.POSCAR,5.031
C2DB-2-1_M2-X1-T2_Sc2-N1-F2.POSCAR,3.768
C2DB-2-1_M2-X1-T2_Ta2-N1-F2.POSCAR,4.865
C2DB-2-1_M2-X1-T2_Ti2-N1-F2.POSCAR,4.45
C2DB-2-1_M2-X1-T2_W2-N1-F2.POSCAR,5.132
C2DB-2-1_M2-X1-T2_Y2-N1-F2.POSCAR,3.065
C2DB-2-1_M2-X1-T2_Zr2-N1-F2.POSCAR,3.54
C2DB-2-1_M2-X1-T2_Ti2-N1-H2.POSCAR,4.077532322
C2DB-2-1_M2-X1-T2_Hf2-N1-O2.POSCAR,4.608
C2DB-2-1_M2-X1-T2_Hf2-N1-S2.POSCAR,5.609127902
C2DB-2-1_M2-X1-T2_Hf2-N1-Se2.POSCAR,5.278222331
C2DB-2-1_M2-X1-T2_Mn2-N1-O2.POSCAR,6.523
C2DB-2-1_M2-X1-T2_Mn2-N1-S2.POSCAR,5.150262433
C2DB-2-1_M2-X1-T2_Mo2-N1-O2-2.POSCAR,6.83
C2DB-2-1_M2-X1-T2_Mo2-N1-S2.POSCAR,5.45538542
C2DB-2-1_M2-X1-T2_Mo2-N1-Se2.POSCAR,4.927785159
C2DB-2-1_M2-X1-T2_Nb2-N1-O2.POSCAR,5.631
C2DB-2-1_M2-X1-T2_Nb2-N1-S2.POSCAR,5.432823068
C2DB-2-1_M2-X1-T2_Nb2-N1-Se2.POSCAR,4.79374196
C2DB-2-1_M2-X1-T2_Nb2-N1-Te2.POSCAR,4.0949891
C2DB-2-1_M2-X1-T2_Sc2-N1-O2.POSCAR,7.272
C2DB-2-1_M2-X1-T2_Ta2-N1-O2.POSCAR,5.308
C2DB-2-1_M2-X1-T2_Ti2-N1-O2.POSCAR,5.734
C2DB-2-1_M2-X1-T2_W2-N1-O2-2.POSCAR,6.826
C2DB-2-1_M2-X1-T2_Y2-N1-O2.POSCAR,6.314
C2DB-2-1_M2-X1-T2_Zr2-N1-O2.POSCAR,4.731
C2DB-2-1_M2-X1-T2_Ta2-N1-S2.POSCAR,5.116857272
C2DB-2-1_M2-X1-T2_Ti2-N1-S2.POSCAR,5.790253071
C2DB-2-1_M2-X1-T2_W2-N1-S2.POSCAR,5.091045933
C2DB-2-1_M2-X1-T2_Zr2-N1-S2.POSCAR,5.795015018
C2DB-2-1_M2-X1-T2_Ta2-N1-Se2.POSCAR,4.60731578
C2DB-2-1_M2-X1-T2_Ti2-N1-Se2.POSCAR,5.298950962
C2DB-2-1_M2-X1-T2_V2-N1-Se2.POSCAR,4.692902383
C2DB-2-1_M2-X1-T2_W2-N1-Se2-1.POSCAR,4.618129469
C2DB-2-1_M2-X1-T2_Zr2-N1-Se2.POSCAR,5.470237494
C2DB-2-1_M2-X1-T2_Ti2-N1-Te2.POSCAR,4.364042715
C2DB-2-1_M2-X1-T2_Sb2-O1-Se2-1.POSCAR,5.327174185
C2DB-2-1_M2-X1-T2_Sb2-O1-Te2-1.POSCAR,4.598993898
C2DB-2-1_M2-X1-T2_Co2-P1-Se2.POSCAR,5.101834663
C2DB-2-1_M2-X1-T2_Co2-P1-Te2.POSCAR,4.482545259
C2DB-2-1_M2-X1-T2_Hf2-P1-S2.POSCAR,5.249312438
C2DB-2-1_M2-X1-T2_Hf2-P1-Se2.POSCAR,5.081156599
C2DB-2-1_M2-X1-T2_Hf2-P1-Te2.POSCAR,4.813809237
C2DB-2-1_M2-X1-T2_Ni2-P1-S2.POSCAR,5.738217065
C2DB-2-1_M2-X1-T2_Ni2-P1-Se2.POSCAR,5.057241743
C2DB-2-1_M2-X1-T2_Ni2-P1-Te2.POSCAR,4.348674438
C2DB-2-1_M2-X1-T2_Ti2-P1-S2.POSCAR,5.580855648
C2DB-2-1_M2-X1-T2_Zr2-P1-S2.POSCAR,5.480952724
C2DB-2-1_M2-X1-T2_Ti2-P1-Se2.POSCAR,5.305231996
C2DB-2-1_M2-X1-T2_Zr2-P1-Se2.POSCAR,5.285358249
C2DB-2-1_M2-X1-T2_Ti2-P1-Te2.POSCAR,4.882519706
C2DB-2-1_M2-X1-T2_Zr2-P1-Te2.POSCAR,4.971225707
C2DB-2-1_M2-X1-T2_As2-S1-Se2.POSCAR,5.024568848
C2DB-2-1_M2-X1-T2_As2-S1-Te2.POSCAR,4.583339492
C2DB-2-1_M2-X1-T2_Co2-Sb1-Se2.POSCAR,5.080559942
C2DB-2-1_M2-X1-T2_Co2-Sb1-Te2.POSCAR,4.770784351
C2DB-2-1_M2-X1-T2_Hf2-Sb1-Te2.POSCAR,4.47388751
C2DB-2-1_M2-X1-T2_Bi2-S1-Se2.POSCAR,5.826724202
C2DB-2-1_M2-X1-T2_Bi2-S1-Te2.POSCAR,5.250807124
C2DB-2-1_M2-X1-T2_Ni2-Sb1-Se2.POSCAR,5.356272661
C2DB-2-1_M2-X1-T2_Ni2-Sb1-Te2.POSCAR,4.696009065
C2DB-2-1_M2-X1-T2_Pd2-Sb1-Se2.POSCAR,5.451200521
C2DB-2-1_M2-X1-T2_Pd2-Sb1-Te2.POSCAR,4.78790438
C2DB-2-1_M2-X1-T2_Ge2-S1-Br2.POSCAR,5.210485591
C2DB-2-1_M2-X1-T2_Pb2-S1-Br2.POSCAR,5.975967131
C2DB-2-1_M2-X1-T2_Zr2-S1-Br2.POSCAR,3.725555967
C2DB-2-1_M2-X1-T2_Zr2-Sb1-Se2.POSCAR,4.747097143
C2DB-2-1_M2-X1-T2_Ti2-Sb1-Te2.POSCAR,4.71400744
C2DB-2-1_M2-X1-T2_Zr2-Sb1-Te2.POSCAR,4.700955837
C2DB-2-1_M2-X1-T2_Y2-S1-Cl2.POSCAR,3.839524882
C2DB-2-1_M2-X1-T2_Mn2-Se1-Cl2.POSCAR,4.917265886
C2DB-2-1_M2-X1-T2_Mn2-Se1-I2.POSCAR,4.755060751
C2DB-2-1_M2-X1-T2_Ti2-Se1-I2.POSCAR,4.020466366
C2DB-2-1_M2-X1-T2_Hg2-S1-I2.POSCAR,5.040340641
C2DB-2-1_M2-X1-T2_Mn2-S1-I2.POSCAR,4.819232992
C2DB-2-1_M2-X1-T2_Pb2-S1-I2.POSCAR,5.35296102
C2DB-2-1_M2-X1-T2_In2-S1-Te2.POSCAR,4.671402329
C2DB-2-1_M2-X1-T2_Sb2-S1-Se2.POSCAR,5.254495773
C2DB-2-1_M2-X1-T2_Sb2-S1-Te2.POSCAR,4.782473724
C2DB-2-1_M2-X1-T2_Ta2-S1-Te2.POSCAR,4.472013611
C2DB-2-1_M2-X1-T2_Sc2-Te1-Br2.POSCAR,3.742315606
C2DB-2-1_M2-X1-T2_Sc2-Te1-I2.POSCAR,3.686784794
C2DB-2-1_M2-X1-T2_Ti2-N1-Cl2.POSCAR,4.349253499
C2DB-2-1_M2-X1-T2_Mn2-S1-Cl2.POSCAR,5.194627585
C2DB-2-1_M2-X1-T2_Hf2-C1-(H1O1)2.POSCAR,2.329
C2DB-2-1_M2-X1-T2_Mn2-C1-(H1O1)2.POSCAR,1.606
C2DB-2-1_M2-X1-T2_Mo2-C1-(H1O1)2.POSCAR,2.127
C2DB-2-1_M2-X1-T2_Nb2-C1-(H1O1)2.POSCAR,2.146
C2DB-2-1_M2-X1-T2_Sc2-C1-(H1O1)2.POSCAR,1.348
C2DB-2-1_M2-X1-T2_Ta2-C1-(H1O1)2.POSCAR,2.563
C2DB-2-1_M2-X1-T2_Ti2-C1-(H1O1)2.POSCAR,1.912
C2DB-2-1_M2-X1-T2_V2-C1-(H1O1)2.POSCAR,1.793
C2DB-2-1_M2-X1-T2_W2-C1-(H1O1)2.POSCAR,2.476
C2DB-2-1_M2-X1-T2_Y2-C1-(H1O1)2.POSCAR,1.423
C2DB-2-1_M2-X1-T2_Zr2-C1-(H1O1)2.POSCAR,2.031
C2DB-2-1_M2-X1-T2_Cr2-N1-(H1O1)2.POSCAR,1.941
C2DB-2-1_M2-X1-T2_Hf2-N1-(H1O1)2.POSCAR,2.654
C2DB-2-1_M2-X1-T2_Mn2-N1-(H1O1)2.POSCAR,1.549
C2DB-2-1_M2-X1-T2_Mo2-N1-(H1O1)2.POSCAR,2.312
C2DB-2-1_M2-X1-T2_Nb2-N1-(H1O1)2.POSCAR,2.276
C2DB-2-1_M2-X1-T2_Sc2-N1-(H1O1)2.POSCAR,2.043
C2DB-2-1_M2-X1-T2_Ta2-N1-(H1O1)2.POSCAR,2.497
C2DB-2-1_M2-X1-T2_Ti2-N1-(H1O1)2.POSCAR,2.173
C2DB-2-1_M2-X1-T2_V2-N1-(H1O1)2.POSCAR,2.017
C2DB-2-1_M2-X1-T2_W2-N1-(H1O1)2.POSCAR,2.579
C2DB-2-1_M2-X1-T2_Y2-N1-(H1O1)2.POSCAR,2.036
C2DB-3-2_M2M1-X2-T2_Ca2Sr1-S2-Br2.POSCAR,5.425070599
C2DB-2-1_M1.75M0.25-X1-T1T0.5T0.5_Mn1.75Ga0.25-S1-Br1Cl0.5I0.5.POSCAR,5.110903054
C2DB-2-1_M2-X0.5X0.5-T1.5T0.5_Mn2-S0.5Se0.5-Br1.5S0.5.POSCAR,5.211527175
C2DB-3-2_M2M1-X2-T2_Co2Ag1-O2-O2.POSCAR,7.242497086
C2DB-3-2_M2M1-X2-T2_Co2Ag1-S2-S2.POSCAR,6.024966191
C2DB-3-2_M2M1-X2-T2_Ni2Ag1-O2-O2.POSCAR,7.027122121
C2DB-3-2_M2M1-X2-T2_Pd2Ag1-O2-O2.POSCAR,6.503475852
C2DB-3-2_M2M1-X2-T2_Co2Au1-O2-O2.POSCAR,7.241980993
C2DB-3-2_M2M1-X2-T2_Co2Au1-S2-S2.POSCAR,6.045506599
C2DB-3-2_M2M1-X2-T2_Ni2Au1-O2-O2.POSCAR,7.044684154
C2DB-3-2_M2M1-X2-T2_Ni2Au1-S2-S2.POSCAR,5.577404887
C2DB-3-2_M2M1-X2-T2_Pd2Au1-O2-O2.POSCAR,6.53016714
C2DB-3-2_M2M1-X2-T2_Ga2Cd1-S2-S2.POSCAR,5.026364965
C2DB-3-2_M2M1-X2-T2_Ga2Cd1-Se2-Se2.POSCAR,4.833956754
C2DB-3-2_M2M1-X2-T2_Ga2Cd1-Te2-Te2.POSCAR,4.39088739
C2DB-3-2_M2M1-X2-T2_In2Cd1-S2-S2.POSCAR,5.198398706
C2DB-3-2_M2M1-X2-T2_In2Cd1-Se2-Se2.POSCAR,4.980325476
C2DB-3-2_M2M1-X2-T2_In2Cd1-Te2-Te2.POSCAR,4.484537647
C2DB-3-2_M2M1-X2-T2_Al2Co1-S2-S2-1.POSCAR,4.00835882
C2DB-3-2_M2M1-X2-T2_Al2Co1-Se2-Se2-1.POSCAR,3.953226258
C2DB-3-2_M2M1-X2-T2_Al2Co1-Se2-Se2-2.POSCAR,3.980161382
C2DB-3-2_M2M1-X2-T2_Al2Co1-Te2-Te2-1.POSCAR,3.866071495
C2DB-3-2_M2M1-X2-T2_Cr2Co1-S2-S2.POSCAR,5.598101725
C2DB-3-2_M2M1-X2-T2_Cr2Co1-Se2-Se2.POSCAR,5.276791804
C2DB-3-2_M2M1-X2-T2_Cr2Co1-Te2-Te2.POSCAR,4.892986707
C2DB-3-2_M2M1-X2-T2_Ga2Co1-S2-S2-1.POSCAR,4.349306724
C2DB-3-2_M2M1-X2-T2_Ga2Co1-S2-S2-2.POSCAR,4.299539777
C2DB-3-2_M2M1-X2-T2_Ga2Co1-Se2-Se2-1.POSCAR,4.263735173
C2DB-3-2_M2M1-X2-T2_Ga2Co1-Se2-Se2-2.POSCAR,4.273830033
C2DB-3-2_M2M1-X2-T2_Ga2Co1-Te2-Te2-1.POSCAR,4.030121532
C2DB-3-2_M2M1-X2-T2_Ga2Co1-Te2-Te2-2.POSCAR,4.079279899
C2DB-3-2_M2M1-X2-T2_In2Co1-Se2-Se2-1.POSCAR,4.62331106
C2DB-3-2_M2M1-X2-T2_In2Co1-Se2-Se2-2.POSCAR,4.568730349
C2DB-3-2_M2M1-X2-T2_In2Co1-Te2-Te2-1.POSCAR,4.231641193
C2DB-3-2_M2M1-X2-T2_V2Co1-S2-S2.POSCAR,5.539897848
C2DB-3-2_M2M1-X2-T2_V2Co1-Te2-Te2.POSCAR,4.839893886
C2DB-3-2_M2M1-X2-T2_Al2Cr1-S2-S2.POSCAR,3.424226449
C2DB-3-2_M2M1-X2-T2_Al2Cr1-Se2-Se2.POSCAR,3.507827895
C2DB-3-2_M2M1-X2-T2_Al2Cr1-Te2-Te2.POSCAR,3.533542726
C2DB-3-2_M2M1-X2-T2_Ga2Cr1-O2-O2.POSCAR,4.029941045
C2DB-3-2_M2M1-X2-T2_Ga2Cr1-S2-S2.POSCAR,3.943883479
C2DB-3-2_M2M1-X2-T2_Ga2Cr1-Se2-Se2.POSCAR,3.98599424
C2DB-3-2_M2M1-X2-T2_Ga2Cr1-Te2-Te2.POSCAR,3.964757627
C2DB-3-2_M2M1-X2-T2_In2Cr1-S2-S2.POSCAR,4.192426458
C2DB-3-2_M2M1-X2-T2_In2Cr1-Se2-Se2.POSCAR,4.136997925
C2DB-3-2_M2M1-X2-T2_In2Cr1-Te2-Te2.POSCAR,3.97443793
C2DB-3-2_M2M1-X2-T2_Co2Cu1-O2-O2.POSCAR,7.245779495
C2DB-3-2_M2M1-X2-T2_Fe2Cu1-O2-O2.POSCAR,6.871614672
C2DB-3-2_M2M1-X2-T2_Ni2Cu1-O2-O2.POSCAR,7.02775854
C2DB-3-2_M2M1-X2-T2_Pd2Cu1-O2-O2.POSCAR,6.540951239
C2DB-3-2_M2M1-X2-T2_Al2Fe1-S2-S2-1.POSCAR,3.494629371
C2DB-3-2_M2M1-X2-T2_Al2Fe1-S2-S2-2.POSCAR,3.607538018
C2DB-3-2_M2M1-X2-T2_Al2Fe1-Se2-Se2-1.POSCAR,3.50770706
C2DB-3-2_M2M1-X2-T2_Cr2Fe1-Te2-Te2.POSCAR,4.875740376
C2DB-3-2_M2M1-X2-T2_Ga2Fe1-S2-S2-1.POSCAR,4.04104163
C2DB-3-2_M2M1-X2-T2_Ga2Fe1-Se2-Se2-1.POSCAR,4.095697725
C2DB-3-2_M2M1-X2-T2_Ga2Fe1-Te2-Te2-1.POSCAR,4.045795578
C2DB-3-2_M2M1-X2-T2_In2Fe1-S2-S2.POSCAR,4.404276307
C2DB-3-2_M2M1-X2-T2_Al2Mg1-S2-S2.POSCAR,4.344634232
C2DB-3-2_M2M1-X2-T2_Al2Mg1-Se2-Se2.POSCAR,4.304171592
C2DB-3-2_M2M1-X2-T2_Al2Mg1-Te2-Te2.POSCAR,3.964993529
C2DB-3-2_M2M1-X2-T2_Ga2Mg1-S2-S2.POSCAR,4.968690611
C2DB-3-2_M2M1-X2-T2_Ga2Mg1-Se2-Se2.POSCAR,4.77702813
C2DB-3-2_M2M1-X2-T2_Ga2Mg1-Te2-Te2.POSCAR,4.305578635
C2DB-3-2_M2M1-X2-T2_In2Mg1-S2-S2.POSCAR,5.198788321
C2DB-3-2_M2M1-X2-T2_In2Mg1-Se2-Se2.POSCAR,4.909790183
C2DB-3-2_M2M1-X2-T2_In2Mg1-Te2-Te2.POSCAR,4.397932808
C2DB-3-2_M2M1-X2-T2_Al2Mn1-S2-S2-2.POSCAR,4.357987982
C2DB-3-2_M2M1-X2-T2_Al2Mn1-Te2-Te2-1.POSCAR,3.668349466
C2DB-3-2_M2M1-X2-T2_Bi2Mn1-S2-S2.POSCAR,5.469407638
C2DB-3-2_M2M1-X2-T2_Bi2Mn1-Se2-Se2.POSCAR,5.134976307
C2DB-3-2_M2M1-X2-T2_Bi2Mn1-Te2-Te2.POSCAR,4.680469591
C2DB-3-2_M2M1-X2-T2_Ga2Mn1-O2-O2.POSCAR,4.325219754
C2DB-3-2_M2M1-X2-T2_Ga2Mn1-S2-S2-2.POSCAR,4.740512947
C2DB-3-2_M2M1-X2-T2_Ga2Mn1-Se2-Se2-1.POSCAR,4.152707432
C2DB-3-2_M2M1-X2-T2_Ga2Mn1-Te2-Te2-1.POSCAR,3.963827277
C2DB-3-2_M2M1-X2-T2_In2Mn1-S2-S2-1.POSCAR,4.516456456
C2DB-3-2_M2M1-X2-T2_In2Mn1-Se2-Se2-1.POSCAR,4.341426177
C2DB-3-2_M2M1-X2-T2_In2Mn1-Se2-Se2-2.POSCAR,4.743792968
C2DB-3-2_M2M1-X2-T2_In2Mn1-Te2-Te2-1.POSCAR,4.099651344
C2DB-3-2_M2M1-X2-T2_Sb2Mn-S2-S2.POSCAR,4.947652901
C2DB-3-2_M2M1-X2-T2_Al2Ni-S2-S2-1.POSCAR,4.03735256
C2DB-3-2_M2M1-X2-T2_Al2Ni-S2-S2-2.POSCAR,4.117753235
C2DB-3-2_M2M1-X2-T2_Al2Ni-Se2-Se2-2.POSCAR,4.102691892
C2DB-3-2_M2M1-X2-T2_Al2Ni-Te2-Te2-1.POSCAR,3.982292277
C2DB-3-2_M2M1-X2-T2_Cr2Ni-S2-S2.POSCAR,5.779036777
C2DB-3-2_M2M1-X2-T2_Cr2Ni-Se2-Se2.POSCAR,5.470483399
C2DB-3-2_M2M1-X2-T2_Cr2Ni-Te2-Te2.POSCAR,4.899457376
C2DB-3-2_M2M1-X2-T2_Ga2Ni-O2-O2-1.POSCAR,4.741448793
C2DB-3-2_M2M1-X2-T2_Ga2Ni-O2-O2-2.POSCAR,4.742074369
C2DB-3-2_M2M1-X2-T2_Ga2Ni-S2-S2-1.POSCAR,4.356853507
C2DB-3-2_M2M1-X2-T2_Ga2Ni-S2-S2-2.POSCAR,4.522169348
C2DB-3-2_M2M1-X2-T2_Ga2Ni-Se2-Se2-1.POSCAR,4.377263972
C2DB-3-2_M2M1-X2-T2_Ga2Ni-Se2-Se2-2.POSCAR,4.394932329
C2DB-3-2_M2M1-X2-T2_Ga2Ni-Te2-Te2-1.POSCAR,4.222468063
C2DB-3-2_M2M1-X2-T2_Ga2Ni-Te2-Te2-2.POSCAR,4.186451306
C2DB-3-2_M2M1-X2-T2_In2Ni-Se2-Se2.POSCAR,4.586277707
C2DB-3-2_M2M1-X2-T2_In2Ni-Te2-Te2-1.POSCAR,4.436251425
C2DB-3-2_M2M1-X2-T2_In2Ni-Te2-Te2-2.POSCAR,4.373903792
C2DB-3-2_M2M1-X2-T2_V2Ni1-S2-S2.POSCAR,5.526472965
C2DB-3-2_M2M1-X2-T2_V2Ni1-Se2-Se2.POSCAR,5.275938289
C2DB-3-2_M2M1-X2-T2_As2Pb1-S2-S2.POSCAR,5.702646369
C2DB-3-2_M2M1-X2-T2_As2Pb1-Se2-Se2.POSCAR,5.382292298
C2DB-3-2_M2M1-X2-T2_As2Pb1-Te2-Te2.POSCAR,4.826770425
C2DB-3-2_M2M1-X2-T2_Bi2Pb1-S2-S2.POSCAR,6.148126776
C2DB-3-2_M2M1-X2-T2_Bi2Pb1-Se2-Se2.POSCAR,5.807213428
C2DB-3-2_M2M1-X2-T2_Bi2Pb1-Te2-Te2.POSCAR,5.277481358
C2DB-3-2_M2M1-X2-T2_Sb2Pb1-S2-S2.POSCAR,5.7173569
C2DB-3-2_M2M1-X2-T2_Sb2Pb1-Se2-Se2.POSCAR,5.429197693
C2DB-3-2_M2M1-X2-T2_Al2Pd1-Se2-Se2.POSCAR,4.21044594
C2DB-3-2_M2M1-X2-T2_Al2Pd1-Te2-Te2.POSCAR,4.048549026
C2DB-3-2_M2M1-X2-T2_Cr2Pd1-Se2-Se2.POSCAR,5.46988789
C2DB-3-2_M2M1-X2-T2_Cr2Pd1-Te2-Te2.POSCAR,4.930451336
C2DB-3-2_M2M1-X2-T2_Ga2Pd1-S2-S2.POSCAR,4.527604479
C2DB-3-2_M2M1-X2-T2_Ga2Pd1-Se2-Se2.POSCAR,4.471904171
C2DB-3-2_M2M1-X2-T2_Ga2Pd1-Te2-Te2.POSCAR,4.26447007
C2DB-3-2_M2M1-X2-T2_In2Pd1-S2-S2.POSCAR,4.685607132
C2DB-3-2_M2M1-X2-T2_In2Pd1-Se2-Se2.POSCAR,4.606847536
C2DB-3-2_M2M1-X2-T2_In2Pd1-Te2-Te2.POSCAR,4.385704024
C2DB-3-2_M2M1-X2-T2_V2Pd1-Te2-Te2.POSCAR,4.96494392
C2DB-3-2_M2M1-X2-T2_As2Sn1-Se2-Se2.POSCAR,5.136210859
C2DB-3-2_M2M1-X2-T2_As2Sn1-Te2-Te2.POSCAR,4.583843008
C2DB-3-2_M2M1-X2-T2_Bi2Sn1-S2-S2.POSCAR,5.917958549
C2DB-3-2_M2M1-X2-T2_Bi2Sn1-Se2-Se2.POSCAR,5.596738596
C2DB-3-2_M2M1-X2-T2_Bi2Sn1-Te2-Te2.POSCAR,5.081829714
C2DB-3-2_M2M1-X2-T2_Sb2Sn1-S2-S2.POSCAR,5.5023792
C2DB-3-2_M2M1-X2-T2_Sb2Sn1-Se2-Se2.POSCAR,5.228532645
C2DB-3-2_M2M1-X2-T2_Sb2Sn1-Te2-Te2.POSCAR,4.728967018
C2DB-3-2_M2M1-X2-T2_Al2V1-S2-S2.POSCAR,3.486525455
C2DB-3-2_M2M1-X2-T2_Al2V1-Se2-Se2.POSCAR,3.650003206
C2DB-3-2_M2M1-X2-T2_Ga2V1-S2-S2.POSCAR,4.102798957
C2DB-3-2_M2M1-X2-T2_Ga2V1-Se2-Se2.POSCAR,4.159361731
C2DB-3-2_M2M1-X2-T2_Ga2V1-Te2-Te2.POSCAR,4.096225771
C2DB-3-2_M2M1-X2-T2_In2V1-Se2-Se2.POSCAR,4.343262021
C2DB-3-2_M2M1-X2-T2_In2V1-Te2-Te2.POSCAR,4.141196293
C2DB-3-2_M2M1-X2-T2_Al2Zn1-S2-S2.POSCAR,4.951310411
C2DB-3-2_M2M1-X2-T2_In2Zn1-S2-S2.POSCAR,5.382300943
C2DB-3-2_M2M1-X2-T2_In2Zn1-Se2-Se2.POSCAR,5.23493402
C2DB-3-2_M2M1-X2-T2_In2Zn1-Te2-Te2.POSCAR,4.723857831
C2DB-2-1_M2-X1-T1.75T0.25_Nb2-C1-Cl1.75Br0.25.POSCAR,4.182727917
C2DB-3-2_M3-X2-T1T1_Ti3-N2-I1Te1.POSCAR,3.749240662
C2DB-2-1_M2-X1-T1.5T0.25T0.25_In2-S1-I1.5Br0.25Cl0.25.POSCAR,5.233924228
C2DB-2-1_M2-X0.75X0.25-T1.5T0.25T0.25_Sc2-Se0.75S0.25-I1.5Cl0.25Se0.25.POSCAR,3.988903406
C2DB-2-1_M2-X1-T1.5T0.25T0.25_Ti2-N1-Cl1.5S0.25Se0.25.POSCAR,4.720696705
C2DB-2-1_M2-X1-T1T1_Sn2-S1-Br1Cl1.POSCAR,5.528552022
C2DB-2-1_M2-X1-T1T1_Zr2-N1-Br1I1.POSCAR,3.609540895
C2DB-2-1_M2-X1-T1T1_Cd2-S1-Br1I1.POSCAR,5.231591343
C2DB-2-1_M2-X1-T1T1_Sc2-S1-Br1I1.POSCAR,3.907870087
C2DB-2-1_M2-X1-T1T1_Sn2-S1-Br1I1.POSCAR,5.010480257
C2DB-2-1_M2-X1-T1T1_Zr2-S1-Cl1I1.POSCAR,3.714847168
C2DB-2-1_M1M1-X1-T2_Ta1Ti1-C1-Cl2.POSCAR,4.29143262
C2DB-2-1_M1M1-X1-T2_Ge1Mn1-Se1-Cl2.POSCAR,5.005656239
C2DB-2-1_M1M1-X1-T2_Hf1Zr1-S1-I2.POSCAR,3.429687677
C2DB-2-1_M2-X1-T1T1_Hf2-S1-I1Te1.POSCAR,3.937652669
C2DB-2-1_M2-X1-T1T1_Zr2-S1-I1Te1.POSCAR,4.228188936
C2DB-2-1_M1M1-X1-T2_Mn1Sn1-S1-Br2.POSCAR,4.815525232
C2DB-2-1_M1M1-X1-T2_Pb1Sn1-S1-Br2.POSCAR,5.692492876
C2DB-2-1_M2-X0.75X0.25-T1T0.5T0.25T0.25_Ta2-C0.75N0.25-Cl1Se0.5Br0.25Te0.25.POSCAR,4.067317276
C2DB-2-1_M2-X0.66X0.33-T1.33T0.33T0.33_Hf2-N0.66C0.33-O1.33Cl0.33I0.33.POSCAR,4.23576705
C2DB-2-1_M0.33M0.33M0.33-X1-T1.66T0.33_Hf0.33Mo0.33Zr0.33-S1-Br1.66Cl0.33.POSCAR,5.871905252
Emily-2-1_M2-X1-none_Ti2-C1-none.POSCAR,4.12
Emily-2-1_M2-X1-T2_Ti2-C1-O2.POSCAR,5.84
Emily-2-1_M2-X1-T2_Ti2-C1-S2.POSCAR,6.23
Emily-2-1_M2-X1-T2_Ti2-C1-Se2.POSCAR,5.43
Emily-2-1_M2-X1-T2_Ti2-C1-Te2.POSCAR,4.4
Emily-2-1_M2-X1-T2_Ti2-C1-F2.POSCAR,4.92
Emily-2-1_M2-X1-T2_Ti2-C1-Cl2.POSCAR,4.63
Emily-2-1_M2-X1-T2_Ti2-C1-Br2.POSCAR,4.35
Emily-2-1_M2-X1-T2_Ti2-C1-I2.POSCAR,3.92
Emily-2-1_M2-X1-T2_Ti2-C1-(H1N1)2.POSCAR,3.16
Emily-2-1_M2-X1-T2_Ti2-C1-(H1O1)2.POSCAR,2.05
Emily-2-1_M2-X1-none_V2-C1-none.POSCAR,4.66
Emily-2-1_M2-X1-T2_V2-C1-O2.POSCAR,6.62
Emily-2-1_M2-X1-T2_V2-C1-S2.POSCAR,5.51
Emily-2-1_M2-X1-T2_V2-C1-Se2.POSCAR,4.98
Emily-2-1_M2-X1-T2_V2-C1-F2.POSCAR,5.42
Emily-2-1_M2-X1-T2_V2-C1-Cl2.POSCAR,4.79
Emily-2-1_M2-X1-T2_V2-C1-Br2.POSCAR,4.42
Emily-2-1_M2-X1-T2_V2-C1-I2.POSCAR,3.95
Emily-2-1_M2-X1-T2_V2-C1-(H1N1)2.POSCAR,2.65
Emily-2-1_M2-X1-T2_V2-C1-(H1O1)2.POSCAR,2.01
Emily-2-1_M2-X1-none_Cr2-C1-none.POSCAR,4.79
Emily-2-1_M2-X1-T2_Cr2-C1-O2.POSCAR,7.79
Emily-2-1_M2-X1-T2_Cr2-C1-S2.POSCAR,5.45
Emily-2-1_M2-X1-T2_Cr2-C1-Te2.POSCAR,4.15
Emily-2-1_M2-X1-T2_Cr2-C1-F2.POSCAR,6.07
Emily-2-1_M2-X1-T2_Cr2-C1-Cl2.POSCAR,5.11
Emily-2-1_M2-X1-T2_Cr2-C1-Br2.POSCAR,4.6
Emily-2-1_M2-X1-T2_Cr2-C1-I2.POSCAR,4.15
Emily-2-1_M2-X1-T2_Cr2-C1-(H1O1)2.POSCAR,1.7
Emily-2-1_M2-X1-none_Zr2-C1-none.POSCAR,4.35
Emily-2-1_M2-X1-T2_Zr2-C1-O2.POSCAR,4.91
Emily-2-1_M2-X1-T2_Zr2-C1-Se2.POSCAR,5.85
Emily-2-1_M2-X1-T2_Zr2-C1-Te2.POSCAR,4.7
Emily-2-1_M2-X1-T2_Zr2-C1-F2.POSCAR,4.08
Emily-2-1_M2-X1-T2_Zr2-C1-Cl2.POSCAR,4.35
Emily-2-1_M2-X1-T2_Zr2-C1-Br2.POSCAR,4.12
Emily-2-1_M2-X1-T2_Zr2-C1-I2.POSCAR,3.88
Emily-2-1_M2-X1-T2_Zr2-C1-(H1N1)2.POSCAR,3.04
Emily-2-1_M2-X1-T2_Zr2-C1-(H1O1)2.POSCAR,2.06
Emily-2-1_M2-X1-none_Nb2-C1-none.POSCAR,4.6
Emily-2-1_M2-X1-T2_Nb2-C1-O2.POSCAR,5.8
Emily-2-1_M2-X1-T2_Nb2-C1-S2.POSCAR,5.78
Emily-2-1_M2-X1-T2_Nb2-C1-Se2.POSCAR,5.22
Emily-2-1_M2-X1-T2_Nb2-C1-Te2.POSCAR,4.5
Emily-2-1_M2-X1-T2_Nb2-C1-F2.POSCAR,4.4
Emily-2-1_M2-X1-T2_Nb2-C1-Cl2.POSCAR,4.2
Emily-2-1_M2-X1-T2_Nb2-C1-Br2.POSCAR,4.13
Emily-2-1_M2-X1-T2_Nb2-C1-I2.POSCAR,3.85
Emily-2-1_M2-X1-T2_Nb2-C1-(H1N1)2.POSCAR,3.12
Emily-2-1_M2-X1-T2_Nb2-C1-(H1O1)2.POSCAR,2.26
Emily-2-1_M2-X1-none_Mo2-C1-none.POSCAR,4.62
Emily-2-1_M2-X1-T2_Mo2-C1-O2.POSCAR,7.3
Emily-2-1_M2-X1-T2_Mo2-C1-S2.POSCAR,5.44
Emily-2-1_M2-X1-T2_Mo2-C1-Se2.POSCAR,4.44
Emily-2-1_M2-X1-T2_Mo2-C1-Te2.POSCAR,4.16
Emily-2-1_M2-X1-T2_Mo2-C1-F2.POSCAR,5.7
Emily-2-1_M2-X1-T2_Mo2-C1-Cl2.POSCAR,4.56
Emily-2-1_M2-X1-T2_Mo2-C1-Br2.POSCAR,4.03
Emily-2-1_M2-X1-T2_Mo2-C1-I2.POSCAR,3.8
Emily-2-1_M2-X1-T2_Mo2-C1-(H1N1)2.POSCAR,2.4
Emily-2-1_M2-X1-T2_Mo2-C1-(H1O1)2.POSCAR,2.06
Emily-2-1_M2-X1-T2_Hf2-C1-O2.POSCAR,4.84
Emily-2-1_M2-X1-T2_Hf2-C1-S2.POSCAR,6.25
Emily-2-1_M2-X1-T2_Hf2-C1-Se2.POSCAR,5.74
Emily-2-1_M2-X1-T2_Hf2-C1-Te2.POSCAR,4.6
Emily-2-1_M2-X1-T2_Hf2-C1-F2.POSCAR,3.51
Emily-2-1_M2-X1-T2_Hf2-C1-Cl2.POSCAR,4.01
Emily-2-1_M2-X1-T2_Hf2-C1-Br2.POSCAR,3.79
Emily-2-1_M2-X1-T2_Hf2-C1-I2.POSCAR,3.55
Emily-2-1_M2-X1-T2_Hf2-C1-(H1N1)2.POSCAR,2.89
Emily-2-1_M2-X1-T2_Hf2-C1-(H1O1)2.POSCAR,2.32
Emily-2-1_M2-X1-none_Ta2-C1-none.POSCAR,4.84
Emily-2-1_M2-X1-T2_Ta2-C1-O2.POSCAR,5.47
Emily-2-1_M2-X1-T2_Ta2-C1-S2.POSCAR,5.5
Emily-2-1_M2-X1-T2_Ta2-C1-Se2.POSCAR,4.96
Emily-2-1_M2-X1-T2_Ta2-C1-F2.POSCAR,3.88
Emily-2-1_M2-X1-T2_Ta2-C1-Cl2.POSCAR,3.88
Emily-2-1_M2-X1-T2_Ta2-C1-Br2.POSCAR,3.71
Emily-2-1_M2-X1-T2_Ta2-C1-I2.POSCAR,3.52
Emily-2-1_M2-X1-T2_Ta2-C1-(H1N1)2.POSCAR,2.76
Emily-2-1_M2-X1-T2_Ta2-C1-(H1O1)2.POSCAR,2.45
Emily-2-1_M2-X1-none_W2-C1-none.POSCAR,3.38
Emily-2-1_M2-X1-T2_W2-C1-O2.POSCAR,6.84
Emily-2-1_M2-X1-T2_W2-C1-Se2.POSCAR,4.26
Emily-2-1_M2-X1-T2_W2-C1-Te2.POSCAR,3.91
Emily-2-1_M2-X1-T2_W2-C1-F2.POSCAR,7.61
Emily-2-1_M2-X1-T2_W2-C1-Cl2.POSCAR,5.9
Emily-2-1_M2-X1-T2_W2-C1-Br2.POSCAR,3.88
Emily-2-1_M2-X1-T2_W2-C1-I2.POSCAR,3.56
Emily-2-1_M2-X1-T2_W2-C1-(H1N1)2.POSCAR,1.87
Emily-3-2_M3-X2-T2_Ti3-C2-O2.POSCAR,6.06
Emily-3-2_M3-X2-T2_Ti3-C2-S2.POSCAR,6.25
Emily-3-2_M3-X2-T2_Ti3-C2-Se2.POSCAR,5.29
Emily-3-2_M3-X2-T2_Ti3-C2-Te2.POSCAR,4.15
Emily-3-2_M3-X2-T2_Ti3-C2-F2.POSCAR,4.77
Emily-3-2_M3-X2-T2_Ti3-C2-Cl2.POSCAR,4.52
Emily-3-2_M3-X2-T2_Ti3-C2-Br2.POSCAR,4.16
Emily-3-2_M3-X2-T2_Ti3-C2-I2.POSCAR,3.66
Emily-3-2_M3-X2-T2_Ti3-C2-(H1N1)2.POSCAR,3.3
Emily-3-2_M3-X2-T2_Ti3-C2-(H1O1)2.POSCAR,2.05
Emily-3-2_M3-X2-none_V3-C2-none.POSCAR,4.59
Emily-3-2_M3-X2-T2_V3-C2-O2.POSCAR,6.49
Emily-3-2_M3-X2-T2_V3-C2-Se2.POSCAR,4.76
Emily-3-2_M3-X2-T2_V3-C2-Te2.POSCAR,4.04
Emily-3-2_M3-X2-T2_V3-C2-F2.POSCAR,5.69
Emily-3-2_M3-X2-T2_V3-C2-Cl2.POSCAR,4.74
Emily-3-2_M3-X2-T2_V3-C2-Br2.POSCAR,4.3
Emily-3-2_M3-X2-T2_V3-C2-I2.POSCAR,3.57
Emily-3-2_M3-X2-T2_V3-C2-(H1N1)2.POSCAR,2.65
Emily-3-2_M3-X2-T2_V3-C2-(H1O1)2.POSCAR,2.09
Emily-3-2_M3-X2-none_Cr3-C2-none.POSCAR,4.33
Emily-3-2_M3-X2-T2_Cr3-C2-O2.POSCAR,7.8
Emily-3-2_M3-X2-T2_Cr3-C2-S2.POSCAR,5.36
Emily-3-2_M3-X2-T2_Cr3-C2-Se2.POSCAR,4.44
Emily-3-2_M3-X2-T2_Cr3-C2-Te2.POSCAR,4.05
Emily-3-2_M3-X2-T2_Cr3-C2-F2.POSCAR,6.33
Emily-3-2_M3-X2-T2_Cr3-C2-Cl2.POSCAR,5.36
Emily-3-2_M3-X2-T2_Cr3-C2-Br2.POSCAR,4.69
Emily-3-2_M3-X2-T2_Cr3-C2-(H1N1)2.POSCAR,2.55
Emily-3-2_M3-X2-T2_Cr3-C2-(H1O1)2.POSCAR,1.67
Emily-3-2_M3-X2-none_Zr3-C2-none.POSCAR,4.11
Emily-3-2_M3-X2-T2_Zr3-C2-O2.POSCAR,5.26
Emily-3-2_M3-X2-T2_Zr3-C2-S2.POSCAR,6.41
Emily-3-2_M3-X2-T2_Zr3-C2-Se2.POSCAR,5.75
Emily-3-2_M3-X2-T2_Zr3-C2-Te2.POSCAR,4.54
Emily-3-2_M3-X2-T2_Zr3-C2-F2.POSCAR,3.79
Emily-3-2_M3-X2-T2_Zr3-C2-Cl2.POSCAR,4.23
Emily-3-2_M3-X2-T2_Zr3-C2-Br2.POSCAR,3.99
Emily-3-2_M3-X2-T2_Zr3-C2-I2.POSCAR,3.69
Emily-3-2_M3-X2-T2_Zr3-C2-(H1O1)2.POSCAR,2.17
Emily-3-2_M3-X2-none_Nb3-C2-none.POSCAR,4.63
Emily-3-2_M3-X2-T2_Nb3-C2-O2.POSCAR,5.52
Emily-3-2_M3-X2-T2_Nb3-C2-S2.POSCAR,5.51
Emily-3-2_M3-X2-T2_Nb3-C2-Se2.POSCAR,4.89
Emily-3-2_M3-X2-T2_Nb3-C2-Te2.POSCAR,4.1
Emily-3-2_M3-X2-T2_Nb3-C2-F2.POSCAR,4.76
Emily-3-2_M3-X2-T2_Nb3-C2-Cl2.POSCAR,4.07
Emily-3-2_M3-X2-T2_Nb3-C2-Br2.POSCAR,3.69
Emily-3-2_M3-X2-T2_Nb3-C2-I2.POSCAR,3.59
Emily-3-2_M3-X2-T2_Nb3-C2-(H1N1)2.POSCAR,3.31
Emily-3-2_M3-X2-none_Mo3-C2-none.POSCAR,4.63
Emily-3-2_M3-X2-T2_Mo3-C2-O2.POSCAR,7.44
Emily-3-2_M3-X2-T2_Mo3-C2-S2.POSCAR,5.5
Emily-3-2_M3-X2-T2_Mo3-C2-Se2.POSCAR,4.73
Emily-3-2_M3-X2-T2_Mo3-C2-Te2.POSCAR,3.95
Emily-3-2_M3-X2-T2_Mo3-C2-F2.POSCAR,5.95
Emily-3-2_M3-X2-T2_Mo3-C2-Cl2.POSCAR,4.44
Emily-3-2_M3-X2-T2_Mo3-C2-Br2.POSCAR,4.6
Emily-3-2_M3-X2-T2_Mo3-C2-I2.POSCAR,3.91
Emily-3-2_M3-X2-T2_Mo3-C2-(H1N1)2.POSCAR,2.59
Emily-3-2_M3-X2-T2_Mo3-C2-(H1O1)2.POSCAR,2.75
Emily-3-2_M3-X2-none_Hf3-C2-none.POSCAR,4.49
Emily-3-2_M3-X2-T2_Hf3-C2-O2.POSCAR,5.19
Emily-3-2_M3-X2-T2_Hf3-C2-S2.POSCAR,6.33
Emily-3-2_M3-X2-T2_Hf3-C2-Se2.POSCAR,5.62
Emily-3-2_M3-X2-T2_Hf3-C2-Te2.POSCAR,4.39
Emily-3-2_M3-X2-T2_Hf3-C2-F2.POSCAR,3.41
Emily-3-2_M3-X2-T2_Hf3-C2-Cl2.POSCAR,3.82
Emily-3-2_M3-X2-T2_Hf3-C2-Br2.POSCAR,3.62
Emily-3-2_M3-X2-T2_Hf3-C2-I2.POSCAR,3.39
Emily-3-2_M3-X2-T2_Hf3-C2-(H1N1)2.POSCAR,3.13
Emily-3-2_M3-X2-T2_Hf3-C2-(H1O1)2.POSCAR,2.46
Emily-3-2_M3-X2-none_Ta3-C2-none.POSCAR,4.9
Emily-3-2_M3-X2-T2_Ta3-C2-O2.POSCAR,5.25
Emily-3-2_M3-X2-T2_Ta3-C2-Se2.POSCAR,4.66
Emily-3-2_M3-X2-T2_Ta3-C2-Te2.POSCAR,3.86
Emily-3-2_M3-X2-T2_Ta3-C2-Cl2.POSCAR,3.65
Emily-3-2_M3-X2-T2_Ta3-C2-Br2.POSCAR,3.34
Emily-3-2_M3-X2-T2_Ta3-C2-I2.POSCAR,3.29
Emily-3-2_M3-X2-T2_Ta3-C2-(H1N1)2.POSCAR,2.28
Emily-3-2_M3-X2-T2_Ta3-C2-(H1O1)2.POSCAR,2.53
Emily-3-2_M3-X2-none_W3-C2-none.POSCAR,4.92
Emily-3-2_M3-X2-T2_W3-C2-O2.POSCAR,7.15
Emily-3-2_M3-X2-T2_W3-C2-S2.POSCAR,5.28
Emily-3-2_M3-X2-T2_W3-C2-Se2.POSCAR,4.54
Emily-3-2_M3-X2-T2_W3-C2-Te2.POSCAR,3.74
Emily-3-2_M3-X2-T2_W3-C2-F2.POSCAR,5.79
Emily-3-2_M3-X2-T2_W3-C2-Cl2.POSCAR,4.21
Emily-3-2_M3-X2-T2_W3-C2-Br2.POSCAR,4.93
Emily-3-2_M3-X2-T2_W3-C2-I2.POSCAR,3.69
Emily-3-2_M3-X2-T2_W3-C2-(H1N1)2.POSCAR,2.28
Emily-3-2_M3-X2-T2_W3-C2-(H1O1)2.POSCAR,3.05
Emily-4-3_M4-X3-none_Ti4-C3-none.POSCAR,4.04
Emily-4-3_M4-X3-T2_Ti4-C3-O2.POSCAR,6.15
Emily-4-3_M4-X3-T2_Ti4-C3-S2.POSCAR,6.18
Emily-4-3_M4-X3-T2_Ti4-C3-Se2.POSCAR,5.26
Emily-4-3_M4-X3-T2_Ti4-C3-Te2.POSCAR,4.18
Emily-4-3_M4-X3-T2_Ti4-C3-F2.POSCAR,4.69
Emily-4-3_M4-X3-T2_Ti4-C3-Br2.POSCAR,4
Emily-4-3_M4-X3-T2_Ti4-C3-I2.POSCAR,3.4
Emily-4-3_M4-X3-T2_Ti4-C3-(H1O1)2.POSCAR,1.94
Emily-4-3_M4-X3-none_V4-C3-none.POSCAR,4.53
Emily-4-3_M4-X3-T2_V4-C3-O2.POSCAR,6.56
Emily-4-3_M4-X3-T2_V4-C3-S2.POSCAR,5.33
Emily-4-3_M4-X3-T2_V4-C3-Se2.POSCAR,4.64
Emily-4-3_M4-X3-T2_V4-C3-Te2.POSCAR,3.92
Emily-4-3_M4-X3-T2_V4-C3-F2.POSCAR,5.72
Emily-4-3_M4-X3-T2_V4-C3-Cl2.POSCAR,4.65
Emily-4-3_M4-X3-T2_V4-C3-Br2.POSCAR,4.13
Emily-4-3_M4-X3-T2_V4-C3-I2.POSCAR,3.5
Emily-4-3_M4-X3-T2_V4-C3-(H1N1)2.POSCAR,2.74
Emily-4-3_M4-X3-T2_V4-C3-(H1O1)2.POSCAR,2.14
Emily-4-3_M4-X3-none_Cr4-C3-none.POSCAR,4.94
Emily-4-3_M4-X3-T2_Cr4-C3-O2.POSCAR,7.78
Emily-4-3_M4-X3-T2_Cr4-C3-Se2.POSCAR,4.41
Emily-4-3_M4-X3-T2_Cr4-C3-Te2.POSCAR,4.03
Emily-4-3_M4-X3-T2_Cr4-C3-F2.POSCAR,6.33
Emily-4-3_M4-X3-T2_Cr4-C3-Cl2.POSCAR,5.41
Emily-4-3_M4-X3-T2_Cr4-C3-Br2.POSCAR,4.61
Emily-4-3_M4-X3-T2_Cr4-C3-I2.POSCAR,3.5
Emily-4-3_M4-X3-T2_Cr4-C3-(H1N1)2.POSCAR,2.58
Emily-4-3_M4-X3-T2_Cr4-C3-(H1O1)2.POSCAR,2.74
Emily-4-3_M4-X3-none_Zr4-C3-none.POSCAR,4.03
Emily-4-3_M4-X3-T2_Zr4-C3-O2.POSCAR,5.49
Emily-4-3_M4-X3-T2_Zr4-C3-S2.POSCAR,6.41
Emily-4-3_M4-X3-T2_Zr4-C3-Se2.POSCAR,5.69
Emily-4-3_M4-X3-T2_Zr4-C3-Te2.POSCAR,4.44
Emily-4-3_M4-X3-T2_Zr4-C3-Cl2.POSCAR,4.14
Emily-4-3_M4-X3-T2_Zr4-C3-Br2.POSCAR,4.05
Emily-4-3_M4-X3-T2_Zr4-C3-I2.POSCAR,3.51
Emily-4-3_M4-X3-T2_Zr4-C3-(H1N1)2.POSCAR,3.27
Emily-4-3_M4-X3-T2_Nb4-C3-O2.POSCAR,5.61
Emily-4-3_M4-X3-T2_Nb4-C3-S2.POSCAR,6.03
Emily-4-3_M4-X3-T2_Nb4-C3-Se2.POSCAR,5.28
Emily-4-3_M4-X3-T2_Nb4-C3-Te2.POSCAR,4.31
Emily-4-3_M4-X3-T2_Nb4-C3-F2.POSCAR,4.89
Emily-4-3_M4-X3-T2_Nb4-C3-Cl2.POSCAR,4.19
Emily-4-3_M4-X3-T2_Nb4-C3-Br2.POSCAR,3.86
Emily-4-3_M4-X3-T2_Nb4-C3-I2.POSCAR,3.3
Emily-4-3_M4-X3-T2_Nb4-C3-(H1N1)2.POSCAR,3.38
Emily-4-3_M4-X3-T2_Nb4-C3-(H1O1)2.POSCAR,2.05
Emily-4-3_M4-X3-none_Mo4-C3-none.POSCAR,4.62
Emily-4-3_M4-X3-T2_Mo4-C3-O2.POSCAR,7.45
Emily-4-3_M4-X3-T2_Mo4-C3-S2.POSCAR,5.4
Emily-4-3_M4-X3-T2_Mo4-C3-Se2.POSCAR,4.61
Emily-4-3_M4-X3-T2_Mo4-C3-Te2.POSCAR,4.04
Emily-4-3_M4-X3-T2_Mo4-C3-F2.POSCAR,5.84
Emily-4-3_M4-X3-T2_Mo4-C3-Cl2.POSCAR,4.51
Emily-4-3_M4-X3-T2_Mo4-C3-Br2.POSCAR,4.69
Emily-4-3_M4-X3-T2_Mo4-C3-I2.POSCAR,3.79
Emily-4-3_M4-X3-T2_Mo4-C3-(H1N1)2.POSCAR,2.6
Emily-4-3_M4-X3-T2_Mo4-C3-(H1O1)2.POSCAR,2.75
Emily-4-3_M4-X3-none_Hf4-C3-none.POSCAR,4.51
Emily-4-3_M4-X3-T2_Hf4-C3-O2.POSCAR,5.41
Emily-4-3_M4-X3-T2_Hf4-C3-Se2.POSCAR,5.56
Emily-4-3_M4-X3-T2_Hf4-C3-Te2.POSCAR,4.35
Emily-4-3_M4-X3-T2_Hf4-C3-F2.POSCAR,3.26
Emily-4-3_M4-X3-T2_Hf4-C3-Cl2.POSCAR,3.73
Emily-4-3_M4-X3-T2_Hf4-C3-Br2.POSCAR,3.44
Emily-4-3_M4-X3-T2_Hf4-C3-I2.POSCAR,3.19
Emily-4-3_M4-X3-T2_Hf4-C3-(H1N1)2.POSCAR,3.13
Emily-4-3_M4-X3-T2_Hf4-C3-(H1O1)2.POSCAR,2.52
Emily-4-3_M4-X3-T2_Ta4-C3-S2.POSCAR,5.76
Emily-4-3_M4-X3-T2_Ta4-C3-Se2.POSCAR,5.15
Emily-4-3_M4-X3-T2_Ta4-C3-Te2.POSCAR,4.22
Emily-4-3_M4-X3-T2_Ta4-C3-F2.POSCAR,4.52
Emily-4-3_M4-X3-T2_Ta4-C3-Cl2.POSCAR,3.76
Emily-4-3_M4-X3-T2_Ta4-C3-Br2.POSCAR,3.53
Emily-4-3_M4-X3-T2_Ta4-C3-I2.POSCAR,3.13
Emily-4-3_M4-X3-T2_Ta4-C3-(H1N1)2.POSCAR,3.02
Emily-4-3_M4-X3-T2_Ta4-C3-(H1O1)2.POSCAR,2.5
Emily-4-3_M4-X3-none_W4-C3-none.POSCAR,4.98
Emily-4-3_M4-X3-T2_W4-C3-O2.POSCAR,7.09
Emily-4-3_M4-X3-T2_W4-C3-S2.POSCAR,5.24
Emily-4-3_M4-X3-T2_W4-C3-Se2.POSCAR,4.55
Emily-4-3_M4-X3-T2_W4-C3-Te2.POSCAR,3.64
Emily-4-3_M4-X3-T2_W4-C3-F2.POSCAR,5.73
Emily-4-3_M4-X3-T2_W4-C3-Cl2.POSCAR,4.33
Emily-4-3_M4-X3-T2_W4-C3-Br2.POSCAR,3.69
Emily-4-3_M4-X3-T2_W4-C3-I2.POSCAR,3.58
Emily-4-3_M4-X3-T2_W4-C3-(H1N1)2.POSCAR,2.32
Emily-4-3_M4-X3-T2_W4-C3-(H1O1)2.POSCAR,3.15
